2026-06-24 01:44:32 startup archives unpack
2026-06-24 01:44:32 install netbase:all <none> 6.4
2026-06-24 01:44:32 status half-installed netbase:all 6.4
2026-06-24 01:44:32 status unpacked netbase:all 6.4
2026-06-24 01:44:32 install readline-common:all <none> 8.2-1.3
2026-06-24 01:44:32 status half-installed readline-common:all 8.2-1.3
2026-06-24 01:44:32 status unpacked readline-common:all 8.2-1.3
2026-06-24 01:44:32 install libssl3:arm64 <none> 3.0.20-1~deb12u2
2026-06-24 01:44:32 status triggers-pending libc-bin:arm64 2.36-9+deb12u14
2026-06-24 01:44:32 status half-installed libssl3:arm64 3.0.20-1~deb12u2
2026-06-24 01:44:32 status unpacked libssl3:arm64 3.0.20-1~deb12u2
2026-06-24 01:44:32 install openssl:arm64 <none> 3.0.20-1~deb12u2
2026-06-24 01:44:32 status half-installed openssl:arm64 3.0.20-1~deb12u2
2026-06-24 01:44:32 status unpacked openssl:arm64 3.0.20-1~deb12u2
2026-06-24 01:44:32 install ca-certificates:all <none> 20230311+deb12u1
2026-06-24 01:44:32 status half-installed ca-certificates:all 20230311+deb12u1
2026-06-24 01:44:32 status unpacked ca-certificates:all 20230311+deb12u1
2026-06-24 01:44:32 install libpsl5:arm64 <none> 0.21.2-1
2026-06-24 01:44:32 status half-installed libpsl5:arm64 0.21.2-1
2026-06-24 01:44:32 status unpacked libpsl5:arm64 0.21.2-1
2026-06-24 01:44:32 install wget:arm64 <none> 1.21.3-1+deb12u1
2026-06-24 01:44:32 status half-installed wget:arm64 1.21.3-1+deb12u1
2026-06-24 01:44:32 status unpacked wget:arm64 1.21.3-1+deb12u1
2026-06-24 01:44:32 install libbrotli1:arm64 <none> 1.0.9-2+b6
2026-06-24 01:44:32 status half-installed libbrotli1:arm64 1.0.9-2+b6
2026-06-24 01:44:32 status unpacked libbrotli1:arm64 1.0.9-2+b6
2026-06-24 01:44:32 install libkrb5support0:arm64 <none> 1.20.1-2+deb12u5
2026-06-24 01:44:32 status half-installed libkrb5support0:arm64 1.20.1-2+deb12u5
2026-06-24 01:44:32 status unpacked libkrb5support0:arm64 1.20.1-2+deb12u5
2026-06-24 01:44:32 install libk5crypto3:arm64 <none> 1.20.1-2+deb12u5
2026-06-24 01:44:32 status half-installed libk5crypto3:arm64 1.20.1-2+deb12u5
2026-06-24 01:44:32 status unpacked libk5crypto3:arm64 1.20.1-2+deb12u5
2026-06-24 01:44:32 install libkeyutils1:arm64 <none> 1.6.3-2
2026-06-24 01:44:32 status half-installed libkeyutils1:arm64 1.6.3-2
2026-06-24 01:44:32 status unpacked libkeyutils1:arm64 1.6.3-2
2026-06-24 01:44:32 install libkrb5-3:arm64 <none> 1.20.1-2+deb12u5
2026-06-24 01:44:32 status half-installed libkrb5-3:arm64 1.20.1-2+deb12u5
2026-06-24 01:44:33 status unpacked libkrb5-3:arm64 1.20.1-2+deb12u5
2026-06-24 01:44:33 install libgssapi-krb5-2:arm64 <none> 1.20.1-2+deb12u5
2026-06-24 01:44:33 status half-installed libgssapi-krb5-2:arm64 1.20.1-2+deb12u5
2026-06-24 01:44:33 status unpacked libgssapi-krb5-2:arm64 1.20.1-2+deb12u5
2026-06-24 01:44:33 install libsasl2-modules-db:arm64 <none> 2.1.28+dfsg-10
2026-06-24 01:44:33 status half-installed libsasl2-modules-db:arm64 2.1.28+dfsg-10
2026-06-24 01:44:33 status unpacked libsasl2-modules-db:arm64 2.1.28+dfsg-10
2026-06-24 01:44:33 install libsasl2-2:arm64 <none> 2.1.28+dfsg-10
2026-06-24 01:44:33 status half-installed libsasl2-2:arm64 2.1.28+dfsg-10
2026-06-24 01:44:33 status unpacked libsasl2-2:arm64 2.1.28+dfsg-10
2026-06-24 01:44:33 install libldap-2.5-0:arm64 <none> 2.5.13+dfsg-5
2026-06-24 01:44:33 status half-installed libldap-2.5-0:arm64 2.5.13+dfsg-5
2026-06-24 01:44:33 status unpacked libldap-2.5-0:arm64 2.5.13+dfsg-5
2026-06-24 01:44:33 install libnghttp2-14:arm64 <none> 1.52.0-1+deb12u3
2026-06-24 01:44:33 status half-installed libnghttp2-14:arm64 1.52.0-1+deb12u3
2026-06-24 01:44:33 status unpacked libnghttp2-14:arm64 1.52.0-1+deb12u3
2026-06-24 01:44:33 install librtmp1:arm64 <none> 2.4+20151223.gitfa8646d.1-2+b2
2026-06-24 01:44:33 status half-installed librtmp1:arm64 2.4+20151223.gitfa8646d.1-2+b2
2026-06-24 01:44:33 status unpacked librtmp1:arm64 2.4+20151223.gitfa8646d.1-2+b2
2026-06-24 01:44:33 install libssh2-1:arm64 <none> 1.10.0-3+b1
2026-06-24 01:44:33 status half-installed libssh2-1:arm64 1.10.0-3+b1
2026-06-24 01:44:33 status unpacked libssh2-1:arm64 1.10.0-3+b1
2026-06-24 01:44:33 install libcurl4:arm64 <none> 7.88.1-10+deb12u14
2026-06-24 01:44:33 status half-installed libcurl4:arm64 7.88.1-10+deb12u14
2026-06-24 01:44:33 status unpacked libcurl4:arm64 7.88.1-10+deb12u14
2026-06-24 01:44:33 install curl:arm64 <none> 7.88.1-10+deb12u14
2026-06-24 01:44:33 status half-installed curl:arm64 7.88.1-10+deb12u14
2026-06-24 01:44:33 status unpacked curl:arm64 7.88.1-10+deb12u14
2026-06-24 01:44:33 install libassuan0:arm64 <none> 2.5.5-5
2026-06-24 01:44:33 status half-installed libassuan0:arm64 2.5.5-5
2026-06-24 01:44:33 status unpacked libassuan0:arm64 2.5.5-5
2026-06-24 01:44:33 install libreadline8:arm64 <none> 8.2-1.3
2026-06-24 01:44:33 status half-installed libreadline8:arm64 8.2-1.3
2026-06-24 01:44:33 status unpacked libreadline8:arm64 8.2-1.3
2026-06-24 01:44:33 install gpgconf:arm64 <none> 2.2.40-1.1+deb12u2
2026-06-24 01:44:33 status half-installed gpgconf:arm64 2.2.40-1.1+deb12u2
2026-06-24 01:44:33 status unpacked gpgconf:arm64 2.2.40-1.1+deb12u2
2026-06-24 01:44:33 install libksba8:arm64 <none> 1.6.3-2
2026-06-24 01:44:33 status half-installed libksba8:arm64 1.6.3-2
2026-06-24 01:44:33 status unpacked libksba8:arm64 1.6.3-2
2026-06-24 01:44:33 install libnpth0:arm64 <none> 1.6-3
2026-06-24 01:44:33 status half-installed libnpth0:arm64 1.6-3
2026-06-24 01:44:33 status unpacked libnpth0:arm64 1.6-3
2026-06-24 01:44:33 install dirmngr:arm64 <none> 2.2.40-1.1+deb12u2
2026-06-24 01:44:33 status half-installed dirmngr:arm64 2.2.40-1.1+deb12u2
2026-06-24 01:44:33 status unpacked dirmngr:arm64 2.2.40-1.1+deb12u2
2026-06-24 01:44:33 install gnupg-l10n:all <none> 2.2.40-1.1+deb12u2
2026-06-24 01:44:33 status half-installed gnupg-l10n:all 2.2.40-1.1+deb12u2
2026-06-24 01:44:33 status unpacked gnupg-l10n:all 2.2.40-1.1+deb12u2
2026-06-24 01:44:33 install gnupg-utils:arm64 <none> 2.2.40-1.1+deb12u2
2026-06-24 01:44:33 status half-installed gnupg-utils:arm64 2.2.40-1.1+deb12u2
2026-06-24 01:44:34 status unpacked gnupg-utils:arm64 2.2.40-1.1+deb12u2
2026-06-24 01:44:34 install libsqlite3-0:arm64 <none> 3.40.1-2+deb12u2
2026-06-24 01:44:34 status half-installed libsqlite3-0:arm64 3.40.1-2+deb12u2
2026-06-24 01:44:34 status unpacked libsqlite3-0:arm64 3.40.1-2+deb12u2
2026-06-24 01:44:34 install gpg:arm64 <none> 2.2.40-1.1+deb12u2
2026-06-24 01:44:34 status half-installed gpg:arm64 2.2.40-1.1+deb12u2
2026-06-24 01:44:34 status unpacked gpg:arm64 2.2.40-1.1+deb12u2
2026-06-24 01:44:34 install libncursesw6:arm64 <none> 6.4-4
2026-06-24 01:44:34 status half-installed libncursesw6:arm64 6.4-4
2026-06-24 01:44:34 status unpacked libncursesw6:arm64 6.4-4
2026-06-24 01:44:34 install pinentry-curses:arm64 <none> 1.2.1-1
2026-06-24 01:44:34 status half-installed pinentry-curses:arm64 1.2.1-1
2026-06-24 01:44:34 status unpacked pinentry-curses:arm64 1.2.1-1
2026-06-24 01:44:34 install gpg-agent:arm64 <none> 2.2.40-1.1+deb12u2
2026-06-24 01:44:34 status half-installed gpg-agent:arm64 2.2.40-1.1+deb12u2
2026-06-24 01:44:34 status unpacked gpg-agent:arm64 2.2.40-1.1+deb12u2
2026-06-24 01:44:34 install gpg-wks-client:arm64 <none> 2.2.40-1.1+deb12u2
2026-06-24 01:44:34 status half-installed gpg-wks-client:arm64 2.2.40-1.1+deb12u2
2026-06-24 01:44:34 status unpacked gpg-wks-client:arm64 2.2.40-1.1+deb12u2
2026-06-24 01:44:34 install gpg-wks-server:arm64 <none> 2.2.40-1.1+deb12u2
2026-06-24 01:44:34 status half-installed gpg-wks-server:arm64 2.2.40-1.1+deb12u2
2026-06-24 01:44:34 status unpacked gpg-wks-server:arm64 2.2.40-1.1+deb12u2
2026-06-24 01:44:34 install gpgsm:arm64 <none> 2.2.40-1.1+deb12u2
2026-06-24 01:44:34 status half-installed gpgsm:arm64 2.2.40-1.1+deb12u2
2026-06-24 01:44:34 status unpacked gpgsm:arm64 2.2.40-1.1+deb12u2
2026-06-24 01:44:34 install gnupg:all <none> 2.2.40-1.1+deb12u2
2026-06-24 01:44:34 status half-installed gnupg:all 2.2.40-1.1+deb12u2
2026-06-24 01:44:34 status unpacked gnupg:all 2.2.40-1.1+deb12u2
2026-06-24 01:44:34 install sq:arm64 <none> 0.27.0-2+b1
2026-06-24 01:44:34 status half-installed sq:arm64 0.27.0-2+b1
2026-06-24 01:44:34 status unpacked sq:arm64 0.27.0-2+b1
2026-06-24 01:44:34 startup packages configure
2026-06-24 01:44:34 configure libksba8:arm64 1.6.3-2 <none>
2026-06-24 01:44:34 status unpacked libksba8:arm64 1.6.3-2
2026-06-24 01:44:34 status half-configured libksba8:arm64 1.6.3-2
2026-06-24 01:44:34 status installed libksba8:arm64 1.6.3-2
2026-06-24 01:44:34 configure libkeyutils1:arm64 1.6.3-2 <none>
2026-06-24 01:44:34 status unpacked libkeyutils1:arm64 1.6.3-2
2026-06-24 01:44:34 status half-configured libkeyutils1:arm64 1.6.3-2
2026-06-24 01:44:34 status installed libkeyutils1:arm64 1.6.3-2
2026-06-24 01:44:34 configure libpsl5:arm64 0.21.2-1 <none>
2026-06-24 01:44:34 status unpacked libpsl5:arm64 0.21.2-1
2026-06-24 01:44:34 status half-configured libpsl5:arm64 0.21.2-1
2026-06-24 01:44:34 status installed libpsl5:arm64 0.21.2-1
2026-06-24 01:44:34 configure wget:arm64 1.21.3-1+deb12u1 <none>
2026-06-24 01:44:34 status unpacked wget:arm64 1.21.3-1+deb12u1
2026-06-24 01:44:34 status half-configured wget:arm64 1.21.3-1+deb12u1
2026-06-24 01:44:34 status installed wget:arm64 1.21.3-1+deb12u1
2026-06-24 01:44:34 configure libbrotli1:arm64 1.0.9-2+b6 <none>
2026-06-24 01:44:34 status unpacked libbrotli1:arm64 1.0.9-2+b6
2026-06-24 01:44:34 status half-configured libbrotli1:arm64 1.0.9-2+b6
2026-06-24 01:44:34 status installed libbrotli1:arm64 1.0.9-2+b6
2026-06-24 01:44:34 configure libsqlite3-0:arm64 3.40.1-2+deb12u2 <none>
2026-06-24 01:44:34 status unpacked libsqlite3-0:arm64 3.40.1-2+deb12u2
2026-06-24 01:44:34 status half-configured libsqlite3-0:arm64 3.40.1-2+deb12u2
2026-06-24 01:44:34 status installed libsqlite3-0:arm64 3.40.1-2+deb12u2
2026-06-24 01:44:34 configure libssl3:arm64 3.0.20-1~deb12u2 <none>
2026-06-24 01:44:34 status unpacked libssl3:arm64 3.0.20-1~deb12u2
2026-06-24 01:44:34 status half-configured libssl3:arm64 3.0.20-1~deb12u2
2026-06-24 01:44:34 status installed libssl3:arm64 3.0.20-1~deb12u2
2026-06-24 01:44:34 configure libnghttp2-14:arm64 1.52.0-1+deb12u3 <none>
2026-06-24 01:44:34 status unpacked libnghttp2-14:arm64 1.52.0-1+deb12u3
2026-06-24 01:44:34 status half-configured libnghttp2-14:arm64 1.52.0-1+deb12u3
2026-06-24 01:44:34 status installed libnghttp2-14:arm64 1.52.0-1+deb12u3
2026-06-24 01:44:34 configure libnpth0:arm64 1.6-3 <none>
2026-06-24 01:44:34 status unpacked libnpth0:arm64 1.6-3
2026-06-24 01:44:34 status half-configured libnpth0:arm64 1.6-3
2026-06-24 01:44:34 status installed libnpth0:arm64 1.6-3
2026-06-24 01:44:34 configure sq:arm64 0.27.0-2+b1 <none>
2026-06-24 01:44:34 status unpacked sq:arm64 0.27.0-2+b1
2026-06-24 01:44:34 status half-configured sq:arm64 0.27.0-2+b1
2026-06-24 01:44:34 status installed sq:arm64 0.27.0-2+b1
2026-06-24 01:44:34 configure libassuan0:arm64 2.5.5-5 <none>
2026-06-24 01:44:34 status unpacked libassuan0:arm64 2.5.5-5
2026-06-24 01:44:34 status half-configured libassuan0:arm64 2.5.5-5
2026-06-24 01:44:34 status installed libassuan0:arm64 2.5.5-5
2026-06-24 01:44:34 configure libkrb5support0:arm64 1.20.1-2+deb12u5 <none>
2026-06-24 01:44:34 status unpacked libkrb5support0:arm64 1.20.1-2+deb12u5
2026-06-24 01:44:34 status half-configured libkrb5support0:arm64 1.20.1-2+deb12u5
2026-06-24 01:44:34 status installed libkrb5support0:arm64 1.20.1-2+deb12u5
2026-06-24 01:44:34 configure libsasl2-modules-db:arm64 2.1.28+dfsg-10 <none>
2026-06-24 01:44:34 status unpacked libsasl2-modules-db:arm64 2.1.28+dfsg-10
2026-06-24 01:44:34 status half-configured libsasl2-modules-db:arm64 2.1.28+dfsg-10
2026-06-24 01:44:34 status installed libsasl2-modules-db:arm64 2.1.28+dfsg-10
2026-06-24 01:44:34 configure gnupg-l10n:all 2.2.40-1.1+deb12u2 <none>
2026-06-24 01:44:34 status unpacked gnupg-l10n:all 2.2.40-1.1+deb12u2
2026-06-24 01:44:34 status half-configured gnupg-l10n:all 2.2.40-1.1+deb12u2
2026-06-24 01:44:34 status installed gnupg-l10n:all 2.2.40-1.1+deb12u2
2026-06-24 01:44:34 configure librtmp1:arm64 2.4+20151223.gitfa8646d.1-2+b2 <none>
2026-06-24 01:44:34 status unpacked librtmp1:arm64 2.4+20151223.gitfa8646d.1-2+b2
2026-06-24 01:44:34 status half-configured librtmp1:arm64 2.4+20151223.gitfa8646d.1-2+b2
2026-06-24 01:44:34 status installed librtmp1:arm64 2.4+20151223.gitfa8646d.1-2+b2
2026-06-24 01:44:34 configure libncursesw6:arm64 6.4-4 <none>
2026-06-24 01:44:34 status unpacked libncursesw6:arm64 6.4-4
2026-06-24 01:44:35 status half-configured libncursesw6:arm64 6.4-4
2026-06-24 01:44:35 status installed libncursesw6:arm64 6.4-4
2026-06-24 01:44:35 configure libk5crypto3:arm64 1.20.1-2+deb12u5 <none>
2026-06-24 01:44:35 status unpacked libk5crypto3:arm64 1.20.1-2+deb12u5
2026-06-24 01:44:35 status half-configured libk5crypto3:arm64 1.20.1-2+deb12u5
2026-06-24 01:44:35 status installed libk5crypto3:arm64 1.20.1-2+deb12u5
2026-06-24 01:44:35 configure libsasl2-2:arm64 2.1.28+dfsg-10 <none>
2026-06-24 01:44:35 status unpacked libsasl2-2:arm64 2.1.28+dfsg-10
2026-06-24 01:44:35 status half-configured libsasl2-2:arm64 2.1.28+dfsg-10
2026-06-24 01:44:35 status installed libsasl2-2:arm64 2.1.28+dfsg-10
2026-06-24 01:44:35 configure libssh2-1:arm64 1.10.0-3+b1 <none>
2026-06-24 01:44:35 status unpacked libssh2-1:arm64 1.10.0-3+b1
2026-06-24 01:44:35 status half-configured libssh2-1:arm64 1.10.0-3+b1
2026-06-24 01:44:35 status installed libssh2-1:arm64 1.10.0-3+b1
2026-06-24 01:44:35 configure netbase:all 6.4 <none>
2026-06-24 01:44:35 status unpacked netbase:all 6.4
2026-06-24 01:44:35 status half-configured netbase:all 6.4
2026-06-24 01:44:35 status installed netbase:all 6.4
2026-06-24 01:44:35 configure libkrb5-3:arm64 1.20.1-2+deb12u5 <none>
2026-06-24 01:44:35 status unpacked libkrb5-3:arm64 1.20.1-2+deb12u5
2026-06-24 01:44:35 status half-configured libkrb5-3:arm64 1.20.1-2+deb12u5
2026-06-24 01:44:35 status installed libkrb5-3:arm64 1.20.1-2+deb12u5
2026-06-24 01:44:35 configure openssl:arm64 3.0.20-1~deb12u2 <none>
2026-06-24 01:44:35 status unpacked openssl:arm64 3.0.20-1~deb12u2
2026-06-24 01:44:35 status half-configured openssl:arm64 3.0.20-1~deb12u2
2026-06-24 01:44:35 status installed openssl:arm64 3.0.20-1~deb12u2
2026-06-24 01:44:35 configure readline-common:all 8.2-1.3 <none>
2026-06-24 01:44:35 status unpacked readline-common:all 8.2-1.3
2026-06-24 01:44:35 status half-configured readline-common:all 8.2-1.3
2026-06-24 01:44:35 status installed readline-common:all 8.2-1.3
2026-06-24 01:44:35 configure pinentry-curses:arm64 1.2.1-1 <none>
2026-06-24 01:44:35 status unpacked pinentry-curses:arm64 1.2.1-1
2026-06-24 01:44:35 status half-configured pinentry-curses:arm64 1.2.1-1
2026-06-24 01:44:35 status installed pinentry-curses:arm64 1.2.1-1
2026-06-24 01:44:35 configure libreadline8:arm64 8.2-1.3 <none>
2026-06-24 01:44:35 status unpacked libreadline8:arm64 8.2-1.3
2026-06-24 01:44:35 status half-configured libreadline8:arm64 8.2-1.3
2026-06-24 01:44:35 status installed libreadline8:arm64 8.2-1.3
2026-06-24 01:44:35 configure libldap-2.5-0:arm64 2.5.13+dfsg-5 <none>
2026-06-24 01:44:35 status unpacked libldap-2.5-0:arm64 2.5.13+dfsg-5
2026-06-24 01:44:35 status half-configured libldap-2.5-0:arm64 2.5.13+dfsg-5
2026-06-24 01:44:35 status installed libldap-2.5-0:arm64 2.5.13+dfsg-5
2026-06-24 01:44:35 configure ca-certificates:all 20230311+deb12u1 <none>
2026-06-24 01:44:35 status unpacked ca-certificates:all 20230311+deb12u1
2026-06-24 01:44:35 status half-configured ca-certificates:all 20230311+deb12u1
2026-06-24 01:44:36 status installed ca-certificates:all 20230311+deb12u1
2026-06-24 01:44:36 status triggers-pending ca-certificates:all 20230311+deb12u1
2026-06-24 01:44:36 configure libgssapi-krb5-2:arm64 1.20.1-2+deb12u5 <none>
2026-06-24 01:44:36 status unpacked libgssapi-krb5-2:arm64 1.20.1-2+deb12u5
2026-06-24 01:44:36 status half-configured libgssapi-krb5-2:arm64 1.20.1-2+deb12u5
2026-06-24 01:44:36 status installed libgssapi-krb5-2:arm64 1.20.1-2+deb12u5
2026-06-24 01:44:36 configure gpgconf:arm64 2.2.40-1.1+deb12u2 <none>
2026-06-24 01:44:36 status unpacked gpgconf:arm64 2.2.40-1.1+deb12u2
2026-06-24 01:44:36 status half-configured gpgconf:arm64 2.2.40-1.1+deb12u2
2026-06-24 01:44:36 status installed gpgconf:arm64 2.2.40-1.1+deb12u2
2026-06-24 01:44:36 configure libcurl4:arm64 7.88.1-10+deb12u14 <none>
2026-06-24 01:44:36 status unpacked libcurl4:arm64 7.88.1-10+deb12u14
2026-06-24 01:44:36 status half-configured libcurl4:arm64 7.88.1-10+deb12u14
2026-06-24 01:44:36 status installed libcurl4:arm64 7.88.1-10+deb12u14
2026-06-24 01:44:36 configure curl:arm64 7.88.1-10+deb12u14 <none>
2026-06-24 01:44:36 status unpacked curl:arm64 7.88.1-10+deb12u14
2026-06-24 01:44:36 status half-configured curl:arm64 7.88.1-10+deb12u14
2026-06-24 01:44:36 status installed curl:arm64 7.88.1-10+deb12u14
2026-06-24 01:44:36 configure gpg:arm64 2.2.40-1.1+deb12u2 <none>
2026-06-24 01:44:36 status unpacked gpg:arm64 2.2.40-1.1+deb12u2
2026-06-24 01:44:36 status half-configured gpg:arm64 2.2.40-1.1+deb12u2
2026-06-24 01:44:36 status installed gpg:arm64 2.2.40-1.1+deb12u2
2026-06-24 01:44:36 configure gnupg-utils:arm64 2.2.40-1.1+deb12u2 <none>
2026-06-24 01:44:36 status unpacked gnupg-utils:arm64 2.2.40-1.1+deb12u2
2026-06-24 01:44:36 status half-configured gnupg-utils:arm64 2.2.40-1.1+deb12u2
2026-06-24 01:44:36 status installed gnupg-utils:arm64 2.2.40-1.1+deb12u2
2026-06-24 01:44:36 configure gpg-agent:arm64 2.2.40-1.1+deb12u2 <none>
2026-06-24 01:44:36 status unpacked gpg-agent:arm64 2.2.40-1.1+deb12u2
2026-06-24 01:44:36 status half-configured gpg-agent:arm64 2.2.40-1.1+deb12u2
2026-06-24 01:44:36 status installed gpg-agent:arm64 2.2.40-1.1+deb12u2
2026-06-24 01:44:36 configure gpgsm:arm64 2.2.40-1.1+deb12u2 <none>
2026-06-24 01:44:36 status unpacked gpgsm:arm64 2.2.40-1.1+deb12u2
2026-06-24 01:44:36 status half-configured gpgsm:arm64 2.2.40-1.1+deb12u2
2026-06-24 01:44:36 status installed gpgsm:arm64 2.2.40-1.1+deb12u2
2026-06-24 01:44:36 configure dirmngr:arm64 2.2.40-1.1+deb12u2 <none>
2026-06-24 01:44:36 status unpacked dirmngr:arm64 2.2.40-1.1+deb12u2
2026-06-24 01:44:36 status half-configured dirmngr:arm64 2.2.40-1.1+deb12u2
2026-06-24 01:44:36 status installed dirmngr:arm64 2.2.40-1.1+deb12u2
2026-06-24 01:44:36 configure gpg-wks-server:arm64 2.2.40-1.1+deb12u2 <none>
2026-06-24 01:44:36 status unpacked gpg-wks-server:arm64 2.2.40-1.1+deb12u2
2026-06-24 01:44:36 status half-configured gpg-wks-server:arm64 2.2.40-1.1+deb12u2
2026-06-24 01:44:36 status installed gpg-wks-server:arm64 2.2.40-1.1+deb12u2
2026-06-24 01:44:36 configure gpg-wks-client:arm64 2.2.40-1.1+deb12u2 <none>
2026-06-24 01:44:36 status unpacked gpg-wks-client:arm64 2.2.40-1.1+deb12u2
2026-06-24 01:44:36 status half-configured gpg-wks-client:arm64 2.2.40-1.1+deb12u2
2026-06-24 01:44:36 status installed gpg-wks-client:arm64 2.2.40-1.1+deb12u2
2026-06-24 01:44:36 configure gnupg:all 2.2.40-1.1+deb12u2 <none>
2026-06-24 01:44:36 status unpacked gnupg:all 2.2.40-1.1+deb12u2
2026-06-24 01:44:36 status half-configured gnupg:all 2.2.40-1.1+deb12u2
2026-06-24 01:44:36 status installed gnupg:all 2.2.40-1.1+deb12u2
2026-06-24 01:44:36 trigproc libc-bin:arm64 2.36-9+deb12u14 <none>
2026-06-24 01:44:36 status half-configured libc-bin:arm64 2.36-9+deb12u14
2026-06-24 01:44:36 status installed libc-bin:arm64 2.36-9+deb12u14
2026-06-24 01:44:36 trigproc ca-certificates:all 20230311+deb12u1 <none>
2026-06-24 01:44:36 status half-configured ca-certificates:all 20230311+deb12u1
2026-06-24 01:44:37 status installed ca-certificates:all 20230311+deb12u1
2026-06-24 02:35:02 startup archives unpack
2026-06-24 02:35:03 install perl-modules-5.36:all <none> 5.36.0-7+deb12u3
2026-06-24 02:35:03 status half-installed perl-modules-5.36:all 5.36.0-7+deb12u3
2026-06-24 02:35:03 status unpacked perl-modules-5.36:all 5.36.0-7+deb12u3
2026-06-24 02:35:03 install libgdbm6:arm64 <none> 1.23-3
2026-06-24 02:35:03 status triggers-pending libc-bin:arm64 2.36-9+deb12u14
2026-06-24 02:35:03 status half-installed libgdbm6:arm64 1.23-3
2026-06-24 02:35:03 status unpacked libgdbm6:arm64 1.23-3
2026-06-24 02:35:03 install libgdbm-compat4:arm64 <none> 1.23-3
2026-06-24 02:35:03 status half-installed libgdbm-compat4:arm64 1.23-3
2026-06-24 02:35:03 status unpacked libgdbm-compat4:arm64 1.23-3
2026-06-24 02:35:03 install libperl5.36:arm64 <none> 5.36.0-7+deb12u3
2026-06-24 02:35:03 status half-installed libperl5.36:arm64 5.36.0-7+deb12u3
2026-06-24 02:35:03 status unpacked libperl5.36:arm64 5.36.0-7+deb12u3
2026-06-24 02:35:03 install perl:arm64 <none> 5.36.0-7+deb12u3
2026-06-24 02:35:03 status half-installed perl:arm64 5.36.0-7+deb12u3
2026-06-24 02:35:03 status unpacked perl:arm64 5.36.0-7+deb12u3
2026-06-24 02:35:03 install libpython3.11-minimal:arm64 <none> 3.11.2-6+deb12u7
2026-06-24 02:35:03 status half-installed libpython3.11-minimal:arm64 3.11.2-6+deb12u7
2026-06-24 02:35:03 status unpacked libpython3.11-minimal:arm64 3.11.2-6+deb12u7
2026-06-24 02:35:03 install libexpat1:arm64 <none> 2.5.0-1+deb12u2
2026-06-24 02:35:03 status half-installed libexpat1:arm64 2.5.0-1+deb12u2
2026-06-24 02:35:03 status unpacked libexpat1:arm64 2.5.0-1+deb12u2
2026-06-24 02:35:03 install python3.11-minimal:arm64 <none> 3.11.2-6+deb12u7
2026-06-24 02:35:03 status half-installed python3.11-minimal:arm64 3.11.2-6+deb12u7
2026-06-24 02:35:03 status unpacked python3.11-minimal:arm64 3.11.2-6+deb12u7
2026-06-24 02:35:03 startup packages configure
2026-06-24 02:35:03 configure libpython3.11-minimal:arm64 3.11.2-6+deb12u7 <none>
2026-06-24 02:35:03 status unpacked libpython3.11-minimal:arm64 3.11.2-6+deb12u7
2026-06-24 02:35:03 status half-configured libpython3.11-minimal:arm64 3.11.2-6+deb12u7
2026-06-24 02:35:03 status installed libpython3.11-minimal:arm64 3.11.2-6+deb12u7
2026-06-24 02:35:03 configure libexpat1:arm64 2.5.0-1+deb12u2 <none>
2026-06-24 02:35:03 status unpacked libexpat1:arm64 2.5.0-1+deb12u2
2026-06-24 02:35:03 status half-configured libexpat1:arm64 2.5.0-1+deb12u2
2026-06-24 02:35:03 status installed libexpat1:arm64 2.5.0-1+deb12u2
2026-06-24 02:35:03 configure python3.11-minimal:arm64 3.11.2-6+deb12u7 <none>
2026-06-24 02:35:03 status unpacked python3.11-minimal:arm64 3.11.2-6+deb12u7
2026-06-24 02:35:03 status half-configured python3.11-minimal:arm64 3.11.2-6+deb12u7
2026-06-24 02:35:04 status installed python3.11-minimal:arm64 3.11.2-6+deb12u7
2026-06-24 02:35:04 startup archives unpack
2026-06-24 02:35:04 install python3-minimal:arm64 <none> 3.11.2-1+b1
2026-06-24 02:35:04 status half-installed python3-minimal:arm64 3.11.2-1+b1
2026-06-24 02:35:04 status unpacked python3-minimal:arm64 3.11.2-1+b1
2026-06-24 02:35:04 install media-types:all <none> 10.0.0
2026-06-24 02:35:04 status half-installed media-types:all 10.0.0
2026-06-24 02:35:04 status unpacked media-types:all 10.0.0
2026-06-24 02:35:04 install libtirpc-common:all <none> 1.3.3+ds-1
2026-06-24 02:35:04 status half-installed libtirpc-common:all 1.3.3+ds-1
2026-06-24 02:35:04 status unpacked libtirpc-common:all 1.3.3+ds-1
2026-06-24 02:35:04 install libtirpc3:arm64 <none> 1.3.3+ds-1
2026-06-24 02:35:04 status half-installed libtirpc3:arm64 1.3.3+ds-1
2026-06-24 02:35:04 status unpacked libtirpc3:arm64 1.3.3+ds-1
2026-06-24 02:35:04 install libnsl2:arm64 <none> 1.3.0-2
2026-06-24 02:35:04 status half-installed libnsl2:arm64 1.3.0-2
2026-06-24 02:35:04 status unpacked libnsl2:arm64 1.3.0-2
2026-06-24 02:35:04 install libpython3.11-stdlib:arm64 <none> 3.11.2-6+deb12u7
2026-06-24 02:35:04 status half-installed libpython3.11-stdlib:arm64 3.11.2-6+deb12u7
2026-06-24 02:35:04 status unpacked libpython3.11-stdlib:arm64 3.11.2-6+deb12u7
2026-06-24 02:35:04 install python3.11:arm64 <none> 3.11.2-6+deb12u7
2026-06-24 02:35:04 status half-installed python3.11:arm64 3.11.2-6+deb12u7
2026-06-24 02:35:04 status unpacked python3.11:arm64 3.11.2-6+deb12u7
2026-06-24 02:35:04 install libpython3-stdlib:arm64 <none> 3.11.2-1+b1
2026-06-24 02:35:04 status half-installed libpython3-stdlib:arm64 3.11.2-1+b1
2026-06-24 02:35:04 status unpacked libpython3-stdlib:arm64 3.11.2-1+b1
2026-06-24 02:35:04 startup packages configure
2026-06-24 02:35:04 configure python3-minimal:arm64 3.11.2-1+b1 <none>
2026-06-24 02:35:04 status unpacked python3-minimal:arm64 3.11.2-1+b1
2026-06-24 02:35:04 status half-configured python3-minimal:arm64 3.11.2-1+b1
2026-06-24 02:35:04 status installed python3-minimal:arm64 3.11.2-1+b1
2026-06-24 02:35:04 startup archives unpack
2026-06-24 02:35:04 install python3:arm64 <none> 3.11.2-1+b1
2026-06-24 02:35:04 status half-installed python3:arm64 3.11.2-1+b1
2026-06-24 02:35:04 status unpacked python3:arm64 3.11.2-1+b1
2026-06-24 02:35:04 install libproc2-0:arm64 <none> 2:4.0.2-3
2026-06-24 02:35:04 status half-installed libproc2-0:arm64 2:4.0.2-3
2026-06-24 02:35:04 status unpacked libproc2-0:arm64 2:4.0.2-3
2026-06-24 02:35:04 install procps:arm64 <none> 2:4.0.2-3
2026-06-24 02:35:04 status half-installed procps:arm64 2:4.0.2-3
2026-06-24 02:35:05 status unpacked procps:arm64 2:4.0.2-3
2026-06-24 02:35:05 install sensible-utils:all <none> 0.0.17+nmu1
2026-06-24 02:35:05 status half-installed sensible-utils:all 0.0.17+nmu1
2026-06-24 02:35:05 status unpacked sensible-utils:all 0.0.17+nmu1
2026-06-24 02:35:05 install libbsd0:arm64 <none> 0.11.7-2
2026-06-24 02:35:05 status half-installed libbsd0:arm64 0.11.7-2
2026-06-24 02:35:05 status unpacked libbsd0:arm64 0.11.7-2
2026-06-24 02:35:05 install libedit2:arm64 <none> 3.1-20221030-2
2026-06-24 02:35:05 status half-installed libedit2:arm64 3.1-20221030-2
2026-06-24 02:35:05 status unpacked libedit2:arm64 3.1-20221030-2
2026-06-24 02:35:05 install libcbor0.8:arm64 <none> 0.8.0-2+b1
2026-06-24 02:35:05 status half-installed libcbor0.8:arm64 0.8.0-2+b1
2026-06-24 02:35:05 status unpacked libcbor0.8:arm64 0.8.0-2+b1
2026-06-24 02:35:05 install libfido2-1:arm64 <none> 1.12.0-2+b1
2026-06-24 02:35:05 status half-installed libfido2-1:arm64 1.12.0-2+b1
2026-06-24 02:35:05 status unpacked libfido2-1:arm64 1.12.0-2+b1
2026-06-24 02:35:05 install openssh-client:arm64 <none> 1:9.2p1-2+deb12u10
2026-06-24 02:35:05 status half-installed openssh-client:arm64 1:9.2p1-2+deb12u10
2026-06-24 02:35:05 status unpacked openssh-client:arm64 1:9.2p1-2+deb12u10
2026-06-24 02:35:05 install ucf:all <none> 3.0043+nmu1+deb12u1
2026-06-24 02:35:05 status half-installed ucf:all 3.0043+nmu1+deb12u1
2026-06-24 02:35:05 status unpacked ucf:all 3.0043+nmu1+deb12u1
2026-06-24 02:35:05 install libcurl3-gnutls:arm64 <none> 7.88.1-10+deb12u14
2026-06-24 02:35:05 status half-installed libcurl3-gnutls:arm64 7.88.1-10+deb12u14
2026-06-24 02:35:05 status unpacked libcurl3-gnutls:arm64 7.88.1-10+deb12u14
2026-06-24 02:35:05 install liberror-perl:all <none> 0.17029-2
2026-06-24 02:35:05 status half-installed liberror-perl:all 0.17029-2
2026-06-24 02:35:05 status unpacked liberror-perl:all 0.17029-2
2026-06-24 02:35:05 install git-man:all <none> 1:2.39.5-0+deb12u3
2026-06-24 02:35:05 status half-installed git-man:all 1:2.39.5-0+deb12u3
2026-06-24 02:35:05 status unpacked git-man:all 1:2.39.5-0+deb12u3
2026-06-24 02:35:05 install git:arm64 <none> 1:2.39.5-0+deb12u3
2026-06-24 02:35:05 status half-installed git:arm64 1:2.39.5-0+deb12u3
2026-06-24 02:35:05 status unpacked git:arm64 1:2.39.5-0+deb12u3
2026-06-24 02:35:05 install libapr1:arm64 <none> 1.7.2-3+deb12u1
2026-06-24 02:35:05 status half-installed libapr1:arm64 1.7.2-3+deb12u1
2026-06-24 02:35:05 status unpacked libapr1:arm64 1.7.2-3+deb12u1
2026-06-24 02:35:05 install libaprutil1:arm64 <none> 1.6.3-1
2026-06-24 02:35:05 status half-installed libaprutil1:arm64 1.6.3-1
2026-06-24 02:35:05 status unpacked libaprutil1:arm64 1.6.3-1
2026-06-24 02:35:05 install libserf-1-1:arm64 <none> 1.3.9-11
2026-06-24 02:35:05 status half-installed libserf-1-1:arm64 1.3.9-11
2026-06-24 02:35:05 status unpacked libserf-1-1:arm64 1.3.9-11
2026-06-24 02:35:05 install libutf8proc2:arm64 <none> 2.8.0-1
2026-06-24 02:35:05 status half-installed libutf8proc2:arm64 2.8.0-1
2026-06-24 02:35:05 status unpacked libutf8proc2:arm64 2.8.0-1
2026-06-24 02:35:05 install libsvn1:arm64 <none> 1.14.2-4+deb12u1
2026-06-24 02:35:05 status half-installed libsvn1:arm64 1.14.2-4+deb12u1
2026-06-24 02:35:06 status unpacked libsvn1:arm64 1.14.2-4+deb12u1
2026-06-24 02:35:06 install mercurial-common:all <none> 6.3.2-1+deb12u1
2026-06-24 02:35:06 status half-installed mercurial-common:all 6.3.2-1+deb12u1
2026-06-24 02:35:06 status unpacked mercurial-common:all 6.3.2-1+deb12u1
2026-06-24 02:35:06 install mercurial:arm64 <none> 6.3.2-1+deb12u1
2026-06-24 02:35:06 status half-installed mercurial:arm64 6.3.2-1+deb12u1
2026-06-24 02:35:06 status unpacked mercurial:arm64 6.3.2-1+deb12u1
2026-06-24 02:35:06 install subversion:arm64 <none> 1.14.2-4+deb12u1
2026-06-24 02:35:06 status half-installed subversion:arm64 1.14.2-4+deb12u1
2026-06-24 02:35:06 status unpacked subversion:arm64 1.14.2-4+deb12u1
2026-06-24 02:35:06 startup packages configure
2026-06-24 02:35:06 configure media-types:all 10.0.0 <none>
2026-06-24 02:35:06 status unpacked media-types:all 10.0.0
2026-06-24 02:35:06 status half-configured media-types:all 10.0.0
2026-06-24 02:35:06 status installed media-types:all 10.0.0
2026-06-24 02:35:06 configure libtirpc-common:all 1.3.3+ds-1 <none>
2026-06-24 02:35:06 status unpacked libtirpc-common:all 1.3.3+ds-1
2026-06-24 02:35:06 status half-configured libtirpc-common:all 1.3.3+ds-1
2026-06-24 02:35:06 status installed libtirpc-common:all 1.3.3+ds-1
2026-06-24 02:35:06 configure libcbor0.8:arm64 0.8.0-2+b1 <none>
2026-06-24 02:35:06 status unpacked libcbor0.8:arm64 0.8.0-2+b1
2026-06-24 02:35:06 status half-configured libcbor0.8:arm64 0.8.0-2+b1
2026-06-24 02:35:06 status installed libcbor0.8:arm64 0.8.0-2+b1
2026-06-24 02:35:06 configure libutf8proc2:arm64 2.8.0-1 <none>
2026-06-24 02:35:06 status unpacked libutf8proc2:arm64 2.8.0-1
2026-06-24 02:35:06 status half-configured libutf8proc2:arm64 2.8.0-1
2026-06-24 02:35:06 status installed libutf8proc2:arm64 2.8.0-1
2026-06-24 02:35:06 configure libapr1:arm64 1.7.2-3+deb12u1 <none>
2026-06-24 02:35:06 status unpacked libapr1:arm64 1.7.2-3+deb12u1
2026-06-24 02:35:06 status half-configured libapr1:arm64 1.7.2-3+deb12u1
2026-06-24 02:35:06 status installed libapr1:arm64 1.7.2-3+deb12u1
2026-06-24 02:35:06 configure libcurl3-gnutls:arm64 7.88.1-10+deb12u14 <none>
2026-06-24 02:35:06 status unpacked libcurl3-gnutls:arm64 7.88.1-10+deb12u14
2026-06-24 02:35:06 status half-configured libcurl3-gnutls:arm64 7.88.1-10+deb12u14
2026-06-24 02:35:06 status installed libcurl3-gnutls:arm64 7.88.1-10+deb12u14
2026-06-24 02:35:06 configure perl-modules-5.36:all 5.36.0-7+deb12u3 <none>
2026-06-24 02:35:06 status unpacked perl-modules-5.36:all 5.36.0-7+deb12u3
2026-06-24 02:35:06 status half-configured perl-modules-5.36:all 5.36.0-7+deb12u3
2026-06-24 02:35:06 status installed perl-modules-5.36:all 5.36.0-7+deb12u3
2026-06-24 02:35:06 configure libproc2-0:arm64 2:4.0.2-3 <none>
2026-06-24 02:35:06 status unpacked libproc2-0:arm64 2:4.0.2-3
2026-06-24 02:35:06 status half-configured libproc2-0:arm64 2:4.0.2-3
2026-06-24 02:35:06 status installed libproc2-0:arm64 2:4.0.2-3
2026-06-24 02:35:06 configure sensible-utils:all 0.0.17+nmu1 <none>
2026-06-24 02:35:06 status unpacked sensible-utils:all 0.0.17+nmu1
2026-06-24 02:35:06 status half-configured sensible-utils:all 0.0.17+nmu1
2026-06-24 02:35:06 status installed sensible-utils:all 0.0.17+nmu1
2026-06-24 02:35:06 configure procps:arm64 2:4.0.2-3 <none>
2026-06-24 02:35:06 status unpacked procps:arm64 2:4.0.2-3
2026-06-24 02:35:06 status half-configured procps:arm64 2:4.0.2-3
2026-06-24 02:35:06 status installed procps:arm64 2:4.0.2-3
2026-06-24 02:35:06 configure git-man:all 1:2.39.5-0+deb12u3 <none>
2026-06-24 02:35:06 status unpacked git-man:all 1:2.39.5-0+deb12u3
2026-06-24 02:35:06 status half-configured git-man:all 1:2.39.5-0+deb12u3
2026-06-24 02:35:06 status installed git-man:all 1:2.39.5-0+deb12u3
2026-06-24 02:35:06 configure libfido2-1:arm64 1.12.0-2+b1 <none>
2026-06-24 02:35:06 status unpacked libfido2-1:arm64 1.12.0-2+b1
2026-06-24 02:35:06 status half-configured libfido2-1:arm64 1.12.0-2+b1
2026-06-24 02:35:06 status installed libfido2-1:arm64 1.12.0-2+b1
2026-06-24 02:35:06 configure libbsd0:arm64 0.11.7-2 <none>
2026-06-24 02:35:06 status unpacked libbsd0:arm64 0.11.7-2
2026-06-24 02:35:06 status half-configured libbsd0:arm64 0.11.7-2
2026-06-24 02:35:06 status installed libbsd0:arm64 0.11.7-2
2026-06-24 02:35:06 configure libgdbm6:arm64 1.23-3 <none>
2026-06-24 02:35:06 status unpacked libgdbm6:arm64 1.23-3
2026-06-24 02:35:06 status half-configured libgdbm6:arm64 1.23-3
2026-06-24 02:35:06 status installed libgdbm6:arm64 1.23-3
2026-06-24 02:35:06 configure libaprutil1:arm64 1.6.3-1 <none>
2026-06-24 02:35:06 status unpacked libaprutil1:arm64 1.6.3-1
2026-06-24 02:35:06 status half-configured libaprutil1:arm64 1.6.3-1
2026-06-24 02:35:06 status installed libaprutil1:arm64 1.6.3-1
2026-06-24 02:35:06 configure libtirpc3:arm64 1.3.3+ds-1 <none>
2026-06-24 02:35:06 status unpacked libtirpc3:arm64 1.3.3+ds-1
2026-06-24 02:35:06 status half-configured libtirpc3:arm64 1.3.3+ds-1
2026-06-24 02:35:06 status installed libtirpc3:arm64 1.3.3+ds-1
2026-06-24 02:35:06 configure libedit2:arm64 3.1-20221030-2 <none>
2026-06-24 02:35:06 status unpacked libedit2:arm64 3.1-20221030-2
2026-06-24 02:35:06 status half-configured libedit2:arm64 3.1-20221030-2
2026-06-24 02:35:06 status installed libedit2:arm64 3.1-20221030-2
2026-06-24 02:35:06 configure libserf-1-1:arm64 1.3.9-11 <none>
2026-06-24 02:35:06 status unpacked libserf-1-1:arm64 1.3.9-11
2026-06-24 02:35:06 status half-configured libserf-1-1:arm64 1.3.9-11
2026-06-24 02:35:06 status installed libserf-1-1:arm64 1.3.9-11
2026-06-24 02:35:06 configure libgdbm-compat4:arm64 1.23-3 <none>
2026-06-24 02:35:06 status unpacked libgdbm-compat4:arm64 1.23-3
2026-06-24 02:35:06 status half-configured libgdbm-compat4:arm64 1.23-3
2026-06-24 02:35:06 status installed libgdbm-compat4:arm64 1.23-3
2026-06-24 02:35:06 configure ucf:all 3.0043+nmu1+deb12u1 <none>
2026-06-24 02:35:06 status unpacked ucf:all 3.0043+nmu1+deb12u1
2026-06-24 02:35:06 status half-configured ucf:all 3.0043+nmu1+deb12u1
2026-06-24 02:35:06 status installed ucf:all 3.0043+nmu1+deb12u1
2026-06-24 02:35:06 configure libnsl2:arm64 1.3.0-2 <none>
2026-06-24 02:35:06 status unpacked libnsl2:arm64 1.3.0-2
2026-06-24 02:35:06 status half-configured libnsl2:arm64 1.3.0-2
2026-06-24 02:35:06 status installed libnsl2:arm64 1.3.0-2
2026-06-24 02:35:06 configure libsvn1:arm64 1.14.2-4+deb12u1 <none>
2026-06-24 02:35:06 status unpacked libsvn1:arm64 1.14.2-4+deb12u1
2026-06-24 02:35:06 status half-configured libsvn1:arm64 1.14.2-4+deb12u1
2026-06-24 02:35:06 status installed libsvn1:arm64 1.14.2-4+deb12u1
2026-06-24 02:35:06 configure libperl5.36:arm64 5.36.0-7+deb12u3 <none>
2026-06-24 02:35:06 status unpacked libperl5.36:arm64 5.36.0-7+deb12u3
2026-06-24 02:35:06 status half-configured libperl5.36:arm64 5.36.0-7+deb12u3
2026-06-24 02:35:06 status installed libperl5.36:arm64 5.36.0-7+deb12u3
2026-06-24 02:35:06 configure openssh-client:arm64 1:9.2p1-2+deb12u10 <none>
2026-06-24 02:35:06 status unpacked openssh-client:arm64 1:9.2p1-2+deb12u10
2026-06-24 02:35:06 status half-configured openssh-client:arm64 1:9.2p1-2+deb12u10
2026-06-24 02:35:06 status installed openssh-client:arm64 1:9.2p1-2+deb12u10
2026-06-24 02:35:06 configure libpython3.11-stdlib:arm64 3.11.2-6+deb12u7 <none>
2026-06-24 02:35:06 status unpacked libpython3.11-stdlib:arm64 3.11.2-6+deb12u7
2026-06-24 02:35:06 status half-configured libpython3.11-stdlib:arm64 3.11.2-6+deb12u7
2026-06-24 02:35:06 status installed libpython3.11-stdlib:arm64 3.11.2-6+deb12u7
2026-06-24 02:35:06 configure subversion:arm64 1.14.2-4+deb12u1 <none>
2026-06-24 02:35:06 status unpacked subversion:arm64 1.14.2-4+deb12u1
2026-06-24 02:35:06 status half-configured subversion:arm64 1.14.2-4+deb12u1
2026-06-24 02:35:06 status installed subversion:arm64 1.14.2-4+deb12u1
2026-06-24 02:35:06 configure perl:arm64 5.36.0-7+deb12u3 <none>
2026-06-24 02:35:06 status unpacked perl:arm64 5.36.0-7+deb12u3
2026-06-24 02:35:06 status half-configured perl:arm64 5.36.0-7+deb12u3
2026-06-24 02:35:06 status installed perl:arm64 5.36.0-7+deb12u3
2026-06-24 02:35:06 configure libpython3-stdlib:arm64 3.11.2-1+b1 <none>
2026-06-24 02:35:06 status unpacked libpython3-stdlib:arm64 3.11.2-1+b1
2026-06-24 02:35:06 status half-configured libpython3-stdlib:arm64 3.11.2-1+b1
2026-06-24 02:35:06 status installed libpython3-stdlib:arm64 3.11.2-1+b1
2026-06-24 02:35:06 configure python3.11:arm64 3.11.2-6+deb12u7 <none>
2026-06-24 02:35:06 status unpacked python3.11:arm64 3.11.2-6+deb12u7
2026-06-24 02:35:06 status half-configured python3.11:arm64 3.11.2-6+deb12u7
2026-06-24 02:35:07 status installed python3.11:arm64 3.11.2-6+deb12u7
2026-06-24 02:35:07 configure python3:arm64 3.11.2-1+b1 <none>
2026-06-24 02:35:07 status unpacked python3:arm64 3.11.2-1+b1
2026-06-24 02:35:07 status half-configured python3:arm64 3.11.2-1+b1
2026-06-24 02:35:07 status installed python3:arm64 3.11.2-1+b1
2026-06-24 02:35:07 configure liberror-perl:all 0.17029-2 <none>
2026-06-24 02:35:07 status unpacked liberror-perl:all 0.17029-2
2026-06-24 02:35:07 status half-configured liberror-perl:all 0.17029-2
2026-06-24 02:35:07 status installed liberror-perl:all 0.17029-2
2026-06-24 02:35:07 configure git:arm64 1:2.39.5-0+deb12u3 <none>
2026-06-24 02:35:07 status unpacked git:arm64 1:2.39.5-0+deb12u3
2026-06-24 02:35:07 status half-configured git:arm64 1:2.39.5-0+deb12u3
2026-06-24 02:35:07 status installed git:arm64 1:2.39.5-0+deb12u3
2026-06-24 02:35:07 configure mercurial-common:all 6.3.2-1+deb12u1 <none>
2026-06-24 02:35:07 status unpacked mercurial-common:all 6.3.2-1+deb12u1
2026-06-24 02:35:07 status half-configured mercurial-common:all 6.3.2-1+deb12u1
2026-06-24 02:35:08 status installed mercurial-common:all 6.3.2-1+deb12u1
2026-06-24 02:35:08 configure mercurial:arm64 6.3.2-1+deb12u1 <none>
2026-06-24 02:35:08 status unpacked mercurial:arm64 6.3.2-1+deb12u1
2026-06-24 02:35:08 status half-configured mercurial:arm64 6.3.2-1+deb12u1
2026-06-24 02:35:08 status installed mercurial:arm64 6.3.2-1+deb12u1
2026-06-24 02:35:08 trigproc libc-bin:arm64 2.36-9+deb12u14 <none>
2026-06-24 02:35:08 status half-configured libc-bin:arm64 2.36-9+deb12u14
2026-06-24 02:35:08 status installed libc-bin:arm64 2.36-9+deb12u14
2026-06-24 03:15:58 startup archives unpack
2026-06-24 03:15:58 install imagemagick-6-common:all <none> 8:6.9.11.60+dfsg-1.6+deb12u11
2026-06-24 03:15:58 status half-installed imagemagick-6-common:all 8:6.9.11.60+dfsg-1.6+deb12u11
2026-06-24 03:15:58 status unpacked imagemagick-6-common:all 8:6.9.11.60+dfsg-1.6+deb12u11
2026-06-24 03:15:58 install libmagickcore-6-headers:all <none> 8:6.9.11.60+dfsg-1.6+deb12u11
2026-06-24 03:15:58 status half-installed libmagickcore-6-headers:all 8:6.9.11.60+dfsg-1.6+deb12u11
2026-06-24 03:15:58 status unpacked libmagickcore-6-headers:all 8:6.9.11.60+dfsg-1.6+deb12u11
2026-06-24 03:15:58 install libmagickcore-6-arch-config:arm64 <none> 8:6.9.11.60+dfsg-1.6+deb12u11
2026-06-24 03:15:58 status half-installed libmagickcore-6-arch-config:arm64 8:6.9.11.60+dfsg-1.6+deb12u11
2026-06-24 03:15:58 status unpacked libmagickcore-6-arch-config:arm64 8:6.9.11.60+dfsg-1.6+deb12u11
2026-06-24 03:15:58 install libgomp1:arm64 <none> 12.2.0-14+deb12u1
2026-06-24 03:15:58 status triggers-pending libc-bin:arm64 2.36-9+deb12u14
2026-06-24 03:15:58 status half-installed libgomp1:arm64 12.2.0-14+deb12u1
2026-06-24 03:15:58 status unpacked libgomp1:arm64 12.2.0-14+deb12u1
2026-06-24 03:15:58 install libfftw3-double3:arm64 <none> 3.3.10-1
2026-06-24 03:15:58 status half-installed libfftw3-double3:arm64 3.3.10-1
2026-06-24 03:15:58 status unpacked libfftw3-double3:arm64 3.3.10-1
2026-06-24 03:15:58 install libpng16-16:arm64 <none> 1.6.39-2+deb12u5
2026-06-24 03:15:58 status half-installed libpng16-16:arm64 1.6.39-2+deb12u5
2026-06-24 03:15:59 status unpacked libpng16-16:arm64 1.6.39-2+deb12u5
2026-06-24 03:15:59 install libfreetype6:arm64 <none> 2.12.1+dfsg-5+deb12u4
2026-06-24 03:15:59 status half-installed libfreetype6:arm64 2.12.1+dfsg-5+deb12u4
2026-06-24 03:15:59 status unpacked libfreetype6:arm64 2.12.1+dfsg-5+deb12u4
2026-06-24 03:15:59 install fonts-dejavu-core:all <none> 2.37-6
2026-06-24 03:15:59 status half-installed fonts-dejavu-core:all 2.37-6
2026-06-24 03:15:59 status unpacked fonts-dejavu-core:all 2.37-6
2026-06-24 03:15:59 install fontconfig-config:arm64 <none> 2.14.1-4
2026-06-24 03:15:59 status half-installed fontconfig-config:arm64 2.14.1-4
2026-06-24 03:15:59 status unpacked fontconfig-config:arm64 2.14.1-4
2026-06-24 03:15:59 install libfontconfig1:arm64 <none> 2.14.1-4
2026-06-24 03:15:59 status half-installed libfontconfig1:arm64 2.14.1-4
2026-06-24 03:15:59 status unpacked libfontconfig1:arm64 2.14.1-4
2026-06-24 03:15:59 install libaom3:arm64 <none> 3.6.0-1+deb12u2
2026-06-24 03:15:59 status half-installed libaom3:arm64 3.6.0-1+deb12u2
2026-06-24 03:15:59 status unpacked libaom3:arm64 3.6.0-1+deb12u2
2026-06-24 03:15:59 install libdav1d6:arm64 <none> 1.0.0-2+deb12u1
2026-06-24 03:15:59 status half-installed libdav1d6:arm64 1.0.0-2+deb12u1
2026-06-24 03:15:59 status unpacked libdav1d6:arm64 1.0.0-2+deb12u1
2026-06-24 03:15:59 install libde265-0:arm64 <none> 1.0.11-1+deb12u2
2026-06-24 03:15:59 status half-installed libde265-0:arm64 1.0.11-1+deb12u2
2026-06-24 03:15:59 status unpacked libde265-0:arm64 1.0.11-1+deb12u2
2026-06-24 03:15:59 install libnuma1:arm64 <none> 2.0.16-1
2026-06-24 03:15:59 status half-installed libnuma1:arm64 2.0.16-1
2026-06-24 03:15:59 status unpacked libnuma1:arm64 2.0.16-1
2026-06-24 03:15:59 install libx265-199:arm64 <none> 3.5-2+b1
2026-06-24 03:15:59 status half-installed libx265-199:arm64 3.5-2+b1
2026-06-24 03:15:59 status unpacked libx265-199:arm64 3.5-2+b1
2026-06-24 03:15:59 install libheif1:arm64 <none> 1.15.1-1+deb12u1
2026-06-24 03:15:59 status half-installed libheif1:arm64 1.15.1-1+deb12u1
2026-06-24 03:15:59 status unpacked libheif1:arm64 1.15.1-1+deb12u1
2026-06-24 03:15:59 install libjbig0:arm64 <none> 2.1-6.1
2026-06-24 03:15:59 status half-installed libjbig0:arm64 2.1-6.1
2026-06-24 03:15:59 status unpacked libjbig0:arm64 2.1-6.1
2026-06-24 03:15:59 install libjpeg62-turbo:arm64 <none> 1:2.1.5-2
2026-06-24 03:15:59 status half-installed libjpeg62-turbo:arm64 1:2.1.5-2
2026-06-24 03:15:59 status unpacked libjpeg62-turbo:arm64 1:2.1.5-2
2026-06-24 03:15:59 install liblcms2-2:arm64 <none> 2.14-2+deb12u1
2026-06-24 03:15:59 status half-installed liblcms2-2:arm64 2.14-2+deb12u1
2026-06-24 03:15:59 status unpacked liblcms2-2:arm64 2.14-2+deb12u1
2026-06-24 03:15:59 install libglib2.0-0:arm64 <none> 2.74.6-2+deb12u9
2026-06-24 03:15:59 status half-installed libglib2.0-0:arm64 2.74.6-2+deb12u9
2026-06-24 03:15:59 status unpacked libglib2.0-0:arm64 2.74.6-2+deb12u9
2026-06-24 03:15:59 install liblqr-1-0:arm64 <none> 0.4.2-2.1
2026-06-24 03:15:59 status half-installed liblqr-1-0:arm64 0.4.2-2.1
2026-06-24 03:15:59 status unpacked liblqr-1-0:arm64 0.4.2-2.1
2026-06-24 03:15:59 install libltdl7:arm64 <none> 2.4.7-7~deb12u1
2026-06-24 03:15:59 status half-installed libltdl7:arm64 2.4.7-7~deb12u1
2026-06-24 03:15:59 status unpacked libltdl7:arm64 2.4.7-7~deb12u1
2026-06-24 03:15:59 install libopenjp2-7:arm64 <none> 2.5.0-2+deb12u3
2026-06-24 03:15:59 status half-installed libopenjp2-7:arm64 2.5.0-2+deb12u3
2026-06-24 03:15:59 status unpacked libopenjp2-7:arm64 2.5.0-2+deb12u3
2026-06-24 03:15:59 install libdeflate0:arm64 <none> 1.14-1
2026-06-24 03:15:59 status half-installed libdeflate0:arm64 1.14-1
2026-06-24 03:15:59 status unpacked libdeflate0:arm64 1.14-1
2026-06-24 03:16:00 install liblerc4:arm64 <none> 4.0.0+ds-2
2026-06-24 03:16:00 status half-installed liblerc4:arm64 4.0.0+ds-2
2026-06-24 03:16:00 status unpacked liblerc4:arm64 4.0.0+ds-2
2026-06-24 03:16:00 install libwebp7:arm64 <none> 1.2.4-0.2+deb12u1
2026-06-24 03:16:00 status half-installed libwebp7:arm64 1.2.4-0.2+deb12u1
2026-06-24 03:16:00 status unpacked libwebp7:arm64 1.2.4-0.2+deb12u1
2026-06-24 03:16:00 install libtiff6:arm64 <none> 4.5.0-6+deb12u4
2026-06-24 03:16:00 status half-installed libtiff6:arm64 4.5.0-6+deb12u4
2026-06-24 03:16:00 status unpacked libtiff6:arm64 4.5.0-6+deb12u4
2026-06-24 03:16:00 install libwebpdemux2:arm64 <none> 1.2.4-0.2+deb12u1
2026-06-24 03:16:00 status half-installed libwebpdemux2:arm64 1.2.4-0.2+deb12u1
2026-06-24 03:16:00 status unpacked libwebpdemux2:arm64 1.2.4-0.2+deb12u1
2026-06-24 03:16:00 install libwebpmux3:arm64 <none> 1.2.4-0.2+deb12u1
2026-06-24 03:16:00 status half-installed libwebpmux3:arm64 1.2.4-0.2+deb12u1
2026-06-24 03:16:00 status unpacked libwebpmux3:arm64 1.2.4-0.2+deb12u1
2026-06-24 03:16:00 install libxau6:arm64 <none> 1:1.0.9-1
2026-06-24 03:16:00 status half-installed libxau6:arm64 1:1.0.9-1
2026-06-24 03:16:00 status unpacked libxau6:arm64 1:1.0.9-1
2026-06-24 03:16:00 install libxdmcp6:arm64 <none> 1:1.1.2-3
2026-06-24 03:16:00 status half-installed libxdmcp6:arm64 1:1.1.2-3
2026-06-24 03:16:00 status unpacked libxdmcp6:arm64 1:1.1.2-3
2026-06-24 03:16:00 install libxcb1:arm64 <none> 1.15-1
2026-06-24 03:16:00 status half-installed libxcb1:arm64 1.15-1
2026-06-24 03:16:00 status unpacked libxcb1:arm64 1.15-1
2026-06-24 03:16:00 install libx11-data:all <none> 2:1.8.4-2+deb12u2
2026-06-24 03:16:00 status half-installed libx11-data:all 2:1.8.4-2+deb12u2
2026-06-24 03:16:00 status unpacked libx11-data:all 2:1.8.4-2+deb12u2
2026-06-24 03:16:00 install libx11-6:arm64 <none> 2:1.8.4-2+deb12u2
2026-06-24 03:16:00 status half-installed libx11-6:arm64 2:1.8.4-2+deb12u2
2026-06-24 03:16:00 status unpacked libx11-6:arm64 2:1.8.4-2+deb12u2
2026-06-24 03:16:00 install libxext6:arm64 <none> 2:1.3.4-1+b1
2026-06-24 03:16:00 status half-installed libxext6:arm64 2:1.3.4-1+b1
2026-06-24 03:16:00 status unpacked libxext6:arm64 2:1.3.4-1+b1
2026-06-24 03:16:00 install libicu72:arm64 <none> 72.1-3+deb12u1
2026-06-24 03:16:00 status half-installed libicu72:arm64 72.1-3+deb12u1
2026-06-24 03:16:00 status unpacked libicu72:arm64 72.1-3+deb12u1
2026-06-24 03:16:00 install libxml2:arm64 <none> 2.9.14+dfsg-1.3~deb12u5
2026-06-24 03:16:00 status half-installed libxml2:arm64 2.9.14+dfsg-1.3~deb12u5
2026-06-24 03:16:00 status unpacked libxml2:arm64 2.9.14+dfsg-1.3~deb12u5
2026-06-24 03:16:00 install libmagickcore-6.q16-6:arm64 <none> 8:6.9.11.60+dfsg-1.6+deb12u11
2026-06-24 03:16:00 status half-installed libmagickcore-6.q16-6:arm64 8:6.9.11.60+dfsg-1.6+deb12u11
2026-06-24 03:16:01 status unpacked libmagickcore-6.q16-6:arm64 8:6.9.11.60+dfsg-1.6+deb12u11
2026-06-24 03:16:01 install libpixman-1-0:arm64 <none> 0.42.2-1
2026-06-24 03:16:01 status half-installed libpixman-1-0:arm64 0.42.2-1
2026-06-24 03:16:01 status unpacked libpixman-1-0:arm64 0.42.2-1
2026-06-24 03:16:01 install libxcb-render0:arm64 <none> 1.15-1
2026-06-24 03:16:01 status half-installed libxcb-render0:arm64 1.15-1
2026-06-24 03:16:01 status unpacked libxcb-render0:arm64 1.15-1
2026-06-24 03:16:01 install libxcb-shm0:arm64 <none> 1.15-1
2026-06-24 03:16:01 status half-installed libxcb-shm0:arm64 1.15-1
2026-06-24 03:16:01 status unpacked libxcb-shm0:arm64 1.15-1
2026-06-24 03:16:01 install libxrender1:arm64 <none> 1:0.9.10-1.1
2026-06-24 03:16:01 status half-installed libxrender1:arm64 1:0.9.10-1.1
2026-06-24 03:16:01 status unpacked libxrender1:arm64 1:0.9.10-1.1
2026-06-24 03:16:01 install libcairo2:arm64 <none> 1.16.0-7
2026-06-24 03:16:01 status half-installed libcairo2:arm64 1.16.0-7
2026-06-24 03:16:01 status unpacked libcairo2:arm64 1.16.0-7
2026-06-24 03:16:01 install libdjvulibre-text:all <none> 3.5.28-2.2~deb12u1
2026-06-24 03:16:01 status half-installed libdjvulibre-text:all 3.5.28-2.2~deb12u1
2026-06-24 03:16:01 status unpacked libdjvulibre-text:all 3.5.28-2.2~deb12u1
2026-06-24 03:16:01 install libdjvulibre21:arm64 <none> 3.5.28-2.2~deb12u1
2026-06-24 03:16:01 status half-installed libdjvulibre21:arm64 3.5.28-2.2~deb12u1
2026-06-24 03:16:01 status unpacked libdjvulibre21:arm64 3.5.28-2.2~deb12u1
2026-06-24 03:16:01 install libmagickwand-6.q16-6:arm64 <none> 8:6.9.11.60+dfsg-1.6+deb12u11
2026-06-24 03:16:01 status half-installed libmagickwand-6.q16-6:arm64 8:6.9.11.60+dfsg-1.6+deb12u11
2026-06-24 03:16:01 status unpacked libmagickwand-6.q16-6:arm64 8:6.9.11.60+dfsg-1.6+deb12u11
2026-06-24 03:16:01 install libimath-3-1-29:arm64 <none> 3.1.6-1
2026-06-24 03:16:01 status half-installed libimath-3-1-29:arm64 3.1.6-1
2026-06-24 03:16:01 status unpacked libimath-3-1-29:arm64 3.1.6-1
2026-06-24 03:16:01 install libopenexr-3-1-30:arm64 <none> 3.1.5-5
2026-06-24 03:16:01 status half-installed libopenexr-3-1-30:arm64 3.1.5-5
2026-06-24 03:16:01 status unpacked libopenexr-3-1-30:arm64 3.1.5-5
2026-06-24 03:16:01 install fontconfig:arm64 <none> 2.14.1-4
2026-06-24 03:16:01 status half-installed fontconfig:arm64 2.14.1-4
2026-06-24 03:16:01 status unpacked fontconfig:arm64 2.14.1-4
2026-06-24 03:16:01 install libfribidi0:arm64 <none> 1.0.8-2.1
2026-06-24 03:16:01 status half-installed libfribidi0:arm64 1.0.8-2.1
2026-06-24 03:16:01 status unpacked libfribidi0:arm64 1.0.8-2.1
2026-06-24 03:16:01 install libgraphite2-3:arm64 <none> 1.3.14-1
2026-06-24 03:16:01 status half-installed libgraphite2-3:arm64 1.3.14-1
2026-06-24 03:16:01 status unpacked libgraphite2-3:arm64 1.3.14-1
2026-06-24 03:16:01 install libharfbuzz0b:arm64 <none> 6.0.0+dfsg-3
2026-06-24 03:16:01 status half-installed libharfbuzz0b:arm64 6.0.0+dfsg-3
2026-06-24 03:16:01 status unpacked libharfbuzz0b:arm64 6.0.0+dfsg-3
2026-06-24 03:16:01 install libthai-data:all <none> 0.1.29-1
2026-06-24 03:16:01 status half-installed libthai-data:all 0.1.29-1
2026-06-24 03:16:01 status unpacked libthai-data:all 0.1.29-1
2026-06-24 03:16:01 install libdatrie1:arm64 <none> 0.2.13-2+b1
2026-06-24 03:16:01 status half-installed libdatrie1:arm64 0.2.13-2+b1
2026-06-24 03:16:01 status unpacked libdatrie1:arm64 0.2.13-2+b1
2026-06-24 03:16:01 install libthai0:arm64 <none> 0.1.29-1
2026-06-24 03:16:01 status half-installed libthai0:arm64 0.1.29-1
2026-06-24 03:16:01 status unpacked libthai0:arm64 0.1.29-1
2026-06-24 03:16:01 install libpango-1.0-0:arm64 <none> 1.50.12+ds-1
2026-06-24 03:16:01 status half-installed libpango-1.0-0:arm64 1.50.12+ds-1
2026-06-24 03:16:01 status unpacked libpango-1.0-0:arm64 1.50.12+ds-1
2026-06-24 03:16:01 install libpangoft2-1.0-0:arm64 <none> 1.50.12+ds-1
2026-06-24 03:16:01 status half-installed libpangoft2-1.0-0:arm64 1.50.12+ds-1
2026-06-24 03:16:01 status unpacked libpangoft2-1.0-0:arm64 1.50.12+ds-1
2026-06-24 03:16:01 install libpangocairo-1.0-0:arm64 <none> 1.50.12+ds-1
2026-06-24 03:16:01 status half-installed libpangocairo-1.0-0:arm64 1.50.12+ds-1
2026-06-24 03:16:01 status unpacked libpangocairo-1.0-0:arm64 1.50.12+ds-1
2026-06-24 03:16:02 install libwmflite-0.2-7:arm64 <none> 0.2.12-5.1
2026-06-24 03:16:02 status half-installed libwmflite-0.2-7:arm64 0.2.12-5.1
2026-06-24 03:16:02 status unpacked libwmflite-0.2-7:arm64 0.2.12-5.1
2026-06-24 03:16:02 install libmagickcore-6.q16-6-extra:arm64 <none> 8:6.9.11.60+dfsg-1.6+deb12u11
2026-06-24 03:16:02 status half-installed libmagickcore-6.q16-6-extra:arm64 8:6.9.11.60+dfsg-1.6+deb12u11
2026-06-24 03:16:02 status unpacked libmagickcore-6.q16-6-extra:arm64 8:6.9.11.60+dfsg-1.6+deb12u11
2026-06-24 03:16:02 install libc-dev-bin:arm64 <none> 2.36-9+deb12u14
2026-06-24 03:16:02 status half-installed libc-dev-bin:arm64 2.36-9+deb12u14
2026-06-24 03:16:02 status unpacked libc-dev-bin:arm64 2.36-9+deb12u14
2026-06-24 03:16:02 install linux-libc-dev:arm64 <none> 6.1.174-1
2026-06-24 03:16:02 status half-installed linux-libc-dev:arm64 6.1.174-1
2026-06-24 03:16:02 status unpacked linux-libc-dev:arm64 6.1.174-1
2026-06-24 03:16:02 install libcrypt-dev:arm64 <none> 1:4.4.33-2
2026-06-24 03:16:02 status half-installed libcrypt-dev:arm64 1:4.4.33-2
2026-06-24 03:16:02 status unpacked libcrypt-dev:arm64 1:4.4.33-2
2026-06-24 03:16:02 install libtirpc-dev:arm64 <none> 1.3.3+ds-1
2026-06-24 03:16:02 status half-installed libtirpc-dev:arm64 1.3.3+ds-1
2026-06-24 03:16:02 status unpacked libtirpc-dev:arm64 1.3.3+ds-1
2026-06-24 03:16:02 install libnsl-dev:arm64 <none> 1.3.0-2
2026-06-24 03:16:02 status half-installed libnsl-dev:arm64 1.3.0-2
2026-06-24 03:16:02 status unpacked libnsl-dev:arm64 1.3.0-2
2026-06-24 03:16:02 install rpcsvc-proto:arm64 <none> 1.4.3-1
2026-06-24 03:16:02 status half-installed rpcsvc-proto:arm64 1.4.3-1
2026-06-24 03:16:02 status unpacked rpcsvc-proto:arm64 1.4.3-1
2026-06-24 03:16:02 install libc6-dev:arm64 <none> 2.36-9+deb12u14
2026-06-24 03:16:02 status half-installed libc6-dev:arm64 2.36-9+deb12u14
2026-06-24 03:16:02 status unpacked libc6-dev:arm64 2.36-9+deb12u14
2026-06-24 03:16:02 install libbz2-dev:arm64 <none> 1.0.8-5+b1
2026-06-24 03:16:02 status half-installed libbz2-dev:arm64 1.0.8-5+b1
2026-06-24 03:16:02 status unpacked libbz2-dev:arm64 1.0.8-5+b1
2026-06-24 03:16:02 install libjpeg62-turbo-dev:arm64 <none> 1:2.1.5-2
2026-06-24 03:16:02 status half-installed libjpeg62-turbo-dev:arm64 1:2.1.5-2
2026-06-24 03:16:02 status unpacked libjpeg62-turbo-dev:arm64 1:2.1.5-2
2026-06-24 03:16:02 install libjpeg-dev:arm64 <none> 1:2.1.5-2
2026-06-24 03:16:02 status half-installed libjpeg-dev:arm64 1:2.1.5-2
2026-06-24 03:16:02 status unpacked libjpeg-dev:arm64 1:2.1.5-2
2026-06-24 03:16:02 install libdjvulibre-dev:arm64 <none> 3.5.28-2.2~deb12u1
2026-06-24 03:16:02 status half-installed libdjvulibre-dev:arm64 3.5.28-2.2~deb12u1
2026-06-24 03:16:02 status unpacked libdjvulibre-dev:arm64 3.5.28-2.2~deb12u1
2026-06-24 03:16:02 install libexif12:arm64 <none> 0.6.24-1+deb12u1
2026-06-24 03:16:02 status half-installed libexif12:arm64 0.6.24-1+deb12u1
2026-06-24 03:16:02 status unpacked libexif12:arm64 0.6.24-1+deb12u1
2026-06-24 03:16:02 install libexif-dev:arm64 <none> 0.6.24-1+deb12u1
2026-06-24 03:16:02 status half-installed libexif-dev:arm64 0.6.24-1+deb12u1
2026-06-24 03:16:02 status unpacked libexif-dev:arm64 0.6.24-1+deb12u1
2026-06-24 03:16:02 install libbrotli-dev:arm64 <none> 1.0.9-2+b6
2026-06-24 03:16:02 status half-installed libbrotli-dev:arm64 1.0.9-2+b6
2026-06-24 03:16:02 status unpacked libbrotli-dev:arm64 1.0.9-2+b6
2026-06-24 03:16:02 install zlib1g-dev:arm64 <none> 1:1.2.13.dfsg-1
2026-06-24 03:16:02 status half-installed zlib1g-dev:arm64 1:1.2.13.dfsg-1
2026-06-24 03:16:03 status unpacked zlib1g-dev:arm64 1:1.2.13.dfsg-1
2026-06-24 03:16:03 install libpng-dev:arm64 <none> 1.6.39-2+deb12u5
2026-06-24 03:16:03 status half-installed libpng-dev:arm64 1.6.39-2+deb12u5
2026-06-24 03:16:03 status unpacked libpng-dev:arm64 1.6.39-2+deb12u5
2026-06-24 03:16:03 install libfreetype-dev:arm64 <none> 2.12.1+dfsg-5+deb12u4
2026-06-24 03:16:03 status half-installed libfreetype-dev:arm64 2.12.1+dfsg-5+deb12u4
2026-06-24 03:16:03 status unpacked libfreetype-dev:arm64 2.12.1+dfsg-5+deb12u4
2026-06-24 03:16:03 install libfreetype6-dev:arm64 <none> 2.12.1+dfsg-5+deb12u4
2026-06-24 03:16:03 status half-installed libfreetype6-dev:arm64 2.12.1+dfsg-5+deb12u4
2026-06-24 03:16:03 status unpacked libfreetype6-dev:arm64 2.12.1+dfsg-5+deb12u4
2026-06-24 03:16:03 install libopenjp2-7-dev:arm64 <none> 2.5.0-2+deb12u3
2026-06-24 03:16:03 status half-installed libopenjp2-7-dev:arm64 2.5.0-2+deb12u3
2026-06-24 03:16:03 status unpacked libopenjp2-7-dev:arm64 2.5.0-2+deb12u3
2026-06-24 03:16:03 install liblcms2-dev:arm64 <none> 2.14-2+deb12u1
2026-06-24 03:16:03 status half-installed liblcms2-dev:arm64 2.14-2+deb12u1
2026-06-24 03:16:03 status unpacked liblcms2-dev:arm64 2.14-2+deb12u1
2026-06-24 03:16:03 install liblqr-1-0-dev:arm64 <none> 0.4.2-2.1
2026-06-24 03:16:03 status half-installed liblqr-1-0-dev:arm64 0.4.2-2.1
2026-06-24 03:16:03 status unpacked liblqr-1-0-dev:arm64 0.4.2-2.1
2026-06-24 03:16:03 install m4:arm64 <none> 1.4.19-3
2026-06-24 03:16:03 status half-installed m4:arm64 1.4.19-3
2026-06-24 03:16:03 status unpacked m4:arm64 1.4.19-3
2026-06-24 03:16:03 install autoconf:all <none> 2.71-3
2026-06-24 03:16:03 status half-installed autoconf:all 2.71-3
2026-06-24 03:16:03 status unpacked autoconf:all 2.71-3
2026-06-24 03:16:03 install autotools-dev:all <none> 20220109.1
2026-06-24 03:16:03 status half-installed autotools-dev:all 20220109.1
2026-06-24 03:16:03 status unpacked autotools-dev:all 20220109.1
2026-06-24 03:16:03 install automake:all <none> 1:1.16.5-1.3
2026-06-24 03:16:03 status half-installed automake:all 1:1.16.5-1.3
2026-06-24 03:16:03 status unpacked automake:all 1:1.16.5-1.3
2026-06-24 03:16:03 install libltdl-dev:arm64 <none> 2.4.7-7~deb12u1
2026-06-24 03:16:03 status half-installed libltdl-dev:arm64 2.4.7-7~deb12u1
2026-06-24 03:16:03 status unpacked libltdl-dev:arm64 2.4.7-7~deb12u1
2026-06-24 03:16:03 install libimath-dev:arm64 <none> 3.1.6-1
2026-06-24 03:16:03 status half-installed libimath-dev:arm64 3.1.6-1
2026-06-24 03:16:03 status unpacked libimath-dev:arm64 3.1.6-1
2026-06-24 03:16:03 install libopenexr-dev:arm64 <none> 3.1.5-5
2026-06-24 03:16:03 status half-installed libopenexr-dev:arm64 3.1.5-5
2026-06-24 03:16:03 status unpacked libopenexr-dev:arm64 3.1.5-5
2026-06-24 03:16:03 install libgirepository-1.0-1:arm64 <none> 1.74.0-3
2026-06-24 03:16:03 status half-installed libgirepository-1.0-1:arm64 1.74.0-3
2026-06-24 03:16:03 status unpacked libgirepository-1.0-1:arm64 1.74.0-3
2026-06-24 03:16:03 install gir1.2-glib-2.0:arm64 <none> 1.74.0-3
2026-06-24 03:16:03 status half-installed gir1.2-glib-2.0:arm64 1.74.0-3
2026-06-24 03:16:03 status unpacked gir1.2-glib-2.0:arm64 1.74.0-3
2026-06-24 03:16:03 install gir1.2-freedesktop:arm64 <none> 1.74.0-3
2026-06-24 03:16:03 status half-installed gir1.2-freedesktop:arm64 1.74.0-3
2026-06-24 03:16:03 status unpacked gir1.2-freedesktop:arm64 1.74.0-3
2026-06-24 03:16:03 install libgdk-pixbuf2.0-common:all <none> 2.42.10+dfsg-1+deb12u4
2026-06-24 03:16:03 status half-installed libgdk-pixbuf2.0-common:all 2.42.10+dfsg-1+deb12u4
2026-06-24 03:16:03 status unpacked libgdk-pixbuf2.0-common:all 2.42.10+dfsg-1+deb12u4
2026-06-24 03:16:03 install shared-mime-info:arm64 <none> 2.2-1
2026-06-24 03:16:03 status half-installed shared-mime-info:arm64 2.2-1
2026-06-24 03:16:03 status unpacked shared-mime-info:arm64 2.2-1
2026-06-24 03:16:03 install libgdk-pixbuf-2.0-0:arm64 <none> 2.42.10+dfsg-1+deb12u4
2026-06-24 03:16:03 status half-installed libgdk-pixbuf-2.0-0:arm64 2.42.10+dfsg-1+deb12u4
2026-06-24 03:16:04 status unpacked libgdk-pixbuf-2.0-0:arm64 2.42.10+dfsg-1+deb12u4
2026-06-24 03:16:04 install gir1.2-gdkpixbuf-2.0:arm64 <none> 2.42.10+dfsg-1+deb12u4
2026-06-24 03:16:04 status half-installed gir1.2-gdkpixbuf-2.0:arm64 2.42.10+dfsg-1+deb12u4
2026-06-24 03:16:04 status unpacked gir1.2-gdkpixbuf-2.0:arm64 2.42.10+dfsg-1+deb12u4
2026-06-24 03:16:04 install libcairo-gobject2:arm64 <none> 1.16.0-7
2026-06-24 03:16:04 status half-installed libcairo-gobject2:arm64 1.16.0-7
2026-06-24 03:16:04 status unpacked libcairo-gobject2:arm64 1.16.0-7
2026-06-24 03:16:04 install librsvg2-2:arm64 <none> 2.54.7+dfsg-1~deb12u1
2026-06-24 03:16:04 status half-installed librsvg2-2:arm64 2.54.7+dfsg-1~deb12u1
2026-06-24 03:16:04 status unpacked librsvg2-2:arm64 2.54.7+dfsg-1~deb12u1
2026-06-24 03:16:04 install gir1.2-rsvg-2.0:arm64 <none> 2.54.7+dfsg-1~deb12u1
2026-06-24 03:16:04 status half-installed gir1.2-rsvg-2.0:arm64 2.54.7+dfsg-1~deb12u1
2026-06-24 03:16:04 status unpacked gir1.2-rsvg-2.0:arm64 2.54.7+dfsg-1~deb12u1
2026-06-24 03:16:04 install liblzo2-2:arm64 <none> 2.10-2
2026-06-24 03:16:04 status half-installed liblzo2-2:arm64 2.10-2
2026-06-24 03:16:04 status unpacked liblzo2-2:arm64 2.10-2
2026-06-24 03:16:04 install libcairo-script-interpreter2:arm64 <none> 1.16.0-7
2026-06-24 03:16:04 status half-installed libcairo-script-interpreter2:arm64 1.16.0-7
2026-06-24 03:16:04 status unpacked libcairo-script-interpreter2:arm64 1.16.0-7
2026-06-24 03:16:04 install libexpat1-dev:arm64 <none> 2.5.0-1+deb12u2
2026-06-24 03:16:04 status half-installed libexpat1-dev:arm64 2.5.0-1+deb12u2
2026-06-24 03:16:04 status unpacked libexpat1-dev:arm64 2.5.0-1+deb12u2
2026-06-24 03:16:04 install uuid-dev:arm64 <none> 2.38.1-5+deb12u3
2026-06-24 03:16:04 status half-installed uuid-dev:arm64 2.38.1-5+deb12u3
2026-06-24 03:16:04 status unpacked uuid-dev:arm64 2.38.1-5+deb12u3
2026-06-24 03:16:04 install libpkgconf3:arm64 <none> 1.8.1-1
2026-06-24 03:16:04 status half-installed libpkgconf3:arm64 1.8.1-1
2026-06-24 03:16:04 status unpacked libpkgconf3:arm64 1.8.1-1
2026-06-24 03:16:04 install pkgconf-bin:arm64 <none> 1.8.1-1
2026-06-24 03:16:04 status half-installed pkgconf-bin:arm64 1.8.1-1
2026-06-24 03:16:04 status unpacked pkgconf-bin:arm64 1.8.1-1
2026-06-24 03:16:04 install pkgconf:arm64 <none> 1.8.1-1
2026-06-24 03:16:04 status half-installed pkgconf:arm64 1.8.1-1
2026-06-24 03:16:04 status unpacked pkgconf:arm64 1.8.1-1
2026-06-24 03:16:04 install pkg-config:arm64 <none> 1.8.1-1
2026-06-24 03:16:04 status half-installed pkg-config:arm64 1.8.1-1
2026-06-24 03:16:04 status unpacked pkg-config:arm64 1.8.1-1
2026-06-24 03:16:04 install libfontconfig-dev:arm64 <none> 2.14.1-4
2026-06-24 03:16:04 status half-installed libfontconfig-dev:arm64 2.14.1-4
2026-06-24 03:16:04 status unpacked libfontconfig-dev:arm64 2.14.1-4
2026-06-24 03:16:04 install libffi-dev:arm64 <none> 3.4.4-1
2026-06-24 03:16:04 status half-installed libffi-dev:arm64 3.4.4-1
2026-06-24 03:16:04 status unpacked libffi-dev:arm64 3.4.4-1
2026-06-24 03:16:04 install libglib2.0-data:all <none> 2.74.6-2+deb12u9
2026-06-24 03:16:04 status half-installed libglib2.0-data:all 2.74.6-2+deb12u9
2026-06-24 03:16:04 status unpacked libglib2.0-data:all 2.74.6-2+deb12u9
2026-06-24 03:16:04 install libelf1:arm64 <none> 0.188-2.1
2026-06-24 03:16:04 status half-installed libelf1:arm64 0.188-2.1
2026-06-24 03:16:05 status unpacked libelf1:arm64 0.188-2.1
2026-06-24 03:16:05 install libglib2.0-bin:arm64 <none> 2.74.6-2+deb12u9
2026-06-24 03:16:05 status half-installed libglib2.0-bin:arm64 2.74.6-2+deb12u9
2026-06-24 03:16:05 status unpacked libglib2.0-bin:arm64 2.74.6-2+deb12u9
2026-06-24 03:16:05 install python3-lib2to3:all <none> 3.11.2-3
2026-06-24 03:16:05 status half-installed python3-lib2to3:all 3.11.2-3
2026-06-24 03:16:05 status unpacked python3-lib2to3:all 3.11.2-3
2026-06-24 03:16:05 install python3-distutils:all <none> 3.11.2-3
2026-06-24 03:16:05 status half-installed python3-distutils:all 3.11.2-3
2026-06-24 03:16:05 status unpacked python3-distutils:all 3.11.2-3
2026-06-24 03:16:05 install libglib2.0-dev-bin:arm64 <none> 2.74.6-2+deb12u9
2026-06-24 03:16:05 status half-installed libglib2.0-dev-bin:arm64 2.74.6-2+deb12u9
2026-06-24 03:16:05 status unpacked libglib2.0-dev-bin:arm64 2.74.6-2+deb12u9
2026-06-24 03:16:05 install libblkid-dev:arm64 <none> 2.38.1-5+deb12u3
2026-06-24 03:16:05 status half-installed libblkid-dev:arm64 2.38.1-5+deb12u3
2026-06-24 03:16:05 status unpacked libblkid-dev:arm64 2.38.1-5+deb12u3
2026-06-24 03:16:05 install libsepol-dev:arm64 <none> 3.4-2.1
2026-06-24 03:16:05 status half-installed libsepol-dev:arm64 3.4-2.1
2026-06-24 03:16:05 status unpacked libsepol-dev:arm64 3.4-2.1
2026-06-24 03:16:05 install libpcre2-16-0:arm64 <none> 10.42-1
2026-06-24 03:16:05 status half-installed libpcre2-16-0:arm64 10.42-1
2026-06-24 03:16:05 status unpacked libpcre2-16-0:arm64 10.42-1
2026-06-24 03:16:05 install libpcre2-32-0:arm64 <none> 10.42-1
2026-06-24 03:16:05 status half-installed libpcre2-32-0:arm64 10.42-1
2026-06-24 03:16:05 status unpacked libpcre2-32-0:arm64 10.42-1
2026-06-24 03:16:05 install libpcre2-posix3:arm64 <none> 10.42-1
2026-06-24 03:16:05 status half-installed libpcre2-posix3:arm64 10.42-1
2026-06-24 03:16:05 status unpacked libpcre2-posix3:arm64 10.42-1
2026-06-24 03:16:05 install libpcre2-dev:arm64 <none> 10.42-1
2026-06-24 03:16:05 status half-installed libpcre2-dev:arm64 10.42-1
2026-06-24 03:16:05 status unpacked libpcre2-dev:arm64 10.42-1
2026-06-24 03:16:05 install libselinux1-dev:arm64 <none> 3.4-1+b6
2026-06-24 03:16:05 status half-installed libselinux1-dev:arm64 3.4-1+b6
2026-06-24 03:16:05 status unpacked libselinux1-dev:arm64 3.4-1+b6
2026-06-24 03:16:05 install libmount-dev:arm64 <none> 2.38.1-5+deb12u3
2026-06-24 03:16:05 status half-installed libmount-dev:arm64 2.38.1-5+deb12u3
2026-06-24 03:16:05 status unpacked libmount-dev:arm64 2.38.1-5+deb12u3
2026-06-24 03:16:05 install libglib2.0-dev:arm64 <none> 2.74.6-2+deb12u9
2026-06-24 03:16:05 status half-installed libglib2.0-dev:arm64 2.74.6-2+deb12u9
2026-06-24 03:16:05 status unpacked libglib2.0-dev:arm64 2.74.6-2+deb12u9
2026-06-24 03:16:05 install libpixman-1-dev:arm64 <none> 0.42.2-1
2026-06-24 03:16:05 status half-installed libpixman-1-dev:arm64 0.42.2-1
2026-06-24 03:16:05 status unpacked libpixman-1-dev:arm64 0.42.2-1
2026-06-24 03:16:05 install x11-common:all <none> 1:7.7+23
2026-06-24 03:16:05 status half-installed x11-common:all 1:7.7+23
2026-06-24 03:16:05 status unpacked x11-common:all 1:7.7+23
2026-06-24 03:16:05 install libice6:arm64 <none> 2:1.0.10-1
2026-06-24 03:16:05 status half-installed libice6:arm64 2:1.0.10-1
2026-06-24 03:16:05 status unpacked libice6:arm64 2:1.0.10-1
2026-06-24 03:16:06 install libsm6:arm64 <none> 2:1.2.3-1
2026-06-24 03:16:06 status half-installed libsm6:arm64 2:1.2.3-1
2026-06-24 03:16:06 status unpacked libsm6:arm64 2:1.2.3-1
2026-06-24 03:16:06 install xorg-sgml-doctools:all <none> 1:1.11-1.1
2026-06-24 03:16:06 status half-installed xorg-sgml-doctools:all 1:1.11-1.1
2026-06-24 03:16:06 status unpacked xorg-sgml-doctools:all 1:1.11-1.1
2026-06-24 03:16:06 install x11proto-dev:all <none> 2022.1-1
2026-06-24 03:16:06 status half-installed x11proto-dev:all 2022.1-1
2026-06-24 03:16:06 status unpacked x11proto-dev:all 2022.1-1
2026-06-24 03:16:06 install x11proto-core-dev:all <none> 2022.1-1
2026-06-24 03:16:06 status half-installed x11proto-core-dev:all 2022.1-1
2026-06-24 03:16:06 status unpacked x11proto-core-dev:all 2022.1-1
2026-06-24 03:16:06 install libice-dev:arm64 <none> 2:1.0.10-1
2026-06-24 03:16:06 status half-installed libice-dev:arm64 2:1.0.10-1
2026-06-24 03:16:06 status unpacked libice-dev:arm64 2:1.0.10-1
2026-06-24 03:16:06 install libsm-dev:arm64 <none> 2:1.2.3-1
2026-06-24 03:16:06 status half-installed libsm-dev:arm64 2:1.2.3-1
2026-06-24 03:16:06 status unpacked libsm-dev:arm64 2:1.2.3-1
2026-06-24 03:16:06 install libxau-dev:arm64 <none> 1:1.0.9-1
2026-06-24 03:16:06 status half-installed libxau-dev:arm64 1:1.0.9-1
2026-06-24 03:16:06 status unpacked libxau-dev:arm64 1:1.0.9-1
2026-06-24 03:16:06 install libxdmcp-dev:arm64 <none> 1:1.1.2-3
2026-06-24 03:16:06 status half-installed libxdmcp-dev:arm64 1:1.1.2-3
2026-06-24 03:16:06 status unpacked libxdmcp-dev:arm64 1:1.1.2-3
2026-06-24 03:16:06 install xtrans-dev:all <none> 1.4.0-1
2026-06-24 03:16:06 status half-installed xtrans-dev:all 1.4.0-1
2026-06-24 03:16:06 status unpacked xtrans-dev:all 1.4.0-1
2026-06-24 03:16:06 install libpthread-stubs0-dev:arm64 <none> 0.4-1
2026-06-24 03:16:06 status half-installed libpthread-stubs0-dev:arm64 0.4-1
2026-06-24 03:16:06 status unpacked libpthread-stubs0-dev:arm64 0.4-1
2026-06-24 03:16:06 install libxcb1-dev:arm64 <none> 1.15-1
2026-06-24 03:16:06 status half-installed libxcb1-dev:arm64 1.15-1
2026-06-24 03:16:06 status unpacked libxcb1-dev:arm64 1.15-1
2026-06-24 03:16:06 install libx11-dev:arm64 <none> 2:1.8.4-2+deb12u2
2026-06-24 03:16:06 status half-installed libx11-dev:arm64 2:1.8.4-2+deb12u2
2026-06-24 03:16:06 status unpacked libx11-dev:arm64 2:1.8.4-2+deb12u2
2026-06-24 03:16:06 install libxcb-render0-dev:arm64 <none> 1.15-1
2026-06-24 03:16:06 status half-installed libxcb-render0-dev:arm64 1.15-1
2026-06-24 03:16:06 status unpacked libxcb-render0-dev:arm64 1.15-1
2026-06-24 03:16:06 install libxcb-shm0-dev:arm64 <none> 1.15-1
2026-06-24 03:16:06 status half-installed libxcb-shm0-dev:arm64 1.15-1
2026-06-24 03:16:06 status unpacked libxcb-shm0-dev:arm64 1.15-1
2026-06-24 03:16:06 install libxext-dev:arm64 <none> 2:1.3.4-1+b1
2026-06-24 03:16:06 status half-installed libxext-dev:arm64 2:1.3.4-1+b1
2026-06-24 03:16:06 status unpacked libxext-dev:arm64 2:1.3.4-1+b1
2026-06-24 03:16:06 install libxrender-dev:arm64 <none> 1:0.9.10-1.1
2026-06-24 03:16:06 status half-installed libxrender-dev:arm64 1:0.9.10-1.1
2026-06-24 03:16:06 status unpacked libxrender-dev:arm64 1:0.9.10-1.1
2026-06-24 03:16:06 install libcairo2-dev:arm64 <none> 1.16.0-7
2026-06-24 03:16:06 status half-installed libcairo2-dev:arm64 1.16.0-7
2026-06-24 03:16:06 status unpacked libcairo2-dev:arm64 1.16.0-7
2026-06-24 03:16:06 install libgdk-pixbuf2.0-bin:arm64 <none> 2.42.10+dfsg-1+deb12u4
2026-06-24 03:16:06 status half-installed libgdk-pixbuf2.0-bin:arm64 2.42.10+dfsg-1+deb12u4
2026-06-24 03:16:06 status unpacked libgdk-pixbuf2.0-bin:arm64 2.42.10+dfsg-1+deb12u4
2026-06-24 03:16:06 install libjbig-dev:arm64 <none> 2.1-6.1
2026-06-24 03:16:06 status half-installed libjbig-dev:arm64 2.1-6.1
2026-06-24 03:16:06 status unpacked libjbig-dev:arm64 2.1-6.1
2026-06-24 03:16:06 install liblzma-dev:arm64 <none> 5.4.1-1
2026-06-24 03:16:06 status half-installed liblzma-dev:arm64 5.4.1-1
2026-06-24 03:16:06 status unpacked liblzma-dev:arm64 5.4.1-1
2026-06-24 03:16:07 install libzstd-dev:arm64 <none> 1.5.4+dfsg2-5
2026-06-24 03:16:07 status half-installed libzstd-dev:arm64 1.5.4+dfsg2-5
2026-06-24 03:16:07 status unpacked libzstd-dev:arm64 1.5.4+dfsg2-5
2026-06-24 03:16:07 install libwebp-dev:arm64 <none> 1.2.4-0.2+deb12u1
2026-06-24 03:16:07 status half-installed libwebp-dev:arm64 1.2.4-0.2+deb12u1
2026-06-24 03:16:07 status unpacked libwebp-dev:arm64 1.2.4-0.2+deb12u1
2026-06-24 03:16:07 install libtiffxx6:arm64 <none> 4.5.0-6+deb12u4
2026-06-24 03:16:07 status half-installed libtiffxx6:arm64 4.5.0-6+deb12u4
2026-06-24 03:16:07 status unpacked libtiffxx6:arm64 4.5.0-6+deb12u4
2026-06-24 03:16:07 install libdeflate-dev:arm64 <none> 1.14-1
2026-06-24 03:16:07 status half-installed libdeflate-dev:arm64 1.14-1
2026-06-24 03:16:07 status unpacked libdeflate-dev:arm64 1.14-1
2026-06-24 03:16:07 install liblerc-dev:arm64 <none> 4.0.0+ds-2
2026-06-24 03:16:07 status half-installed liblerc-dev:arm64 4.0.0+ds-2
2026-06-24 03:16:07 status unpacked liblerc-dev:arm64 4.0.0+ds-2
2026-06-24 03:16:07 install libtiff-dev:arm64 <none> 4.5.0-6+deb12u4
2026-06-24 03:16:07 status half-installed libtiff-dev:arm64 4.5.0-6+deb12u4
2026-06-24 03:16:07 status unpacked libtiff-dev:arm64 4.5.0-6+deb12u4
2026-06-24 03:16:07 install libgdk-pixbuf-2.0-dev:arm64 <none> 2.42.10+dfsg-1+deb12u4
2026-06-24 03:16:07 status half-installed libgdk-pixbuf-2.0-dev:arm64 2.42.10+dfsg-1+deb12u4
2026-06-24 03:16:07 status unpacked libgdk-pixbuf-2.0-dev:arm64 2.42.10+dfsg-1+deb12u4
2026-06-24 03:16:07 install librsvg2-common:arm64 <none> 2.54.7+dfsg-1~deb12u1
2026-06-24 03:16:07 status half-installed librsvg2-common:arm64 2.54.7+dfsg-1~deb12u1
2026-06-24 03:16:07 status unpacked librsvg2-common:arm64 2.54.7+dfsg-1~deb12u1
2026-06-24 03:16:07 install librsvg2-dev:arm64 <none> 2.54.7+dfsg-1~deb12u1
2026-06-24 03:16:07 status half-installed librsvg2-dev:arm64 2.54.7+dfsg-1~deb12u1
2026-06-24 03:16:07 status unpacked librsvg2-dev:arm64 2.54.7+dfsg-1~deb12u1
2026-06-24 03:16:07 install libwmf-0.2-7:arm64 <none> 0.2.12-5.1
2026-06-24 03:16:07 status half-installed libwmf-0.2-7:arm64 0.2.12-5.1
2026-06-24 03:16:07 status unpacked libwmf-0.2-7:arm64 0.2.12-5.1
2026-06-24 03:16:07 install libwmf-dev:arm64 <none> 0.2.12-5.1
2026-06-24 03:16:07 status half-installed libwmf-dev:arm64 0.2.12-5.1
2026-06-24 03:16:07 status unpacked libwmf-dev:arm64 0.2.12-5.1
2026-06-24 03:16:07 install icu-devtools:arm64 <none> 72.1-3+deb12u1
2026-06-24 03:16:07 status half-installed icu-devtools:arm64 72.1-3+deb12u1
2026-06-24 03:16:07 status unpacked icu-devtools:arm64 72.1-3+deb12u1
2026-06-24 03:16:07 install libicu-dev:arm64 <none> 72.1-3+deb12u1
2026-06-24 03:16:07 status half-installed libicu-dev:arm64 72.1-3+deb12u1
2026-06-24 03:16:08 status unpacked libicu-dev:arm64 72.1-3+deb12u1
2026-06-24 03:16:08 install libxml2-dev:arm64 <none> 2.9.14+dfsg-1.3~deb12u5
2026-06-24 03:16:08 status half-installed libxml2-dev:arm64 2.9.14+dfsg-1.3~deb12u5
2026-06-24 03:16:08 status unpacked libxml2-dev:arm64 2.9.14+dfsg-1.3~deb12u5
2026-06-24 03:16:08 install libxt6:arm64 <none> 1:1.2.1-1.1
2026-06-24 03:16:08 status half-installed libxt6:arm64 1:1.2.1-1.1
2026-06-24 03:16:08 status unpacked libxt6:arm64 1:1.2.1-1.1
2026-06-24 03:16:08 install libxt-dev:arm64 <none> 1:1.2.1-1.1
2026-06-24 03:16:08 status half-installed libxt-dev:arm64 1:1.2.1-1.1
2026-06-24 03:16:08 status unpacked libxt-dev:arm64 1:1.2.1-1.1
2026-06-24 03:16:08 install libmagickcore-6.q16-dev:arm64 <none> 8:6.9.11.60+dfsg-1.6+deb12u11
2026-06-24 03:16:08 status half-installed libmagickcore-6.q16-dev:arm64 8:6.9.11.60+dfsg-1.6+deb12u11
2026-06-24 03:16:08 status unpacked libmagickcore-6.q16-dev:arm64 8:6.9.11.60+dfsg-1.6+deb12u11
2026-06-24 03:16:08 install libmagickcore-dev:all <none> 8:6.9.11.60+dfsg-1.6+deb12u11
2026-06-24 03:16:08 status half-installed libmagickcore-dev:all 8:6.9.11.60+dfsg-1.6+deb12u11
2026-06-24 03:16:08 status unpacked libmagickcore-dev:all 8:6.9.11.60+dfsg-1.6+deb12u11
2026-06-24 03:16:08 install libmagickwand-6-headers:all <none> 8:6.9.11.60+dfsg-1.6+deb12u11
2026-06-24 03:16:08 status half-installed libmagickwand-6-headers:all 8:6.9.11.60+dfsg-1.6+deb12u11
2026-06-24 03:16:08 status unpacked libmagickwand-6-headers:all 8:6.9.11.60+dfsg-1.6+deb12u11
2026-06-24 03:16:08 install libmagickwand-6.q16-dev:arm64 <none> 8:6.9.11.60+dfsg-1.6+deb12u11
2026-06-24 03:16:08 status half-installed libmagickwand-6.q16-dev:arm64 8:6.9.11.60+dfsg-1.6+deb12u11
2026-06-24 03:16:08 status unpacked libmagickwand-6.q16-dev:arm64 8:6.9.11.60+dfsg-1.6+deb12u11
2026-06-24 03:16:08 install libmagickwand-dev:all <none> 8:6.9.11.60+dfsg-1.6+deb12u11
2026-06-24 03:16:08 status half-installed libmagickwand-dev:all 8:6.9.11.60+dfsg-1.6+deb12u11
2026-06-24 03:16:08 status unpacked libmagickwand-dev:all 8:6.9.11.60+dfsg-1.6+deb12u11
2026-06-24 03:16:08 install bzip2:arm64 <none> 1.0.8-5+b1
2026-06-24 03:16:08 status half-installed bzip2:arm64 1.0.8-5+b1
2026-06-24 03:16:08 status unpacked bzip2:arm64 1.0.8-5+b1
2026-06-24 03:16:08 install libmagic-mgc:arm64 <none> 1:5.44-3
2026-06-24 03:16:08 status half-installed libmagic-mgc:arm64 1:5.44-3
2026-06-24 03:16:08 status unpacked libmagic-mgc:arm64 1:5.44-3
2026-06-24 03:16:08 install libmagic1:arm64 <none> 1:5.44-3
2026-06-24 03:16:08 status half-installed libmagic1:arm64 1:5.44-3
2026-06-24 03:16:08 status unpacked libmagic1:arm64 1:5.44-3
2026-06-24 03:16:08 install file:arm64 <none> 1:5.44-3
2026-06-24 03:16:08 status half-installed file:arm64 1:5.44-3
2026-06-24 03:16:08 status unpacked file:arm64 1:5.44-3
2026-06-24 03:16:08 install xz-utils:arm64 <none> 5.4.1-1
2026-06-24 03:16:08 status half-installed xz-utils:arm64 5.4.1-1
2026-06-24 03:16:08 status unpacked xz-utils:arm64 5.4.1-1
2026-06-24 03:16:08 install binutils-common:arm64 <none> 2.40-2
2026-06-24 03:16:08 status half-installed binutils-common:arm64 2.40-2
2026-06-24 03:16:09 status unpacked binutils-common:arm64 2.40-2
2026-06-24 03:16:09 install libbinutils:arm64 <none> 2.40-2
2026-06-24 03:16:09 status half-installed libbinutils:arm64 2.40-2
2026-06-24 03:16:09 status unpacked libbinutils:arm64 2.40-2
2026-06-24 03:16:09 install libctf-nobfd0:arm64 <none> 2.40-2
2026-06-24 03:16:09 status half-installed libctf-nobfd0:arm64 2.40-2
2026-06-24 03:16:09 status unpacked libctf-nobfd0:arm64 2.40-2
2026-06-24 03:16:09 install libctf0:arm64 <none> 2.40-2
2026-06-24 03:16:09 status half-installed libctf0:arm64 2.40-2
2026-06-24 03:16:09 status unpacked libctf0:arm64 2.40-2
2026-06-24 03:16:09 install libgprofng0:arm64 <none> 2.40-2
2026-06-24 03:16:09 status half-installed libgprofng0:arm64 2.40-2
2026-06-24 03:16:09 status unpacked libgprofng0:arm64 2.40-2
2026-06-24 03:16:09 install libjansson4:arm64 <none> 2.14-2
2026-06-24 03:16:09 status half-installed libjansson4:arm64 2.14-2
2026-06-24 03:16:09 status unpacked libjansson4:arm64 2.14-2
2026-06-24 03:16:09 install binutils-aarch64-linux-gnu:arm64 <none> 2.40-2
2026-06-24 03:16:09 status half-installed binutils-aarch64-linux-gnu:arm64 2.40-2
2026-06-24 03:16:09 status unpacked binutils-aarch64-linux-gnu:arm64 2.40-2
2026-06-24 03:16:09 install binutils:arm64 <none> 2.40-2
2026-06-24 03:16:09 status half-installed binutils:arm64 2.40-2
2026-06-24 03:16:09 status unpacked binutils:arm64 2.40-2
2026-06-24 03:16:09 install comerr-dev:arm64 <none> 2.1-1.47.0-2+b2
2026-06-24 03:16:09 status half-installed comerr-dev:arm64 2.1-1.47.0-2+b2
2026-06-24 03:16:09 status unpacked comerr-dev:arm64 2.1-1.47.0-2+b2
2026-06-24 03:16:09 install libisl23:arm64 <none> 0.25-1.1
2026-06-24 03:16:09 status half-installed libisl23:arm64 0.25-1.1
2026-06-24 03:16:09 status unpacked libisl23:arm64 0.25-1.1
2026-06-24 03:16:09 install libmpfr6:arm64 <none> 4.2.0-1
2026-06-24 03:16:09 status half-installed libmpfr6:arm64 4.2.0-1
2026-06-24 03:16:09 status unpacked libmpfr6:arm64 4.2.0-1
2026-06-24 03:16:10 install libmpc3:arm64 <none> 1.3.1-1
2026-06-24 03:16:10 status half-installed libmpc3:arm64 1.3.1-1
2026-06-24 03:16:10 status unpacked libmpc3:arm64 1.3.1-1
2026-06-24 03:16:10 install cpp-12:arm64 <none> 12.2.0-14+deb12u1
2026-06-24 03:16:10 status half-installed cpp-12:arm64 12.2.0-14+deb12u1
2026-06-24 03:16:10 status unpacked cpp-12:arm64 12.2.0-14+deb12u1
2026-06-24 03:16:10 install cpp:arm64 <none> 4:12.2.0-3
2026-06-24 03:16:10 status half-installed cpp:arm64 4:12.2.0-3
2026-06-24 03:16:10 status unpacked cpp:arm64 4:12.2.0-3
2026-06-24 03:16:10 install mysql-common:all <none> 5.8+1.1.0
2026-06-24 03:16:10 status half-installed mysql-common:all 5.8+1.1.0
2026-06-24 03:16:10 status unpacked mysql-common:all 5.8+1.1.0
2026-06-24 03:16:10 install mariadb-common:all <none> 1:10.11.14-0+deb12u2
2026-06-24 03:16:10 status half-installed mariadb-common:all 1:10.11.14-0+deb12u2
2026-06-24 03:16:10 status unpacked mariadb-common:all 1:10.11.14-0+deb12u2
2026-06-24 03:16:10 install libmariadb3:arm64 <none> 1:10.11.14-0+deb12u2
2026-06-24 03:16:10 status half-installed libmariadb3:arm64 1:10.11.14-0+deb12u2
2026-06-24 03:16:10 status unpacked libmariadb3:arm64 1:10.11.14-0+deb12u2
2026-06-24 03:16:10 install libssl-dev:arm64 <none> 3.0.20-1~deb12u2
2026-06-24 03:16:10 status half-installed libssl-dev:arm64 3.0.20-1~deb12u2
2026-06-24 03:16:10 status unpacked libssl-dev:arm64 3.0.20-1~deb12u2
2026-06-24 03:16:10 install libmariadb-dev:arm64 <none> 1:10.11.14-0+deb12u2
2026-06-24 03:16:10 status half-installed libmariadb-dev:arm64 1:10.11.14-0+deb12u2
2026-06-24 03:16:10 status unpacked libmariadb-dev:arm64 1:10.11.14-0+deb12u2
2026-06-24 03:16:10 install libmariadb-dev-compat:arm64 <none> 1:10.11.14-0+deb12u2
2026-06-24 03:16:10 status half-installed libmariadb-dev-compat:arm64 1:10.11.14-0+deb12u2
2026-06-24 03:16:10 status unpacked libmariadb-dev-compat:arm64 1:10.11.14-0+deb12u2
2026-06-24 03:16:11 install default-libmysqlclient-dev:arm64 <none> 1.1.0
2026-06-24 03:16:11 status half-installed default-libmysqlclient-dev:arm64 1.1.0
2026-06-24 03:16:11 status unpacked default-libmysqlclient-dev:arm64 1.1.0
2026-06-24 03:16:11 install libdpkg-perl:all <none> 1.21.23
2026-06-24 03:16:11 status half-installed libdpkg-perl:all 1.21.23
2026-06-24 03:16:11 status unpacked libdpkg-perl:all 1.21.23
2026-06-24 03:16:11 install patch:arm64 <none> 2.7.6-7
2026-06-24 03:16:11 status half-installed patch:arm64 2.7.6-7
2026-06-24 03:16:11 status unpacked patch:arm64 2.7.6-7
2026-06-24 03:16:11 install make:arm64 <none> 4.3-4.1
2026-06-24 03:16:11 status half-installed make:arm64 4.3-4.1
2026-06-24 03:16:11 status unpacked make:arm64 4.3-4.1
2026-06-24 03:16:11 install dpkg-dev:all <none> 1.21.23
2026-06-24 03:16:11 status half-installed dpkg-dev:all 1.21.23
2026-06-24 03:16:11 status unpacked dpkg-dev:all 1.21.23
2026-06-24 03:16:11 install libcc1-0:arm64 <none> 12.2.0-14+deb12u1
2026-06-24 03:16:11 status half-installed libcc1-0:arm64 12.2.0-14+deb12u1
2026-06-24 03:16:11 status unpacked libcc1-0:arm64 12.2.0-14+deb12u1
2026-06-24 03:16:11 install libitm1:arm64 <none> 12.2.0-14+deb12u1
2026-06-24 03:16:11 status half-installed libitm1:arm64 12.2.0-14+deb12u1
2026-06-24 03:16:11 status unpacked libitm1:arm64 12.2.0-14+deb12u1
2026-06-24 03:16:11 install libatomic1:arm64 <none> 12.2.0-14+deb12u1
2026-06-24 03:16:11 status half-installed libatomic1:arm64 12.2.0-14+deb12u1
2026-06-24 03:16:11 status unpacked libatomic1:arm64 12.2.0-14+deb12u1
2026-06-24 03:16:11 install libasan8:arm64 <none> 12.2.0-14+deb12u1
2026-06-24 03:16:11 status half-installed libasan8:arm64 12.2.0-14+deb12u1
2026-06-24 03:16:11 status unpacked libasan8:arm64 12.2.0-14+deb12u1
2026-06-24 03:16:11 install liblsan0:arm64 <none> 12.2.0-14+deb12u1
2026-06-24 03:16:11 status half-installed liblsan0:arm64 12.2.0-14+deb12u1
2026-06-24 03:16:11 status unpacked liblsan0:arm64 12.2.0-14+deb12u1
2026-06-24 03:16:11 install libtsan2:arm64 <none> 12.2.0-14+deb12u1
2026-06-24 03:16:11 status half-installed libtsan2:arm64 12.2.0-14+deb12u1
2026-06-24 03:16:11 status unpacked libtsan2:arm64 12.2.0-14+deb12u1
2026-06-24 03:16:11 install libubsan1:arm64 <none> 12.2.0-14+deb12u1
2026-06-24 03:16:11 status half-installed libubsan1:arm64 12.2.0-14+deb12u1
2026-06-24 03:16:12 status unpacked libubsan1:arm64 12.2.0-14+deb12u1
2026-06-24 03:16:12 install libhwasan0:arm64 <none> 12.2.0-14+deb12u1
2026-06-24 03:16:12 status half-installed libhwasan0:arm64 12.2.0-14+deb12u1
2026-06-24 03:16:12 status unpacked libhwasan0:arm64 12.2.0-14+deb12u1
2026-06-24 03:16:12 install libgcc-12-dev:arm64 <none> 12.2.0-14+deb12u1
2026-06-24 03:16:12 status half-installed libgcc-12-dev:arm64 12.2.0-14+deb12u1
2026-06-24 03:16:12 status unpacked libgcc-12-dev:arm64 12.2.0-14+deb12u1
2026-06-24 03:16:12 install gcc-12:arm64 <none> 12.2.0-14+deb12u1
2026-06-24 03:16:12 status half-installed gcc-12:arm64 12.2.0-14+deb12u1
2026-06-24 03:16:12 status unpacked gcc-12:arm64 12.2.0-14+deb12u1
2026-06-24 03:16:12 install gcc:arm64 <none> 4:12.2.0-3
2026-06-24 03:16:12 status half-installed gcc:arm64 4:12.2.0-3
2026-06-24 03:16:12 status unpacked gcc:arm64 4:12.2.0-3
2026-06-24 03:16:12 install libstdc++-12-dev:arm64 <none> 12.2.0-14+deb12u1
2026-06-24 03:16:12 status half-installed libstdc++-12-dev:arm64 12.2.0-14+deb12u1
2026-06-24 03:16:12 status unpacked libstdc++-12-dev:arm64 12.2.0-14+deb12u1
2026-06-24 03:16:13 install g++-12:arm64 <none> 12.2.0-14+deb12u1
2026-06-24 03:16:13 status half-installed g++-12:arm64 12.2.0-14+deb12u1
2026-06-24 03:16:13 status unpacked g++-12:arm64 12.2.0-14+deb12u1
2026-06-24 03:16:13 install g++:arm64 <none> 4:12.2.0-3
2026-06-24 03:16:13 status half-installed g++:arm64 4:12.2.0-3
2026-06-24 03:16:13 status unpacked g++:arm64 4:12.2.0-3
2026-06-24 03:16:13 install hicolor-icon-theme:all <none> 0.17-2
2026-06-24 03:16:13 status half-installed hicolor-icon-theme:all 0.17-2
2026-06-24 03:16:13 status unpacked hicolor-icon-theme:all 0.17-2
2026-06-24 03:16:13 install imagemagick-6.q16:arm64 <none> 8:6.9.11.60+dfsg-1.6+deb12u11
2026-06-24 03:16:13 status half-installed imagemagick-6.q16:arm64 8:6.9.11.60+dfsg-1.6+deb12u11
2026-06-24 03:16:13 status unpacked imagemagick-6.q16:arm64 8:6.9.11.60+dfsg-1.6+deb12u11
2026-06-24 03:16:13 install imagemagick:arm64 <none> 8:6.9.11.60+dfsg-1.6+deb12u11
2026-06-24 03:16:13 status half-installed imagemagick:arm64 8:6.9.11.60+dfsg-1.6+deb12u11
2026-06-24 03:16:13 status unpacked imagemagick:arm64 8:6.9.11.60+dfsg-1.6+deb12u11
2026-06-24 03:16:13 install libgssrpc4:arm64 <none> 1.20.1-2+deb12u5
2026-06-24 03:16:13 status half-installed libgssrpc4:arm64 1.20.1-2+deb12u5
2026-06-24 03:16:13 status unpacked libgssrpc4:arm64 1.20.1-2+deb12u5
2026-06-24 03:16:13 install libkdb5-10:arm64 <none> 1.20.1-2+deb12u5
2026-06-24 03:16:13 status half-installed libkdb5-10:arm64 1.20.1-2+deb12u5
2026-06-24 03:16:13 status unpacked libkdb5-10:arm64 1.20.1-2+deb12u5
2026-06-24 03:16:13 install libkadm5srv-mit12:arm64 <none> 1.20.1-2+deb12u5
2026-06-24 03:16:13 status half-installed libkadm5srv-mit12:arm64 1.20.1-2+deb12u5
2026-06-24 03:16:13 status unpacked libkadm5srv-mit12:arm64 1.20.1-2+deb12u5
2026-06-24 03:16:13 install libkadm5clnt-mit12:arm64 <none> 1.20.1-2+deb12u5
2026-06-24 03:16:13 status half-installed libkadm5clnt-mit12:arm64 1.20.1-2+deb12u5
2026-06-24 03:16:13 status unpacked libkadm5clnt-mit12:arm64 1.20.1-2+deb12u5
2026-06-24 03:16:13 install krb5-multidev:arm64 <none> 1.20.1-2+deb12u5
2026-06-24 03:16:13 status half-installed krb5-multidev:arm64 1.20.1-2+deb12u5
2026-06-24 03:16:14 status unpacked krb5-multidev:arm64 1.20.1-2+deb12u5
2026-06-24 03:16:14 install libcurl4-openssl-dev:arm64 <none> 7.88.1-10+deb12u14
2026-06-24 03:16:14 status half-installed libcurl4-openssl-dev:arm64 7.88.1-10+deb12u14
2026-06-24 03:16:14 status unpacked libcurl4-openssl-dev:arm64 7.88.1-10+deb12u14
2026-06-24 03:16:14 install libdb5.3-dev:arm64 <none> 5.3.28+dfsg2-1
2026-06-24 03:16:14 status half-installed libdb5.3-dev:arm64 5.3.28+dfsg2-1
2026-06-24 03:16:14 status unpacked libdb5.3-dev:arm64 5.3.28+dfsg2-1
2026-06-24 03:16:14 install libdb-dev:arm64 <none> 5.3.2
2026-06-24 03:16:14 status half-installed libdb-dev:arm64 5.3.2
2026-06-24 03:16:14 status unpacked libdb-dev:arm64 5.3.2
2026-06-24 03:16:14 install libevent-2.1-7:arm64 <none> 2.1.12-stable-8
2026-06-24 03:16:14 status half-installed libevent-2.1-7:arm64 2.1.12-stable-8
2026-06-24 03:16:14 status unpacked libevent-2.1-7:arm64 2.1.12-stable-8
2026-06-24 03:16:14 install libevent-core-2.1-7:arm64 <none> 2.1.12-stable-8
2026-06-24 03:16:14 status half-installed libevent-core-2.1-7:arm64 2.1.12-stable-8
2026-06-24 03:16:14 status unpacked libevent-core-2.1-7:arm64 2.1.12-stable-8
2026-06-24 03:16:14 install libevent-extra-2.1-7:arm64 <none> 2.1.12-stable-8
2026-06-24 03:16:14 status half-installed libevent-extra-2.1-7:arm64 2.1.12-stable-8
2026-06-24 03:16:14 status unpacked libevent-extra-2.1-7:arm64 2.1.12-stable-8
2026-06-24 03:16:14 install libevent-pthreads-2.1-7:arm64 <none> 2.1.12-stable-8
2026-06-24 03:16:14 status half-installed libevent-pthreads-2.1-7:arm64 2.1.12-stable-8
2026-06-24 03:16:14 status unpacked libevent-pthreads-2.1-7:arm64 2.1.12-stable-8
2026-06-24 03:16:14 install libevent-openssl-2.1-7:arm64 <none> 2.1.12-stable-8
2026-06-24 03:16:14 status half-installed libevent-openssl-2.1-7:arm64 2.1.12-stable-8
2026-06-24 03:16:14 status unpacked libevent-openssl-2.1-7:arm64 2.1.12-stable-8
2026-06-24 03:16:14 install libevent-dev:arm64 <none> 2.1.12-stable-8
2026-06-24 03:16:14 status half-installed libevent-dev:arm64 2.1.12-stable-8
2026-06-24 03:16:14 status unpacked libevent-dev:arm64 2.1.12-stable-8
2026-06-24 03:16:14 install libgdbm-dev:arm64 <none> 1.23-3
2026-06-24 03:16:14 status half-installed libgdbm-dev:arm64 1.23-3
2026-06-24 03:16:14 status unpacked libgdbm-dev:arm64 1.23-3
2026-06-24 03:16:14 install libgmpxx4ldbl:arm64 <none> 2:6.2.1+dfsg1-1.1
2026-06-24 03:16:14 status half-installed libgmpxx4ldbl:arm64 2:6.2.1+dfsg1-1.1
2026-06-24 03:16:14 status unpacked libgmpxx4ldbl:arm64 2:6.2.1+dfsg1-1.1
2026-06-24 03:16:14 install libgmp-dev:arm64 <none> 2:6.2.1+dfsg1-1.1
2026-06-24 03:16:14 status half-installed libgmp-dev:arm64 2:6.2.1+dfsg1-1.1
2026-06-24 03:16:14 status unpacked libgmp-dev:arm64 2:6.2.1+dfsg1-1.1
2026-06-24 03:16:14 install libkrb5-dev:arm64 <none> 1.20.1-2+deb12u5
2026-06-24 03:16:14 status half-installed libkrb5-dev:arm64 1.20.1-2+deb12u5
2026-06-24 03:16:14 status unpacked libkrb5-dev:arm64 1.20.1-2+deb12u5
2026-06-24 03:16:14 install libmaxminddb0:arm64 <none> 1.7.1-1
2026-06-24 03:16:14 status half-installed libmaxminddb0:arm64 1.7.1-1
2026-06-24 03:16:14 status unpacked libmaxminddb0:arm64 1.7.1-1
2026-06-24 03:16:14 install libmaxminddb-dev:arm64 <none> 1.7.1-1
2026-06-24 03:16:14 status half-installed libmaxminddb-dev:arm64 1.7.1-1
2026-06-24 03:16:14 status unpacked libmaxminddb-dev:arm64 1.7.1-1
2026-06-24 03:16:14 install libncurses6:arm64 <none> 6.4-4
2026-06-24 03:16:14 status half-installed libncurses6:arm64 6.4-4
2026-06-24 03:16:14 status unpacked libncurses6:arm64 6.4-4
2026-06-24 03:16:14 install libncurses-dev:arm64 <none> 6.4-4
2026-06-24 03:16:14 status half-installed libncurses-dev:arm64 6.4-4
2026-06-24 03:16:15 status unpacked libncurses-dev:arm64 6.4-4
2026-06-24 03:16:15 install libncurses5-dev:arm64 <none> 6.4-4
2026-06-24 03:16:15 status half-installed libncurses5-dev:arm64 6.4-4
2026-06-24 03:16:15 status unpacked libncurses5-dev:arm64 6.4-4
2026-06-24 03:16:15 install libncursesw5-dev:arm64 <none> 6.4-4
2026-06-24 03:16:15 status half-installed libncursesw5-dev:arm64 6.4-4
2026-06-24 03:16:15 status unpacked libncursesw5-dev:arm64 6.4-4
2026-06-24 03:16:15 install libpq5:arm64 <none> 15.18-0+deb12u1
2026-06-24 03:16:15 status half-installed libpq5:arm64 15.18-0+deb12u1
2026-06-24 03:16:15 status unpacked libpq5:arm64 15.18-0+deb12u1
2026-06-24 03:16:15 install libpq-dev:arm64 <none> 15.18-0+deb12u1
2026-06-24 03:16:15 status half-installed libpq-dev:arm64 15.18-0+deb12u1
2026-06-24 03:16:15 status unpacked libpq-dev:arm64 15.18-0+deb12u1
2026-06-24 03:16:15 install libreadline-dev:arm64 <none> 8.2-1.3
2026-06-24 03:16:15 status half-installed libreadline-dev:arm64 8.2-1.3
2026-06-24 03:16:15 status unpacked libreadline-dev:arm64 8.2-1.3
2026-06-24 03:16:15 install libsqlite3-dev:arm64 <none> 3.40.1-2+deb12u2
2026-06-24 03:16:15 status half-installed libsqlite3-dev:arm64 3.40.1-2+deb12u2
2026-06-24 03:16:15 status unpacked libsqlite3-dev:arm64 3.40.1-2+deb12u2
2026-06-24 03:16:15 install libtool:all <none> 2.4.7-7~deb12u1
2026-06-24 03:16:15 status half-installed libtool:all 2.4.7-7~deb12u1
2026-06-24 03:16:15 status unpacked libtool:all 2.4.7-7~deb12u1
2026-06-24 03:16:15 install libxslt1.1:arm64 <none> 1.1.35-1+deb12u4
2026-06-24 03:16:15 status half-installed libxslt1.1:arm64 1.1.35-1+deb12u4
2026-06-24 03:16:15 status unpacked libxslt1.1:arm64 1.1.35-1+deb12u4
2026-06-24 03:16:15 install libxslt1-dev:arm64 <none> 1.1.35-1+deb12u4
2026-06-24 03:16:15 status half-installed libxslt1-dev:arm64 1.1.35-1+deb12u4
2026-06-24 03:16:15 status unpacked libxslt1-dev:arm64 1.1.35-1+deb12u4
2026-06-24 03:16:15 install libyaml-0-2:arm64 <none> 0.2.5-1
2026-06-24 03:16:15 status half-installed libyaml-0-2:arm64 0.2.5-1
2026-06-24 03:16:15 status unpacked libyaml-0-2:arm64 0.2.5-1
2026-06-24 03:16:15 install libyaml-dev:arm64 <none> 0.2.5-1
2026-06-24 03:16:15 status half-installed libyaml-dev:arm64 0.2.5-1
2026-06-24 03:16:15 status unpacked libyaml-dev:arm64 0.2.5-1
2026-06-24 03:16:15 install unzip:arm64 <none> 6.0-28
2026-06-24 03:16:15 status half-installed unzip:arm64 6.0-28
2026-06-24 03:16:15 status unpacked unzip:arm64 6.0-28
2026-06-24 03:16:15 startup packages configure
2026-06-24 03:16:15 configure libgraphite2-3:arm64 1.3.14-1 <none>
2026-06-24 03:16:15 status unpacked libgraphite2-3:arm64 1.3.14-1
2026-06-24 03:16:15 status half-configured libgraphite2-3:arm64 1.3.14-1
2026-06-24 03:16:15 status installed libgraphite2-3:arm64 1.3.14-1
2026-06-24 03:16:15 configure liblcms2-2:arm64 2.14-2+deb12u1 <none>
2026-06-24 03:16:15 status unpacked liblcms2-2:arm64 2.14-2+deb12u1
2026-06-24 03:16:15 status half-configured liblcms2-2:arm64 2.14-2+deb12u1
2026-06-24 03:16:15 status installed liblcms2-2:arm64 2.14-2+deb12u1
2026-06-24 03:16:15 configure libpixman-1-0:arm64 0.42.2-1 <none>
2026-06-24 03:16:15 status unpacked libpixman-1-0:arm64 0.42.2-1
2026-06-24 03:16:15 status half-configured libpixman-1-0:arm64 0.42.2-1
2026-06-24 03:16:15 status installed libpixman-1-0:arm64 0.42.2-1
2026-06-24 03:16:15 configure libaom3:arm64 3.6.0-1+deb12u2 <none>
2026-06-24 03:16:15 status unpacked libaom3:arm64 3.6.0-1+deb12u2
2026-06-24 03:16:15 status half-configured libaom3:arm64 3.6.0-1+deb12u2
2026-06-24 03:16:15 status installed libaom3:arm64 3.6.0-1+deb12u2
2026-06-24 03:16:15 configure mysql-common:all 5.8+1.1.0 <none>
2026-06-24 03:16:15 status unpacked mysql-common:all 5.8+1.1.0
2026-06-24 03:16:15 status half-configured mysql-common:all 5.8+1.1.0
2026-06-24 03:16:15 status installed mysql-common:all 5.8+1.1.0
2026-06-24 03:16:15 configure libxau6:arm64 1:1.0.9-1 <none>
2026-06-24 03:16:15 status unpacked libxau6:arm64 1:1.0.9-1
2026-06-24 03:16:15 status half-configured libxau6:arm64 1:1.0.9-1
2026-06-24 03:16:15 status installed libxau6:arm64 1:1.0.9-1
2026-06-24 03:16:15 configure imagemagick-6-common:all 8:6.9.11.60+dfsg-1.6+deb12u11 <none>
2026-06-24 03:16:15 status unpacked imagemagick-6-common:all 8:6.9.11.60+dfsg-1.6+deb12u11
2026-06-24 03:16:15 status half-configured imagemagick-6-common:all 8:6.9.11.60+dfsg-1.6+deb12u11
2026-06-24 03:16:15 status installed imagemagick-6-common:all 8:6.9.11.60+dfsg-1.6+deb12u11
2026-06-24 03:16:15 configure libxdmcp6:arm64 1:1.1.2-3 <none>
2026-06-24 03:16:15 status unpacked libxdmcp6:arm64 1:1.1.2-3
2026-06-24 03:16:15 status half-configured libxdmcp6:arm64 1:1.1.2-3
2026-06-24 03:16:15 status installed libxdmcp6:arm64 1:1.1.2-3
2026-06-24 03:16:15 configure libxcb1:arm64 1.15-1 <none>
2026-06-24 03:16:15 status unpacked libxcb1:arm64 1.15-1
2026-06-24 03:16:15 status half-configured libxcb1:arm64 1.15-1
2026-06-24 03:16:15 status installed libxcb1:arm64 1.15-1
2026-06-24 03:16:15 configure libpixman-1-dev:arm64 0.42.2-1 <none>
2026-06-24 03:16:15 status unpacked libpixman-1-dev:arm64 0.42.2-1
2026-06-24 03:16:15 status half-configured libpixman-1-dev:arm64 0.42.2-1
2026-06-24 03:16:15 status installed libpixman-1-dev:arm64 0.42.2-1
2026-06-24 03:16:15 configure libicu72:arm64 72.1-3+deb12u1 <none>
2026-06-24 03:16:15 status unpacked libicu72:arm64 72.1-3+deb12u1
2026-06-24 03:16:15 status half-configured libicu72:arm64 72.1-3+deb12u1
2026-06-24 03:16:16 status installed libicu72:arm64 72.1-3+deb12u1
2026-06-24 03:16:16 configure liblerc4:arm64 4.0.0+ds-2 <none>
2026-06-24 03:16:16 status unpacked liblerc4:arm64 4.0.0+ds-2
2026-06-24 03:16:16 status half-configured liblerc4:arm64 4.0.0+ds-2
2026-06-24 03:16:16 status installed liblerc4:arm64 4.0.0+ds-2
2026-06-24 03:16:16 configure libzstd-dev:arm64 1.5.4+dfsg2-5 <none>
2026-06-24 03:16:16 status unpacked libzstd-dev:arm64 1.5.4+dfsg2-5
2026-06-24 03:16:16 status half-configured libzstd-dev:arm64 1.5.4+dfsg2-5
2026-06-24 03:16:16 status installed libzstd-dev:arm64 1.5.4+dfsg2-5
2026-06-24 03:16:16 configure hicolor-icon-theme:all 0.17-2 <none>
2026-06-24 03:16:16 status unpacked hicolor-icon-theme:all 0.17-2
2026-06-24 03:16:16 status half-configured hicolor-icon-theme:all 0.17-2
2026-06-24 03:16:16 status installed hicolor-icon-theme:all 0.17-2
2026-06-24 03:16:16 configure libwmflite-0.2-7:arm64 0.2.12-5.1 <none>
2026-06-24 03:16:16 status unpacked libwmflite-0.2-7:arm64 0.2.12-5.1
2026-06-24 03:16:16 status half-configured libwmflite-0.2-7:arm64 0.2.12-5.1
2026-06-24 03:16:16 status installed libwmflite-0.2-7:arm64 0.2.12-5.1
2026-06-24 03:16:16 configure libdatrie1:arm64 0.2.13-2+b1 <none>
2026-06-24 03:16:16 status unpacked libdatrie1:arm64 0.2.13-2+b1
2026-06-24 03:16:16 status half-configured libdatrie1:arm64 0.2.13-2+b1
2026-06-24 03:16:16 status installed libdatrie1:arm64 0.2.13-2+b1
2026-06-24 03:16:16 configure libmagic-mgc:arm64 1:5.44-3 <none>
2026-06-24 03:16:16 status unpacked libmagic-mgc:arm64 1:5.44-3
2026-06-24 03:16:16 status half-configured libmagic-mgc:arm64 1:5.44-3
2026-06-24 03:16:16 status installed libmagic-mgc:arm64 1:5.44-3
2026-06-24 03:16:16 configure libxcb-render0:arm64 1.15-1 <none>
2026-06-24 03:16:16 status unpacked libxcb-render0:arm64 1.15-1
2026-06-24 03:16:16 status half-configured libxcb-render0:arm64 1.15-1
2026-06-24 03:16:16 status installed libxcb-render0:arm64 1.15-1
2026-06-24 03:16:16 configure libyaml-0-2:arm64 0.2.5-1 <none>
2026-06-24 03:16:16 status unpacked libyaml-0-2:arm64 0.2.5-1
2026-06-24 03:16:16 status half-configured libyaml-0-2:arm64 0.2.5-1
2026-06-24 03:16:16 status installed libyaml-0-2:arm64 0.2.5-1
2026-06-24 03:16:16 configure libglib2.0-0:arm64 2.74.6-2+deb12u9 <none>
2026-06-24 03:16:16 status unpacked libglib2.0-0:arm64 2.74.6-2+deb12u9
2026-06-24 03:16:16 status half-configured libglib2.0-0:arm64 2.74.6-2+deb12u9
2026-06-24 03:16:16 status installed libglib2.0-0:arm64 2.74.6-2+deb12u9
2026-06-24 03:16:16 configure libmaxminddb0:arm64 1.7.1-1 <none>
2026-06-24 03:16:16 status unpacked libmaxminddb0:arm64 1.7.1-1
2026-06-24 03:16:16 status half-configured libmaxminddb0:arm64 1.7.1-1
2026-06-24 03:16:16 status installed libmaxminddb0:arm64 1.7.1-1
2026-06-24 03:16:16 configure unzip:arm64 6.0-28 <none>
2026-06-24 03:16:16 status unpacked unzip:arm64 6.0-28
2026-06-24 03:16:16 status half-configured unzip:arm64 6.0-28
2026-06-24 03:16:16 status installed unzip:arm64 6.0-28
2026-06-24 03:16:16 configure libmaxminddb-dev:arm64 1.7.1-1 <none>
2026-06-24 03:16:16 status unpacked libmaxminddb-dev:arm64 1.7.1-1
2026-06-24 03:16:16 status half-configured libmaxminddb-dev:arm64 1.7.1-1
2026-06-24 03:16:16 status installed libmaxminddb-dev:arm64 1.7.1-1
2026-06-24 03:16:16 configure libgdk-pixbuf2.0-common:all 2.42.10+dfsg-1+deb12u4 <none>
2026-06-24 03:16:16 status unpacked libgdk-pixbuf2.0-common:all 2.42.10+dfsg-1+deb12u4
2026-06-24 03:16:16 status half-configured libgdk-pixbuf2.0-common:all 2.42.10+dfsg-1+deb12u4
2026-06-24 03:16:16 status installed libgdk-pixbuf2.0-common:all 2.42.10+dfsg-1+deb12u4
2026-06-24 03:16:16 configure binutils-common:arm64 2.40-2 <none>
2026-06-24 03:16:16 status unpacked binutils-common:arm64 2.40-2
2026-06-24 03:16:16 status half-configured binutils-common:arm64 2.40-2
2026-06-24 03:16:16 status installed binutils-common:arm64 2.40-2
2026-06-24 03:16:16 configure x11-common:all 1:7.7+23 <none>
2026-06-24 03:16:16 status unpacked x11-common:all 1:7.7+23
2026-06-24 03:16:16 status half-configured x11-common:all 1:7.7+23
2026-06-24 03:16:16 status installed x11-common:all 1:7.7+23
2026-06-24 03:16:16 configure libmagic1:arm64 1:5.44-3 <none>
2026-06-24 03:16:16 status unpacked libmagic1:arm64 1:5.44-3
2026-06-24 03:16:16 status half-configured libmagic1:arm64 1:5.44-3
2026-06-24 03:16:16 status installed libmagic1:arm64 1:5.44-3
2026-06-24 03:16:16 configure libpq5:arm64 15.18-0+deb12u1 <none>
2026-06-24 03:16:16 status unpacked libpq5:arm64 15.18-0+deb12u1
2026-06-24 03:16:16 status half-configured libpq5:arm64 15.18-0+deb12u1
2026-06-24 03:16:16 status installed libpq5:arm64 15.18-0+deb12u1
2026-06-24 03:16:16 configure libdeflate0:arm64 1.14-1 <none>
2026-06-24 03:16:16 status unpacked libdeflate0:arm64 1.14-1
2026-06-24 03:16:16 status half-configured libdeflate0:arm64 1.14-1
2026-06-24 03:16:16 status installed libdeflate0:arm64 1.14-1
2026-06-24 03:16:16 configure linux-libc-dev:arm64 6.1.174-1 <none>
2026-06-24 03:16:16 status unpacked linux-libc-dev:arm64 6.1.174-1
2026-06-24 03:16:16 status half-configured linux-libc-dev:arm64 6.1.174-1
2026-06-24 03:16:16 status installed linux-libc-dev:arm64 6.1.174-1
2026-06-24 03:16:16 configure libctf-nobfd0:arm64 2.40-2 <none>
2026-06-24 03:16:16 status unpacked libctf-nobfd0:arm64 2.40-2
2026-06-24 03:16:16 status half-configured libctf-nobfd0:arm64 2.40-2
2026-06-24 03:16:16 status installed libctf-nobfd0:arm64 2.40-2
2026-06-24 03:16:16 configure m4:arm64 1.4.19-3 <none>
2026-06-24 03:16:16 status unpacked m4:arm64 1.4.19-3
2026-06-24 03:16:16 status half-configured m4:arm64 1.4.19-3
2026-06-24 03:16:16 status installed m4:arm64 1.4.19-3
2026-06-24 03:16:16 configure liblzo2-2:arm64 2.10-2 <none>
2026-06-24 03:16:16 status unpacked liblzo2-2:arm64 2.10-2
2026-06-24 03:16:16 status half-configured liblzo2-2:arm64 2.10-2
2026-06-24 03:16:16 status installed liblzo2-2:arm64 2.10-2
2026-06-24 03:16:16 configure libxcb-shm0:arm64 1.15-1 <none>
2026-06-24 03:16:16 status unpacked libxcb-shm0:arm64 1.15-1
2026-06-24 03:16:16 status half-configured libxcb-shm0:arm64 1.15-1
2026-06-24 03:16:16 status installed libxcb-shm0:arm64 1.15-1
2026-06-24 03:16:16 configure file:arm64 1:5.44-3 <none>
2026-06-24 03:16:16 status unpacked file:arm64 1:5.44-3
2026-06-24 03:16:16 status half-configured file:arm64 1:5.44-3
2026-06-24 03:16:16 status installed file:arm64 1:5.44-3
2026-06-24 03:16:16 configure libgomp1:arm64 12.2.0-14+deb12u1 <none>
2026-06-24 03:16:16 status unpacked libgomp1:arm64 12.2.0-14+deb12u1
2026-06-24 03:16:16 status half-configured libgomp1:arm64 12.2.0-14+deb12u1
2026-06-24 03:16:16 status installed libgomp1:arm64 12.2.0-14+deb12u1
2026-06-24 03:16:16 configure libimath-3-1-29:arm64 3.1.6-1 <none>
2026-06-24 03:16:16 status unpacked libimath-3-1-29:arm64 3.1.6-1
2026-06-24 03:16:16 status half-configured libimath-3-1-29:arm64 3.1.6-1
2026-06-24 03:16:16 status installed libimath-3-1-29:arm64 3.1.6-1
2026-06-24 03:16:16 configure bzip2:arm64 1.0.8-5+b1 <none>
2026-06-24 03:16:16 status unpacked bzip2:arm64 1.0.8-5+b1
2026-06-24 03:16:16 status half-configured bzip2:arm64 1.0.8-5+b1
2026-06-24 03:16:16 status installed bzip2:arm64 1.0.8-5+b1
2026-06-24 03:16:16 configure libffi-dev:arm64 3.4.4-1 <none>
2026-06-24 03:16:16 status unpacked libffi-dev:arm64 3.4.4-1
2026-06-24 03:16:16 status half-configured libffi-dev:arm64 3.4.4-1
2026-06-24 03:16:16 status installed libffi-dev:arm64 3.4.4-1
2026-06-24 03:16:16 configure libpthread-stubs0-dev:arm64 0.4-1 <none>
2026-06-24 03:16:16 status unpacked libpthread-stubs0-dev:arm64 0.4-1
2026-06-24 03:16:16 status half-configured libpthread-stubs0-dev:arm64 0.4-1
2026-06-24 03:16:16 status installed libpthread-stubs0-dev:arm64 0.4-1
2026-06-24 03:16:16 configure libjbig0:arm64 2.1-6.1 <none>
2026-06-24 03:16:16 status unpacked libjbig0:arm64 2.1-6.1
2026-06-24 03:16:16 status half-configured libjbig0:arm64 2.1-6.1
2026-06-24 03:16:16 status installed libjbig0:arm64 2.1-6.1
2026-06-24 03:16:16 configure libpcre2-16-0:arm64 10.42-1 <none>
2026-06-24 03:16:16 status unpacked libpcre2-16-0:arm64 10.42-1
2026-06-24 03:16:16 status half-configured libpcre2-16-0:arm64 10.42-1
2026-06-24 03:16:16 status installed libpcre2-16-0:arm64 10.42-1
2026-06-24 03:16:16 configure libjansson4:arm64 2.14-2 <none>
2026-06-24 03:16:16 status unpacked libjansson4:arm64 2.14-2
2026-06-24 03:16:16 status half-configured libjansson4:arm64 2.14-2
2026-06-24 03:16:16 status installed libjansson4:arm64 2.14-2
2026-06-24 03:16:16 configure mariadb-common:all 1:10.11.14-0+deb12u2 <none>
2026-06-24 03:16:16 status unpacked mariadb-common:all 1:10.11.14-0+deb12u2
2026-06-24 03:16:16 status half-configured mariadb-common:all 1:10.11.14-0+deb12u2
2026-06-24 03:16:16 status installed mariadb-common:all 1:10.11.14-0+deb12u2
2026-06-24 03:16:16 configure libgssrpc4:arm64 1.20.1-2+deb12u5 <none>
2026-06-24 03:16:16 status unpacked libgssrpc4:arm64 1.20.1-2+deb12u5
2026-06-24 03:16:16 status half-configured libgssrpc4:arm64 1.20.1-2+deb12u5
2026-06-24 03:16:16 status installed libgssrpc4:arm64 1.20.1-2+deb12u5
2026-06-24 03:16:16 configure xtrans-dev:all 1.4.0-1 <none>
2026-06-24 03:16:16 status unpacked xtrans-dev:all 1.4.0-1
2026-06-24 03:16:16 status half-configured xtrans-dev:all 1.4.0-1
2026-06-24 03:16:16 status installed xtrans-dev:all 1.4.0-1
2026-06-24 03:16:16 configure autotools-dev:all 20220109.1 <none>
2026-06-24 03:16:16 status unpacked autotools-dev:all 20220109.1
2026-06-24 03:16:16 status half-configured autotools-dev:all 20220109.1
2026-06-24 03:16:16 status installed autotools-dev:all 20220109.1
2026-06-24 03:16:16 configure libpcre2-32-0:arm64 10.42-1 <none>
2026-06-24 03:16:16 status unpacked libpcre2-32-0:arm64 10.42-1
2026-06-24 03:16:16 status half-configured libpcre2-32-0:arm64 10.42-1
2026-06-24 03:16:16 status installed libpcre2-32-0:arm64 10.42-1
2026-06-24 03:16:16 configure libglib2.0-data:all 2.74.6-2+deb12u9 <none>
2026-06-24 03:16:16 status unpacked libglib2.0-data:all 2.74.6-2+deb12u9
2026-06-24 03:16:16 status half-configured libglib2.0-data:all 2.74.6-2+deb12u9
2026-06-24 03:16:16 status installed libglib2.0-data:all 2.74.6-2+deb12u9
2026-06-24 03:16:16 configure libtirpc-dev:arm64 1.3.3+ds-1 <none>
2026-06-24 03:16:16 status unpacked libtirpc-dev:arm64 1.3.3+ds-1
2026-06-24 03:16:16 status half-configured libtirpc-dev:arm64 1.3.3+ds-1
2026-06-24 03:16:16 status installed libtirpc-dev:arm64 1.3.3+ds-1
2026-06-24 03:16:16 configure libpkgconf3:arm64 1.8.1-1 <none>
2026-06-24 03:16:16 status unpacked libpkgconf3:arm64 1.8.1-1
2026-06-24 03:16:16 status half-configured libpkgconf3:arm64 1.8.1-1
2026-06-24 03:16:16 status installed libpkgconf3:arm64 1.8.1-1
2026-06-24 03:16:16 configure libgmpxx4ldbl:arm64 2:6.2.1+dfsg1-1.1 <none>
2026-06-24 03:16:16 status unpacked libgmpxx4ldbl:arm64 2:6.2.1+dfsg1-1.1
2026-06-24 03:16:16 status half-configured libgmpxx4ldbl:arm64 2:6.2.1+dfsg1-1.1
2026-06-24 03:16:16 status installed libgmpxx4ldbl:arm64 2:6.2.1+dfsg1-1.1
2026-06-24 03:16:16 configure rpcsvc-proto:arm64 1.4.3-1 <none>
2026-06-24 03:16:16 status unpacked rpcsvc-proto:arm64 1.4.3-1
2026-06-24 03:16:16 status half-configured rpcsvc-proto:arm64 1.4.3-1
2026-06-24 03:16:16 status installed rpcsvc-proto:arm64 1.4.3-1
2026-06-24 03:16:16 configure libjpeg62-turbo:arm64 1:2.1.5-2 <none>
2026-06-24 03:16:16 status unpacked libjpeg62-turbo:arm64 1:2.1.5-2
2026-06-24 03:16:16 status half-configured libjpeg62-turbo:arm64 1:2.1.5-2
2026-06-24 03:16:16 status installed libjpeg62-turbo:arm64 1:2.1.5-2
2026-06-24 03:16:16 configure libx11-data:all 2:1.8.4-2+deb12u2 <none>
2026-06-24 03:16:16 status unpacked libx11-data:all 2:1.8.4-2+deb12u2
2026-06-24 03:16:16 status half-configured libx11-data:all 2:1.8.4-2+deb12u2
2026-06-24 03:16:16 status installed libx11-data:all 2:1.8.4-2+deb12u2
2026-06-24 03:16:16 configure make:arm64 4.3-4.1 <none>
2026-06-24 03:16:16 status unpacked make:arm64 4.3-4.1
2026-06-24 03:16:16 status half-configured make:arm64 4.3-4.1
2026-06-24 03:16:16 status installed make:arm64 4.3-4.1
2026-06-24 03:16:16 configure libmpfr6:arm64 4.2.0-1 <none>
2026-06-24 03:16:16 status unpacked libmpfr6:arm64 4.2.0-1
2026-06-24 03:16:16 status half-configured libmpfr6:arm64 4.2.0-1
2026-06-24 03:16:16 status installed libmpfr6:arm64 4.2.0-1
2026-06-24 03:16:16 configure libcurl4-openssl-dev:arm64 7.88.1-10+deb12u14 <none>
2026-06-24 03:16:16 status unpacked libcurl4-openssl-dev:arm64 7.88.1-10+deb12u14
2026-06-24 03:16:16 status half-configured libcurl4-openssl-dev:arm64 7.88.1-10+deb12u14
2026-06-24 03:16:16 status installed libcurl4-openssl-dev:arm64 7.88.1-10+deb12u14
2026-06-24 03:16:16 configure libncurses6:arm64 6.4-4 <none>
2026-06-24 03:16:16 status unpacked libncurses6:arm64 6.4-4
2026-06-24 03:16:16 status half-configured libncurses6:arm64 6.4-4
2026-06-24 03:16:16 status installed libncurses6:arm64 6.4-4
2026-06-24 03:16:16 configure xz-utils:arm64 5.4.1-1 <none>
2026-06-24 03:16:16 status unpacked xz-utils:arm64 5.4.1-1
2026-06-24 03:16:16 status half-configured xz-utils:arm64 5.4.1-1
2026-06-24 03:16:16 status installed xz-utils:arm64 5.4.1-1
2026-06-24 03:16:16 configure libopenexr-3-1-30:arm64 3.1.5-5 <none>
2026-06-24 03:16:16 status unpacked libopenexr-3-1-30:arm64 3.1.5-5
2026-06-24 03:16:16 status half-configured libopenexr-3-1-30:arm64 3.1.5-5
2026-06-24 03:16:16 status installed libopenexr-3-1-30:arm64 3.1.5-5
2026-06-24 03:16:16 configure libfribidi0:arm64 1.0.8-2.1 <none>
2026-06-24 03:16:16 status unpacked libfribidi0:arm64 1.0.8-2.1
2026-06-24 03:16:16 status half-configured libfribidi0:arm64 1.0.8-2.1
2026-06-24 03:16:16 status installed libfribidi0:arm64 1.0.8-2.1
2026-06-24 03:16:16 configure libexif12:arm64 0.6.24-1+deb12u1 <none>
2026-06-24 03:16:16 status unpacked libexif12:arm64 0.6.24-1+deb12u1
2026-06-24 03:16:16 status half-configured libexif12:arm64 0.6.24-1+deb12u1
2026-06-24 03:16:16 status installed libexif12:arm64 0.6.24-1+deb12u1
2026-06-24 03:16:16 configure libssl-dev:arm64 3.0.20-1~deb12u2 <none>
2026-06-24 03:16:16 status unpacked libssl-dev:arm64 3.0.20-1~deb12u2
2026-06-24 03:16:17 status half-configured libssl-dev:arm64 3.0.20-1~deb12u2
2026-06-24 03:16:17 status installed libssl-dev:arm64 3.0.20-1~deb12u2
2026-06-24 03:16:17 configure libpng16-16:arm64 1.6.39-2+deb12u5 <none>
2026-06-24 03:16:17 status unpacked libpng16-16:arm64 1.6.39-2+deb12u5
2026-06-24 03:16:17 status half-configured libpng16-16:arm64 1.6.39-2+deb12u5
2026-06-24 03:16:17 status installed libpng16-16:arm64 1.6.39-2+deb12u5
2026-06-24 03:16:17 configure libmpc3:arm64 1.3.1-1 <none>
2026-06-24 03:16:17 status unpacked libmpc3:arm64 1.3.1-1
2026-06-24 03:16:17 status half-configured libmpc3:arm64 1.3.1-1
2026-06-24 03:16:17 status installed libmpc3:arm64 1.3.1-1
2026-06-24 03:16:17 configure libevent-core-2.1-7:arm64 2.1.12-stable-8 <none>
2026-06-24 03:16:17 status unpacked libevent-core-2.1-7:arm64 2.1.12-stable-8
2026-06-24 03:16:17 status half-configured libevent-core-2.1-7:arm64 2.1.12-stable-8
2026-06-24 03:16:17 status installed libevent-core-2.1-7:arm64 2.1.12-stable-8
2026-06-24 03:16:17 configure libatomic1:arm64 12.2.0-14+deb12u1 <none>
2026-06-24 03:16:17 status unpacked libatomic1:arm64 12.2.0-14+deb12u1
2026-06-24 03:16:17 status half-configured libatomic1:arm64 12.2.0-14+deb12u1
2026-06-24 03:16:17 status installed libatomic1:arm64 12.2.0-14+deb12u1
2026-06-24 03:16:17 configure libevent-2.1-7:arm64 2.1.12-stable-8 <none>
2026-06-24 03:16:17 status unpacked libevent-2.1-7:arm64 2.1.12-stable-8
2026-06-24 03:16:17 status half-configured libevent-2.1-7:arm64 2.1.12-stable-8
2026-06-24 03:16:17 status installed libevent-2.1-7:arm64 2.1.12-stable-8
2026-06-24 03:16:17 configure patch:arm64 2.7.6-7 <none>
2026-06-24 03:16:17 status unpacked patch:arm64 2.7.6-7
2026-06-24 03:16:17 status half-configured patch:arm64 2.7.6-7
2026-06-24 03:16:17 status installed patch:arm64 2.7.6-7
2026-06-24 03:16:17 configure icu-devtools:arm64 72.1-3+deb12u1 <none>
2026-06-24 03:16:17 status unpacked icu-devtools:arm64 72.1-3+deb12u1
2026-06-24 03:16:17 status half-configured icu-devtools:arm64 72.1-3+deb12u1
2026-06-24 03:16:17 status installed icu-devtools:arm64 72.1-3+deb12u1
2026-06-24 03:16:17 configure libmariadb3:arm64 1:10.11.14-0+deb12u2 <none>
2026-06-24 03:16:17 status unpacked libmariadb3:arm64 1:10.11.14-0+deb12u2
2026-06-24 03:16:17 status half-configured libmariadb3:arm64 1:10.11.14-0+deb12u2
2026-06-24 03:16:17 status installed libmariadb3:arm64 1:10.11.14-0+deb12u2
2026-06-24 03:16:17 configure fonts-dejavu-core:all 2.37-6 <none>
2026-06-24 03:16:17 status unpacked fonts-dejavu-core:all 2.37-6
2026-06-24 03:16:17 status half-configured fonts-dejavu-core:all 2.37-6
2026-06-24 03:16:17 status installed fonts-dejavu-core:all 2.37-6
2026-06-24 03:16:17 configure libsepol-dev:arm64 3.4-2.1 <none>
2026-06-24 03:16:17 status unpacked libsepol-dev:arm64 3.4-2.1
2026-06-24 03:16:17 status half-configured libsepol-dev:arm64 3.4-2.1
2026-06-24 03:16:17 status installed libsepol-dev:arm64 3.4-2.1
2026-06-24 03:16:17 configure pkgconf-bin:arm64 1.8.1-1 <none>
2026-06-24 03:16:17 status unpacked pkgconf-bin:arm64 1.8.1-1
2026-06-24 03:16:17 status half-configured pkgconf-bin:arm64 1.8.1-1
2026-06-24 03:16:17 status installed pkgconf-bin:arm64 1.8.1-1
2026-06-24 03:16:17 configure liblerc-dev:arm64 4.0.0+ds-2 <none>
2026-06-24 03:16:17 status unpacked liblerc-dev:arm64 4.0.0+ds-2
2026-06-24 03:16:17 status half-configured liblerc-dev:arm64 4.0.0+ds-2
2026-06-24 03:16:17 status installed liblerc-dev:arm64 4.0.0+ds-2
2026-06-24 03:16:17 configure libdav1d6:arm64 1.0.0-2+deb12u1 <none>
2026-06-24 03:16:17 status unpacked libdav1d6:arm64 1.0.0-2+deb12u1
2026-06-24 03:16:17 status half-configured libdav1d6:arm64 1.0.0-2+deb12u1
2026-06-24 03:16:17 status installed libdav1d6:arm64 1.0.0-2+deb12u1
2026-06-24 03:16:17 configure libltdl7:arm64 2.4.7-7~deb12u1 <none>
2026-06-24 03:16:17 status unpacked libltdl7:arm64 2.4.7-7~deb12u1
2026-06-24 03:16:17 status half-configured libltdl7:arm64 2.4.7-7~deb12u1
2026-06-24 03:16:17 status installed libltdl7:arm64 2.4.7-7~deb12u1
2026-06-24 03:16:17 configure libfftw3-double3:arm64 3.3.10-1 <none>
2026-06-24 03:16:17 status unpacked libfftw3-double3:arm64 3.3.10-1
2026-06-24 03:16:17 status half-configured libfftw3-double3:arm64 3.3.10-1
2026-06-24 03:16:17 status installed libfftw3-double3:arm64 3.3.10-1
2026-06-24 03:16:17 configure libdpkg-perl:all 1.21.23 <none>
2026-06-24 03:16:17 status unpacked libdpkg-perl:all 1.21.23
2026-06-24 03:16:17 status half-configured libdpkg-perl:all 1.21.23
2026-06-24 03:16:17 status installed libdpkg-perl:all 1.21.23
2026-06-24 03:16:17 configure autoconf:all 2.71-3 <none>
2026-06-24 03:16:17 status unpacked autoconf:all 2.71-3
2026-06-24 03:16:17 status half-configured autoconf:all 2.71-3
2026-06-24 03:16:17 status installed autoconf:all 2.71-3
2026-06-24 03:16:17 configure libwebp7:arm64 1.2.4-0.2+deb12u1 <none>
2026-06-24 03:16:17 status unpacked libwebp7:arm64 1.2.4-0.2+deb12u1
2026-06-24 03:16:17 status half-configured libwebp7:arm64 1.2.4-0.2+deb12u1
2026-06-24 03:16:17 status installed libwebp7:arm64 1.2.4-0.2+deb12u1
2026-06-24 03:16:17 configure liblcms2-dev:arm64 2.14-2+deb12u1 <none>
2026-06-24 03:16:17 status unpacked liblcms2-dev:arm64 2.14-2+deb12u1
2026-06-24 03:16:17 status half-configured liblcms2-dev:arm64 2.14-2+deb12u1
2026-06-24 03:16:17 status installed liblcms2-dev:arm64 2.14-2+deb12u1
2026-06-24 03:16:17 configure liblzma-dev:arm64 5.4.1-1 <none>
2026-06-24 03:16:17 status unpacked liblzma-dev:arm64 5.4.1-1
2026-06-24 03:16:17 status half-configured liblzma-dev:arm64 5.4.1-1
2026-06-24 03:16:17 status installed liblzma-dev:arm64 5.4.1-1
2026-06-24 03:16:17 configure libubsan1:arm64 12.2.0-14+deb12u1 <none>
2026-06-24 03:16:17 status unpacked libubsan1:arm64 12.2.0-14+deb12u1
2026-06-24 03:16:17 status half-configured libubsan1:arm64 12.2.0-14+deb12u1
2026-06-24 03:16:17 status installed libubsan1:arm64 12.2.0-14+deb12u1
2026-06-24 03:16:17 configure libnuma1:arm64 2.0.16-1 <none>
2026-06-24 03:16:17 status unpacked libnuma1:arm64 2.0.16-1
2026-06-24 03:16:17 status half-configured libnuma1:arm64 2.0.16-1
2026-06-24 03:16:17 status installed libnuma1:arm64 2.0.16-1
2026-06-24 03:16:17 configure libpcre2-posix3:arm64 10.42-1 <none>
2026-06-24 03:16:17 status unpacked libpcre2-posix3:arm64 10.42-1
2026-06-24 03:16:17 status half-configured libpcre2-posix3:arm64 10.42-1
2026-06-24 03:16:17 status installed libpcre2-posix3:arm64 10.42-1
2026-06-24 03:16:17 configure liblqr-1-0:arm64 0.4.2-2.1 <none>
2026-06-24 03:16:17 status unpacked liblqr-1-0:arm64 0.4.2-2.1
2026-06-24 03:16:17 status half-configured liblqr-1-0:arm64 0.4.2-2.1
2026-06-24 03:16:17 status installed liblqr-1-0:arm64 0.4.2-2.1
2026-06-24 03:16:17 configure libnsl-dev:arm64 1.3.0-2 <none>
2026-06-24 03:16:17 status unpacked libnsl-dev:arm64 1.3.0-2
2026-06-24 03:16:17 status half-configured libnsl-dev:arm64 1.3.0-2
2026-06-24 03:16:17 status installed libnsl-dev:arm64 1.3.0-2
2026-06-24 03:16:17 configure libhwasan0:arm64 12.2.0-14+deb12u1 <none>
2026-06-24 03:16:17 status unpacked libhwasan0:arm64 12.2.0-14+deb12u1
2026-06-24 03:16:17 status half-configured libhwasan0:arm64 12.2.0-14+deb12u1
2026-06-24 03:16:17 status installed libhwasan0:arm64 12.2.0-14+deb12u1
2026-06-24 03:16:17 configure libdb5.3-dev:arm64 5.3.28+dfsg2-1 <none>
2026-06-24 03:16:17 status unpacked libdb5.3-dev:arm64 5.3.28+dfsg2-1
2026-06-24 03:16:17 status half-configured libdb5.3-dev:arm64 5.3.28+dfsg2-1
2026-06-24 03:16:17 status installed libdb5.3-dev:arm64 5.3.28+dfsg2-1
2026-06-24 03:16:17 configure libcrypt-dev:arm64 1:4.4.33-2 <none>
2026-06-24 03:16:17 status unpacked libcrypt-dev:arm64 1:4.4.33-2
2026-06-24 03:16:17 status half-configured libcrypt-dev:arm64 1:4.4.33-2
2026-06-24 03:16:17 status installed libcrypt-dev:arm64 1:4.4.33-2
2026-06-24 03:16:17 configure libtiff6:arm64 4.5.0-6+deb12u4 <none>
2026-06-24 03:16:17 status unpacked libtiff6:arm64 4.5.0-6+deb12u4
2026-06-24 03:16:17 status half-configured libtiff6:arm64 4.5.0-6+deb12u4
2026-06-24 03:16:17 status installed libtiff6:arm64 4.5.0-6+deb12u4
2026-06-24 03:16:17 configure libasan8:arm64 12.2.0-14+deb12u1 <none>
2026-06-24 03:16:17 status unpacked libasan8:arm64 12.2.0-14+deb12u1
2026-06-24 03:16:17 status half-configured libasan8:arm64 12.2.0-14+deb12u1
2026-06-24 03:16:17 status installed libasan8:arm64 12.2.0-14+deb12u1
2026-06-24 03:16:17 configure libopenjp2-7:arm64 2.5.0-2+deb12u3 <none>
2026-06-24 03:16:17 status unpacked libopenjp2-7:arm64 2.5.0-2+deb12u3
2026-06-24 03:16:17 status half-configured libopenjp2-7:arm64 2.5.0-2+deb12u3
2026-06-24 03:16:17 status installed libopenjp2-7:arm64 2.5.0-2+deb12u3
2026-06-24 03:16:17 configure libx11-6:arm64 2:1.8.4-2+deb12u2 <none>
2026-06-24 03:16:17 status unpacked libx11-6:arm64 2:1.8.4-2+deb12u2
2026-06-24 03:16:17 status half-configured libx11-6:arm64 2:1.8.4-2+deb12u2
2026-06-24 03:16:17 status installed libx11-6:arm64 2:1.8.4-2+deb12u2
2026-06-24 03:16:17 configure libthai-data:all 0.1.29-1 <none>
2026-06-24 03:16:17 status unpacked libthai-data:all 0.1.29-1
2026-06-24 03:16:17 status half-configured libthai-data:all 0.1.29-1
2026-06-24 03:16:17 status installed libthai-data:all 0.1.29-1
2026-06-24 03:16:17 configure libgirepository-1.0-1:arm64 1.74.0-3 <none>
2026-06-24 03:16:17 status unpacked libgirepository-1.0-1:arm64 1.74.0-3
2026-06-24 03:16:17 status half-configured libgirepository-1.0-1:arm64 1.74.0-3
2026-06-24 03:16:17 status installed libgirepository-1.0-1:arm64 1.74.0-3
2026-06-24 03:16:17 configure xorg-sgml-doctools:all 1:1.11-1.1 <none>
2026-06-24 03:16:17 status unpacked xorg-sgml-doctools:all 1:1.11-1.1
2026-06-24 03:16:17 status half-configured xorg-sgml-doctools:all 1:1.11-1.1
2026-06-24 03:16:17 status installed xorg-sgml-doctools:all 1:1.11-1.1
2026-06-24 03:16:17 configure libmagickcore-6-headers:all 8:6.9.11.60+dfsg-1.6+deb12u11 <none>
2026-06-24 03:16:17 status unpacked libmagickcore-6-headers:all 8:6.9.11.60+dfsg-1.6+deb12u11
2026-06-24 03:16:17 status half-configured libmagickcore-6-headers:all 8:6.9.11.60+dfsg-1.6+deb12u11
2026-06-24 03:16:17 status installed libmagickcore-6-headers:all 8:6.9.11.60+dfsg-1.6+deb12u11
2026-06-24 03:16:17 configure libdjvulibre-text:all 3.5.28-2.2~deb12u1 <none>
2026-06-24 03:16:17 status unpacked libdjvulibre-text:all 3.5.28-2.2~deb12u1
2026-06-24 03:16:17 status half-configured libdjvulibre-text:all 3.5.28-2.2~deb12u1
2026-06-24 03:16:17 status installed libdjvulibre-text:all 3.5.28-2.2~deb12u1
2026-06-24 03:16:17 configure libtsan2:arm64 12.2.0-14+deb12u1 <none>
2026-06-24 03:16:17 status unpacked libtsan2:arm64 12.2.0-14+deb12u1
2026-06-24 03:16:17 status half-configured libtsan2:arm64 12.2.0-14+deb12u1
2026-06-24 03:16:17 status installed libtsan2:arm64 12.2.0-14+deb12u1
2026-06-24 03:16:17 configure libbinutils:arm64 2.40-2 <none>
2026-06-24 03:16:17 status unpacked libbinutils:arm64 2.40-2
2026-06-24 03:16:17 status half-configured libbinutils:arm64 2.40-2
2026-06-24 03:16:17 status installed libbinutils:arm64 2.40-2
2026-06-24 03:16:17 configure libisl23:arm64 0.25-1.1 <none>
2026-06-24 03:16:17 status unpacked libisl23:arm64 0.25-1.1
2026-06-24 03:16:17 status half-configured libisl23:arm64 0.25-1.1
2026-06-24 03:16:17 status installed libisl23:arm64 0.25-1.1
2026-06-24 03:16:17 configure libde265-0:arm64 1.0.11-1+deb12u2 <none>
2026-06-24 03:16:17 status unpacked libde265-0:arm64 1.0.11-1+deb12u2
2026-06-24 03:16:17 status half-configured libde265-0:arm64 1.0.11-1+deb12u2
2026-06-24 03:16:17 status installed libde265-0:arm64 1.0.11-1+deb12u2
2026-06-24 03:16:17 configure libc-dev-bin:arm64 2.36-9+deb12u14 <none>
2026-06-24 03:16:17 status unpacked libc-dev-bin:arm64 2.36-9+deb12u14
2026-06-24 03:16:17 status half-configured libc-dev-bin:arm64 2.36-9+deb12u14
2026-06-24 03:16:17 status installed libc-dev-bin:arm64 2.36-9+deb12u14
2026-06-24 03:16:17 configure libwebpmux3:arm64 1.2.4-0.2+deb12u1 <none>
2026-06-24 03:16:17 status unpacked libwebpmux3:arm64 1.2.4-0.2+deb12u1
2026-06-24 03:16:17 status half-configured libwebpmux3:arm64 1.2.4-0.2+deb12u1
2026-06-24 03:16:17 status installed libwebpmux3:arm64 1.2.4-0.2+deb12u1
2026-06-24 03:16:17 configure libtiffxx6:arm64 4.5.0-6+deb12u4 <none>
2026-06-24 03:16:17 status unpacked libtiffxx6:arm64 4.5.0-6+deb12u4
2026-06-24 03:16:17 status half-configured libtiffxx6:arm64 4.5.0-6+deb12u4
2026-06-24 03:16:17 status installed libtiffxx6:arm64 4.5.0-6+deb12u4
2026-06-24 03:16:17 configure python3-lib2to3:all 3.11.2-3 <none>
2026-06-24 03:16:17 status unpacked python3-lib2to3:all 3.11.2-3
2026-06-24 03:16:17 status half-configured python3-lib2to3:all 3.11.2-3
2026-06-24 03:16:17 status installed python3-lib2to3:all 3.11.2-3
2026-06-24 03:16:17 configure libdeflate-dev:arm64 1.14-1 <none>
2026-06-24 03:16:17 status unpacked libdeflate-dev:arm64 1.14-1
2026-06-24 03:16:17 status half-configured libdeflate-dev:arm64 1.14-1
2026-06-24 03:16:17 status installed libdeflate-dev:arm64 1.14-1
2026-06-24 03:16:17 configure libelf1:arm64 0.188-2.1 <none>
2026-06-24 03:16:17 status unpacked libelf1:arm64 0.188-2.1
2026-06-24 03:16:17 status half-configured libelf1:arm64 0.188-2.1
2026-06-24 03:16:17 status installed libelf1:arm64 0.188-2.1
2026-06-24 03:16:17 configure libxml2:arm64 2.9.14+dfsg-1.3~deb12u5 <none>
2026-06-24 03:16:17 status unpacked libxml2:arm64 2.9.14+dfsg-1.3~deb12u5
2026-06-24 03:16:17 status half-configured libxml2:arm64 2.9.14+dfsg-1.3~deb12u5
2026-06-24 03:16:17 status installed libxml2:arm64 2.9.14+dfsg-1.3~deb12u5
2026-06-24 03:16:17 configure libcc1-0:arm64 12.2.0-14+deb12u1 <none>
2026-06-24 03:16:17 status unpacked libcc1-0:arm64 12.2.0-14+deb12u1
2026-06-24 03:16:17 status half-configured libcc1-0:arm64 12.2.0-14+deb12u1
2026-06-24 03:16:17 status installed libcc1-0:arm64 12.2.0-14+deb12u1
2026-06-24 03:16:17 configure libbrotli-dev:arm64 1.0.9-2+b6 <none>
2026-06-24 03:16:17 status unpacked libbrotli-dev:arm64 1.0.9-2+b6
2026-06-24 03:16:17 status half-configured libbrotli-dev:arm64 1.0.9-2+b6
2026-06-24 03:16:17 status installed libbrotli-dev:arm64 1.0.9-2+b6
2026-06-24 03:16:17 configure liblsan0:arm64 12.2.0-14+deb12u1 <none>
2026-06-24 03:16:17 status unpacked liblsan0:arm64 12.2.0-14+deb12u1
2026-06-24 03:16:17 status half-configured liblsan0:arm64 12.2.0-14+deb12u1
2026-06-24 03:16:17 status installed liblsan0:arm64 12.2.0-14+deb12u1
2026-06-24 03:16:17 configure libitm1:arm64 12.2.0-14+deb12u1 <none>
2026-06-24 03:16:17 status unpacked libitm1:arm64 12.2.0-14+deb12u1
2026-06-24 03:16:17 status half-configured libitm1:arm64 12.2.0-14+deb12u1
2026-06-24 03:16:17 status installed libitm1:arm64 12.2.0-14+deb12u1
2026-06-24 03:16:17 configure libkadm5clnt-mit12:arm64 1.20.1-2+deb12u5 <none>
2026-06-24 03:16:17 status unpacked libkadm5clnt-mit12:arm64 1.20.1-2+deb12u5
2026-06-24 03:16:17 status half-configured libkadm5clnt-mit12:arm64 1.20.1-2+deb12u5
2026-06-24 03:16:17 status installed libkadm5clnt-mit12:arm64 1.20.1-2+deb12u5
2026-06-24 03:16:17 configure libevent-pthreads-2.1-7:arm64 2.1.12-stable-8 <none>
2026-06-24 03:16:17 status unpacked libevent-pthreads-2.1-7:arm64 2.1.12-stable-8
2026-06-24 03:16:17 status half-configured libevent-pthreads-2.1-7:arm64 2.1.12-stable-8
2026-06-24 03:16:17 status installed libevent-pthreads-2.1-7:arm64 2.1.12-stable-8
2026-06-24 03:16:17 configure libctf0:arm64 2.40-2 <none>
2026-06-24 03:16:17 status unpacked libctf0:arm64 2.40-2
2026-06-24 03:16:17 status half-configured libctf0:arm64 2.40-2
2026-06-24 03:16:17 status installed libctf0:arm64 2.40-2
2026-06-24 03:16:17 configure automake:all 1:1.16.5-1.3 <none>
2026-06-24 03:16:17 status unpacked automake:all 1:1.16.5-1.3
2026-06-24 03:16:17 status half-configured automake:all 1:1.16.5-1.3
2026-06-24 03:16:17 status installed automake:all 1:1.16.5-1.3
2026-06-24 03:16:17 configure python3-distutils:all 3.11.2-3 <none>
2026-06-24 03:16:17 status unpacked python3-distutils:all 3.11.2-3
2026-06-24 03:16:18 status half-configured python3-distutils:all 3.11.2-3
2026-06-24 03:16:18 status installed python3-distutils:all 3.11.2-3
2026-06-24 03:16:18 configure x11proto-dev:all 2022.1-1 <none>
2026-06-24 03:16:18 status unpacked x11proto-dev:all 2022.1-1
2026-06-24 03:16:18 status half-configured x11proto-dev:all 2022.1-1
2026-06-24 03:16:18 status installed x11proto-dev:all 2022.1-1
2026-06-24 03:16:18 configure libglib2.0-dev-bin:arm64 2.74.6-2+deb12u9 <none>
2026-06-24 03:16:18 status unpacked libglib2.0-dev-bin:arm64 2.74.6-2+deb12u9
2026-06-24 03:16:18 status half-configured libglib2.0-dev-bin:arm64 2.74.6-2+deb12u9
2026-06-24 03:16:18 status installed libglib2.0-dev-bin:arm64 2.74.6-2+deb12u9
2026-06-24 03:16:18 configure libimath-dev:arm64 3.1.6-1 <none>
2026-06-24 03:16:18 status unpacked libimath-dev:arm64 3.1.6-1
2026-06-24 03:16:18 status half-configured libimath-dev:arm64 3.1.6-1
2026-06-24 03:16:18 status installed libimath-dev:arm64 3.1.6-1
2026-06-24 03:16:18 configure libice6:arm64 2:1.0.10-1 <none>
2026-06-24 03:16:18 status unpacked libice6:arm64 2:1.0.10-1
2026-06-24 03:16:18 status half-configured libice6:arm64 2:1.0.10-1
2026-06-24 03:16:18 status installed libice6:arm64 2:1.0.10-1
2026-06-24 03:16:18 configure libevent-extra-2.1-7:arm64 2.1.12-stable-8 <none>
2026-06-24 03:16:18 status unpacked libevent-extra-2.1-7:arm64 2.1.12-stable-8
2026-06-24 03:16:18 status half-configured libevent-extra-2.1-7:arm64 2.1.12-stable-8
2026-06-24 03:16:18 status installed libevent-extra-2.1-7:arm64 2.1.12-stable-8
2026-06-24 03:16:18 configure libmagickcore-6-arch-config:arm64 8:6.9.11.60+dfsg-1.6+deb12u11 <none>
2026-06-24 03:16:18 status unpacked libmagickcore-6-arch-config:arm64 8:6.9.11.60+dfsg-1.6+deb12u11
2026-06-24 03:16:18 status half-configured libmagickcore-6-arch-config:arm64 8:6.9.11.60+dfsg-1.6+deb12u11
2026-06-24 03:16:18 status installed libmagickcore-6-arch-config:arm64 8:6.9.11.60+dfsg-1.6+deb12u11
2026-06-24 03:16:18 configure cpp-12:arm64 12.2.0-14+deb12u1 <none>
2026-06-24 03:16:18 status unpacked cpp-12:arm64 12.2.0-14+deb12u1
2026-06-24 03:16:18 status half-configured cpp-12:arm64 12.2.0-14+deb12u1
2026-06-24 03:16:18 status installed cpp-12:arm64 12.2.0-14+deb12u1
2026-06-24 03:16:18 configure libkdb5-10:arm64 1.20.1-2+deb12u5 <none>
2026-06-24 03:16:18 status unpacked libkdb5-10:arm64 1.20.1-2+deb12u5
2026-06-24 03:16:18 status half-configured libkdb5-10:arm64 1.20.1-2+deb12u5
2026-06-24 03:16:18 status installed libkdb5-10:arm64 1.20.1-2+deb12u5
2026-06-24 03:16:18 configure libgmp-dev:arm64 2:6.2.1+dfsg1-1.1 <none>
2026-06-24 03:16:18 status unpacked libgmp-dev:arm64 2:6.2.1+dfsg1-1.1
2026-06-24 03:16:18 status half-configured libgmp-dev:arm64 2:6.2.1+dfsg1-1.1
2026-06-24 03:16:18 status installed libgmp-dev:arm64 2:6.2.1+dfsg1-1.1
2026-06-24 03:16:18 configure libxau-dev:arm64 1:1.0.9-1 <none>
2026-06-24 03:16:18 status unpacked libxau-dev:arm64 1:1.0.9-1
2026-06-24 03:16:18 status half-configured libxau-dev:arm64 1:1.0.9-1
2026-06-24 03:16:18 status installed libxau-dev:arm64 1:1.0.9-1
2026-06-24 03:16:18 configure libxrender1:arm64 1:0.9.10-1.1 <none>
2026-06-24 03:16:18 status unpacked libxrender1:arm64 1:0.9.10-1.1
2026-06-24 03:16:18 status half-configured libxrender1:arm64 1:0.9.10-1.1
2026-06-24 03:16:18 status installed libxrender1:arm64 1:0.9.10-1.1
2026-06-24 03:16:18 configure libyaml-dev:arm64 0.2.5-1 <none>
2026-06-24 03:16:18 status unpacked libyaml-dev:arm64 0.2.5-1
2026-06-24 03:16:18 status half-configured libyaml-dev:arm64 0.2.5-1
2026-06-24 03:16:18 status installed libyaml-dev:arm64 0.2.5-1
2026-06-24 03:16:18 configure libice-dev:arm64 2:1.0.10-1 <none>
2026-06-24 03:16:18 status unpacked libice-dev:arm64 2:1.0.10-1
2026-06-24 03:16:18 status half-configured libice-dev:arm64 2:1.0.10-1
2026-06-24 03:16:18 status installed libice-dev:arm64 2:1.0.10-1
2026-06-24 03:16:18 configure libmagickwand-6-headers:all 8:6.9.11.60+dfsg-1.6+deb12u11 <none>
2026-06-24 03:16:18 status unpacked libmagickwand-6-headers:all 8:6.9.11.60+dfsg-1.6+deb12u11
2026-06-24 03:16:18 status half-configured libmagickwand-6-headers:all 8:6.9.11.60+dfsg-1.6+deb12u11
2026-06-24 03:16:18 status installed libmagickwand-6-headers:all 8:6.9.11.60+dfsg-1.6+deb12u11
2026-06-24 03:16:18 configure fontconfig-config:arm64 2.14.1-4 <none>
2026-06-24 03:16:18 status unpacked fontconfig-config:arm64 2.14.1-4
2026-06-24 03:16:18 status half-configured fontconfig-config:arm64 2.14.1-4
2026-06-24 03:16:18 status installed fontconfig-config:arm64 2.14.1-4
2026-06-24 03:16:18 configure libwebpdemux2:arm64 1.2.4-0.2+deb12u1 <none>
2026-06-24 03:16:18 status unpacked libwebpdemux2:arm64 1.2.4-0.2+deb12u1
2026-06-24 03:16:18 status half-configured libwebpdemux2:arm64 1.2.4-0.2+deb12u1
2026-06-24 03:16:18 status installed libwebpdemux2:arm64 1.2.4-0.2+deb12u1
2026-06-24 03:16:18 configure libdjvulibre21:arm64 3.5.28-2.2~deb12u1 <none>
2026-06-24 03:16:18 status unpacked libdjvulibre21:arm64 3.5.28-2.2~deb12u1
2026-06-24 03:16:18 status half-configured libdjvulibre21:arm64 3.5.28-2.2~deb12u1
2026-06-24 03:16:18 status installed libdjvulibre21:arm64 3.5.28-2.2~deb12u1
2026-06-24 03:16:18 configure libjbig-dev:arm64 2.1-6.1 <none>
2026-06-24 03:16:18 status unpacked libjbig-dev:arm64 2.1-6.1
2026-06-24 03:16:18 status half-configured libjbig-dev:arm64 2.1-6.1
2026-06-24 03:16:18 status installed libjbig-dev:arm64 2.1-6.1
2026-06-24 03:16:18 configure libxext6:arm64 2:1.3.4-1+b1 <none>
2026-06-24 03:16:18 status unpacked libxext6:arm64 2:1.3.4-1+b1
2026-06-24 03:16:18 status half-configured libxext6:arm64 2:1.3.4-1+b1
2026-06-24 03:16:18 status installed libxext6:arm64 2:1.3.4-1+b1
2026-06-24 03:16:18 configure libevent-openssl-2.1-7:arm64 2.1.12-stable-8 <none>
2026-06-24 03:16:18 status unpacked libevent-openssl-2.1-7:arm64 2.1.12-stable-8
2026-06-24 03:16:18 status half-configured libevent-openssl-2.1-7:arm64 2.1.12-stable-8
2026-06-24 03:16:18 status installed libevent-openssl-2.1-7:arm64 2.1.12-stable-8
2026-06-24 03:16:18 configure libglib2.0-bin:arm64 2.74.6-2+deb12u9 <none>
2026-06-24 03:16:18 status unpacked libglib2.0-bin:arm64 2.74.6-2+deb12u9
2026-06-24 03:16:18 status half-configured libglib2.0-bin:arm64 2.74.6-2+deb12u9
2026-06-24 03:16:18 status installed libglib2.0-bin:arm64 2.74.6-2+deb12u9
2026-06-24 03:16:18 configure liblqr-1-0-dev:arm64 0.4.2-2.1 <none>
2026-06-24 03:16:18 status unpacked liblqr-1-0-dev:arm64 0.4.2-2.1
2026-06-24 03:16:18 status half-configured liblqr-1-0-dev:arm64 0.4.2-2.1
2026-06-24 03:16:18 status installed liblqr-1-0-dev:arm64 0.4.2-2.1
2026-06-24 03:16:18 configure libpq-dev:arm64 15.18-0+deb12u1 <none>
2026-06-24 03:16:18 status unpacked libpq-dev:arm64 15.18-0+deb12u1
2026-06-24 03:16:18 status half-configured libpq-dev:arm64 15.18-0+deb12u1
2026-06-24 03:16:18 status installed libpq-dev:arm64 15.18-0+deb12u1
2026-06-24 03:16:18 configure pkgconf:arm64 1.8.1-1 <none>
2026-06-24 03:16:18 status unpacked pkgconf:arm64 1.8.1-1
2026-06-24 03:16:18 status half-configured pkgconf:arm64 1.8.1-1
2026-06-24 03:16:18 status installed pkgconf:arm64 1.8.1-1
2026-06-24 03:16:18 configure libltdl-dev:arm64 2.4.7-7~deb12u1 <none>
2026-06-24 03:16:18 status unpacked libltdl-dev:arm64 2.4.7-7~deb12u1
2026-06-24 03:16:18 status half-configured libltdl-dev:arm64 2.4.7-7~deb12u1
2026-06-24 03:16:18 status installed libltdl-dev:arm64 2.4.7-7~deb12u1
2026-06-24 03:16:18 configure libthai0:arm64 0.1.29-1 <none>
2026-06-24 03:16:18 status unpacked libthai0:arm64 0.1.29-1
2026-06-24 03:16:18 status half-configured libthai0:arm64 0.1.29-1
2026-06-24 03:16:18 status installed libthai0:arm64 0.1.29-1
2026-06-24 03:16:18 configure libxdmcp-dev:arm64 1:1.1.2-3 <none>
2026-06-24 03:16:18 status unpacked libxdmcp-dev:arm64 1:1.1.2-3
2026-06-24 03:16:18 status half-configured libxdmcp-dev:arm64 1:1.1.2-3
2026-06-24 03:16:18 status installed libxdmcp-dev:arm64 1:1.1.2-3
2026-06-24 03:16:18 configure libgprofng0:arm64 2.40-2 <none>
2026-06-24 03:16:18 status unpacked libgprofng0:arm64 2.40-2
2026-06-24 03:16:18 status half-configured libgprofng0:arm64 2.40-2
2026-06-24 03:16:18 status installed libgprofng0:arm64 2.40-2
2026-06-24 03:16:18 configure libwebp-dev:arm64 1.2.4-0.2+deb12u1 <none>
2026-06-24 03:16:18 status unpacked libwebp-dev:arm64 1.2.4-0.2+deb12u1
2026-06-24 03:16:18 status half-configured libwebp-dev:arm64 1.2.4-0.2+deb12u1
2026-06-24 03:16:18 status installed libwebp-dev:arm64 1.2.4-0.2+deb12u1
2026-06-24 03:16:18 configure libfreetype6:arm64 2.12.1+dfsg-5+deb12u4 <none>
2026-06-24 03:16:18 status unpacked libfreetype6:arm64 2.12.1+dfsg-5+deb12u4
2026-06-24 03:16:18 status half-configured libfreetype6:arm64 2.12.1+dfsg-5+deb12u4
2026-06-24 03:16:18 status installed libfreetype6:arm64 2.12.1+dfsg-5+deb12u4
2026-06-24 03:16:18 configure libopenjp2-7-dev:arm64 2.5.0-2+deb12u3 <none>
2026-06-24 03:16:18 status unpacked libopenjp2-7-dev:arm64 2.5.0-2+deb12u3
2026-06-24 03:16:18 status half-configured libopenjp2-7-dev:arm64 2.5.0-2+deb12u3
2026-06-24 03:16:18 status installed libopenjp2-7-dev:arm64 2.5.0-2+deb12u3
2026-06-24 03:16:18 configure x11proto-core-dev:all 2022.1-1 <none>
2026-06-24 03:16:18 status unpacked x11proto-core-dev:all 2022.1-1
2026-06-24 03:16:18 status half-configured x11proto-core-dev:all 2022.1-1
2026-06-24 03:16:18 status installed x11proto-core-dev:all 2022.1-1
2026-06-24 03:16:18 configure libdb-dev:arm64 5.3.2 <none>
2026-06-24 03:16:18 status unpacked libdb-dev:arm64 5.3.2
2026-06-24 03:16:18 status half-configured libdb-dev:arm64 5.3.2
2026-06-24 03:16:18 status installed libdb-dev:arm64 5.3.2
2026-06-24 03:16:18 configure libgcc-12-dev:arm64 12.2.0-14+deb12u1 <none>
2026-06-24 03:16:18 status unpacked libgcc-12-dev:arm64 12.2.0-14+deb12u1
2026-06-24 03:16:18 status half-configured libgcc-12-dev:arm64 12.2.0-14+deb12u1
2026-06-24 03:16:18 status installed libgcc-12-dev:arm64 12.2.0-14+deb12u1
2026-06-24 03:16:18 configure shared-mime-info:arm64 2.2-1 <none>
2026-06-24 03:16:18 status unpacked shared-mime-info:arm64 2.2-1
2026-06-24 03:16:18 status half-configured shared-mime-info:arm64 2.2-1
2026-06-24 03:16:21 status installed shared-mime-info:arm64 2.2-1
2026-06-24 03:16:21 configure libevent-dev:arm64 2.1.12-stable-8 <none>
2026-06-24 03:16:21 status unpacked libevent-dev:arm64 2.1.12-stable-8
2026-06-24 03:16:21 status half-configured libevent-dev:arm64 2.1.12-stable-8
2026-06-24 03:16:21 status installed libevent-dev:arm64 2.1.12-stable-8
2026-06-24 03:16:21 configure pkg-config:arm64 1.8.1-1 <none>
2026-06-24 03:16:21 status unpacked pkg-config:arm64 1.8.1-1
2026-06-24 03:16:21 status half-configured pkg-config:arm64 1.8.1-1
2026-06-24 03:16:21 status installed pkg-config:arm64 1.8.1-1
2026-06-24 03:16:21 configure gir1.2-glib-2.0:arm64 1.74.0-3 <none>
2026-06-24 03:16:21 status unpacked gir1.2-glib-2.0:arm64 1.74.0-3
2026-06-24 03:16:21 status half-configured gir1.2-glib-2.0:arm64 1.74.0-3
2026-06-24 03:16:21 status installed gir1.2-glib-2.0:arm64 1.74.0-3
2026-06-24 03:16:21 configure libx265-199:arm64 3.5-2+b1 <none>
2026-06-24 03:16:21 status unpacked libx265-199:arm64 3.5-2+b1
2026-06-24 03:16:21 status half-configured libx265-199:arm64 3.5-2+b1
2026-06-24 03:16:21 status installed libx265-199:arm64 3.5-2+b1
2026-06-24 03:16:21 configure cpp:arm64 4:12.2.0-3 <none>
2026-06-24 03:16:21 status unpacked cpp:arm64 4:12.2.0-3
2026-06-24 03:16:21 status half-configured cpp:arm64 4:12.2.0-3
2026-06-24 03:16:21 status installed cpp:arm64 4:12.2.0-3
2026-06-24 03:16:21 configure libxslt1.1:arm64 1.1.35-1+deb12u4 <none>
2026-06-24 03:16:21 status unpacked libxslt1.1:arm64 1.1.35-1+deb12u4
2026-06-24 03:16:21 status half-configured libxslt1.1:arm64 1.1.35-1+deb12u4
2026-06-24 03:16:21 status installed libxslt1.1:arm64 1.1.35-1+deb12u4
2026-06-24 03:16:21 configure libkadm5srv-mit12:arm64 1.20.1-2+deb12u5 <none>
2026-06-24 03:16:21 status unpacked libkadm5srv-mit12:arm64 1.20.1-2+deb12u5
2026-06-24 03:16:21 status half-configured libkadm5srv-mit12:arm64 1.20.1-2+deb12u5
2026-06-24 03:16:21 status installed libkadm5srv-mit12:arm64 1.20.1-2+deb12u5
2026-06-24 03:16:21 configure libc6-dev:arm64 2.36-9+deb12u14 <none>
2026-06-24 03:16:21 status unpacked libc6-dev:arm64 2.36-9+deb12u14
2026-06-24 03:16:21 status half-configured libc6-dev:arm64 2.36-9+deb12u14
2026-06-24 03:16:21 status installed libc6-dev:arm64 2.36-9+deb12u14
2026-06-24 03:16:21 configure libharfbuzz0b:arm64 6.0.0+dfsg-3 <none>
2026-06-24 03:16:21 status unpacked libharfbuzz0b:arm64 6.0.0+dfsg-3
2026-06-24 03:16:21 status half-configured libharfbuzz0b:arm64 6.0.0+dfsg-3
2026-06-24 03:16:21 status installed libharfbuzz0b:arm64 6.0.0+dfsg-3
2026-06-24 03:16:21 configure libgdk-pixbuf-2.0-0:arm64 2.42.10+dfsg-1+deb12u4 <none>
2026-06-24 03:16:21 status unpacked libgdk-pixbuf-2.0-0:arm64 2.42.10+dfsg-1+deb12u4
2026-06-24 03:16:21 status half-configured libgdk-pixbuf-2.0-0:arm64 2.42.10+dfsg-1+deb12u4
2026-06-24 03:16:21 status installed libgdk-pixbuf-2.0-0:arm64 2.42.10+dfsg-1+deb12u4
2026-06-24 03:16:22 configure libfontconfig1:arm64 2.14.1-4 <none>
2026-06-24 03:16:22 status unpacked libfontconfig1:arm64 2.14.1-4
2026-06-24 03:16:22 status half-configured libfontconfig1:arm64 2.14.1-4
2026-06-24 03:16:22 status installed libfontconfig1:arm64 2.14.1-4
2026-06-24 03:16:22 configure libgdbm-dev:arm64 1.23-3 <none>
2026-06-24 03:16:22 status unpacked libgdbm-dev:arm64 1.23-3
2026-06-24 03:16:22 status half-configured libgdbm-dev:arm64 1.23-3
2026-06-24 03:16:22 status installed libgdbm-dev:arm64 1.23-3
2026-06-24 03:16:22 configure libsm6:arm64 2:1.2.3-1 <none>
2026-06-24 03:16:22 status unpacked libsm6:arm64 2:1.2.3-1
2026-06-24 03:16:22 status half-configured libsm6:arm64 2:1.2.3-1
2026-06-24 03:16:22 status installed libsm6:arm64 2:1.2.3-1
2026-06-24 03:16:22 configure libicu-dev:arm64 72.1-3+deb12u1 <none>
2026-06-24 03:16:22 status unpacked libicu-dev:arm64 72.1-3+deb12u1
2026-06-24 03:16:22 status half-configured libicu-dev:arm64 72.1-3+deb12u1
2026-06-24 03:16:22 status installed libicu-dev:arm64 72.1-3+deb12u1
2026-06-24 03:16:22 configure libbz2-dev:arm64 1.0.8-5+b1 <none>
2026-06-24 03:16:22 status unpacked libbz2-dev:arm64 1.0.8-5+b1
2026-06-24 03:16:22 status half-configured libbz2-dev:arm64 1.0.8-5+b1
2026-06-24 03:16:22 status installed libbz2-dev:arm64 1.0.8-5+b1
2026-06-24 03:16:22 configure fontconfig:arm64 2.14.1-4 <none>
2026-06-24 03:16:22 status unpacked fontconfig:arm64 2.14.1-4
2026-06-24 03:16:22 status half-configured fontconfig:arm64 2.14.1-4
2026-06-24 03:16:24 status installed fontconfig:arm64 2.14.1-4
2026-06-24 03:16:24 configure libexif-dev:arm64 0.6.24-1+deb12u1 <none>
2026-06-24 03:16:24 status unpacked libexif-dev:arm64 0.6.24-1+deb12u1
2026-06-24 03:16:24 status half-configured libexif-dev:arm64 0.6.24-1+deb12u1
2026-06-24 03:16:24 status installed libexif-dev:arm64 0.6.24-1+deb12u1
2026-06-24 03:16:24 configure libncurses-dev:arm64 6.4-4 <none>
2026-06-24 03:16:24 status unpacked libncurses-dev:arm64 6.4-4
2026-06-24 03:16:24 status half-configured libncurses-dev:arm64 6.4-4
2026-06-24 03:16:24 status installed libncurses-dev:arm64 6.4-4
2026-06-24 03:16:24 configure gir1.2-freedesktop:arm64 1.74.0-3 <none>
2026-06-24 03:16:24 status unpacked gir1.2-freedesktop:arm64 1.74.0-3
2026-06-24 03:16:24 status half-configured gir1.2-freedesktop:arm64 1.74.0-3
2026-06-24 03:16:24 status installed gir1.2-freedesktop:arm64 1.74.0-3
2026-06-24 03:16:24 configure libxcb1-dev:arm64 1.15-1 <none>
2026-06-24 03:16:24 status unpacked libxcb1-dev:arm64 1.15-1
2026-06-24 03:16:24 status half-configured libxcb1-dev:arm64 1.15-1
2026-06-24 03:16:24 status installed libxcb1-dev:arm64 1.15-1
2026-06-24 03:16:24 configure libpcre2-dev:arm64 10.42-1 <none>
2026-06-24 03:16:24 status unpacked libpcre2-dev:arm64 10.42-1
2026-06-24 03:16:24 status half-configured libpcre2-dev:arm64 10.42-1
2026-06-24 03:16:24 status installed libpcre2-dev:arm64 10.42-1
2026-06-24 03:16:24 configure libncursesw5-dev:arm64 6.4-4 <none>
2026-06-24 03:16:24 status unpacked libncursesw5-dev:arm64 6.4-4
2026-06-24 03:16:24 status half-configured libncursesw5-dev:arm64 6.4-4
2026-06-24 03:16:24 status installed libncursesw5-dev:arm64 6.4-4
2026-06-24 03:16:24 configure gir1.2-gdkpixbuf-2.0:arm64 2.42.10+dfsg-1+deb12u4 <none>
2026-06-24 03:16:24 status unpacked gir1.2-gdkpixbuf-2.0:arm64 2.42.10+dfsg-1+deb12u4
2026-06-24 03:16:24 status half-configured gir1.2-gdkpixbuf-2.0:arm64 2.42.10+dfsg-1+deb12u4
2026-06-24 03:16:24 status installed gir1.2-gdkpixbuf-2.0:arm64 2.42.10+dfsg-1+deb12u4
2026-06-24 03:16:24 configure libstdc++-12-dev:arm64 12.2.0-14+deb12u1 <none>
2026-06-24 03:16:24 status unpacked libstdc++-12-dev:arm64 12.2.0-14+deb12u1
2026-06-24 03:16:24 status half-configured libstdc++-12-dev:arm64 12.2.0-14+deb12u1
2026-06-24 03:16:24 status installed libstdc++-12-dev:arm64 12.2.0-14+deb12u1
2026-06-24 03:16:24 configure libsm-dev:arm64 2:1.2.3-1 <none>
2026-06-24 03:16:24 status unpacked libsm-dev:arm64 2:1.2.3-1
2026-06-24 03:16:24 status half-configured libsm-dev:arm64 2:1.2.3-1
2026-06-24 03:16:24 status installed libsm-dev:arm64 2:1.2.3-1
2026-06-24 03:16:24 configure libselinux1-dev:arm64 3.4-1+b6 <none>
2026-06-24 03:16:24 status unpacked libselinux1-dev:arm64 3.4-1+b6
2026-06-24 03:16:24 status half-configured libselinux1-dev:arm64 3.4-1+b6
2026-06-24 03:16:24 status installed libselinux1-dev:arm64 3.4-1+b6
2026-06-24 03:16:24 configure libpango-1.0-0:arm64 1.50.12+ds-1 <none>
2026-06-24 03:16:24 status unpacked libpango-1.0-0:arm64 1.50.12+ds-1
2026-06-24 03:16:24 status half-configured libpango-1.0-0:arm64 1.50.12+ds-1
2026-06-24 03:16:24 status installed libpango-1.0-0:arm64 1.50.12+ds-1
2026-06-24 03:16:24 configure libheif1:arm64 1.15.1-1+deb12u1 <none>
2026-06-24 03:16:24 status unpacked libheif1:arm64 1.15.1-1+deb12u1
2026-06-24 03:16:24 status half-configured libheif1:arm64 1.15.1-1+deb12u1
2026-06-24 03:16:24 status installed libheif1:arm64 1.15.1-1+deb12u1
2026-06-24 03:16:24 configure libx11-dev:arm64 2:1.8.4-2+deb12u2 <none>
2026-06-24 03:16:24 status unpacked libx11-dev:arm64 2:1.8.4-2+deb12u2
2026-06-24 03:16:24 status half-configured libx11-dev:arm64 2:1.8.4-2+deb12u2
2026-06-24 03:16:24 status installed libx11-dev:arm64 2:1.8.4-2+deb12u2
2026-06-24 03:16:24 configure binutils-aarch64-linux-gnu:arm64 2.40-2 <none>
2026-06-24 03:16:24 status unpacked binutils-aarch64-linux-gnu:arm64 2.40-2
2026-06-24 03:16:24 status half-configured binutils-aarch64-linux-gnu:arm64 2.40-2
2026-06-24 03:16:24 status installed binutils-aarch64-linux-gnu:arm64 2.40-2
2026-06-24 03:16:24 configure binutils:arm64 2.40-2 <none>
2026-06-24 03:16:24 status unpacked binutils:arm64 2.40-2
2026-06-24 03:16:24 status half-configured binutils:arm64 2.40-2
2026-06-24 03:16:24 status installed binutils:arm64 2.40-2
2026-06-24 03:16:24 configure libreadline-dev:arm64 8.2-1.3 <none>
2026-06-24 03:16:24 status unpacked libreadline-dev:arm64 8.2-1.3
2026-06-24 03:16:24 status half-configured libreadline-dev:arm64 8.2-1.3
2026-06-24 03:16:24 status installed libreadline-dev:arm64 8.2-1.3
2026-06-24 03:16:24 configure libcairo2:arm64 1.16.0-7 <none>
2026-06-24 03:16:24 status unpacked libcairo2:arm64 1.16.0-7
2026-06-24 03:16:24 status half-configured libcairo2:arm64 1.16.0-7
2026-06-24 03:16:24 status installed libcairo2:arm64 1.16.0-7
2026-06-24 03:16:24 configure dpkg-dev:all 1.21.23 <none>
2026-06-24 03:16:24 status unpacked dpkg-dev:all 1.21.23
2026-06-24 03:16:24 status half-configured dpkg-dev:all 1.21.23
2026-06-24 03:16:24 status installed dpkg-dev:all 1.21.23
2026-06-24 03:16:24 configure libxcb-shm0-dev:arm64 1.15-1 <none>
2026-06-24 03:16:24 status unpacked libxcb-shm0-dev:arm64 1.15-1
2026-06-24 03:16:24 status half-configured libxcb-shm0-dev:arm64 1.15-1
2026-06-24 03:16:24 status installed libxcb-shm0-dev:arm64 1.15-1
2026-06-24 03:16:24 configure libmagickcore-6.q16-6:arm64 8:6.9.11.60+dfsg-1.6+deb12u11 <none>
2026-06-24 03:16:24 status unpacked libmagickcore-6.q16-6:arm64 8:6.9.11.60+dfsg-1.6+deb12u11
2026-06-24 03:16:24 status half-configured libmagickcore-6.q16-6:arm64 8:6.9.11.60+dfsg-1.6+deb12u11
2026-06-24 03:16:24 status installed libmagickcore-6.q16-6:arm64 8:6.9.11.60+dfsg-1.6+deb12u11
2026-06-24 03:16:24 configure libxml2-dev:arm64 2.9.14+dfsg-1.3~deb12u5 <none>
2026-06-24 03:16:24 status unpacked libxml2-dev:arm64 2.9.14+dfsg-1.3~deb12u5
2026-06-24 03:16:24 status half-configured libxml2-dev:arm64 2.9.14+dfsg-1.3~deb12u5
2026-06-24 03:16:24 status installed libxml2-dev:arm64 2.9.14+dfsg-1.3~deb12u5
2026-06-24 03:16:24 configure libexpat1-dev:arm64 2.5.0-1+deb12u2 <none>
2026-06-24 03:16:24 status unpacked libexpat1-dev:arm64 2.5.0-1+deb12u2
2026-06-24 03:16:24 status half-configured libexpat1-dev:arm64 2.5.0-1+deb12u2
2026-06-24 03:16:24 status installed libexpat1-dev:arm64 2.5.0-1+deb12u2
2026-06-24 03:16:24 configure libwmf-0.2-7:arm64 0.2.12-5.1 <none>
2026-06-24 03:16:24 status unpacked libwmf-0.2-7:arm64 0.2.12-5.1
2026-06-24 03:16:24 status half-configured libwmf-0.2-7:arm64 0.2.12-5.1
2026-06-24 03:16:24 status installed libwmf-0.2-7:arm64 0.2.12-5.1
2026-06-24 03:16:24 configure libsqlite3-dev:arm64 3.40.1-2+deb12u2 <none>
2026-06-24 03:16:24 status unpacked libsqlite3-dev:arm64 3.40.1-2+deb12u2
2026-06-24 03:16:24 status half-configured libsqlite3-dev:arm64 3.40.1-2+deb12u2
2026-06-24 03:16:24 status installed libsqlite3-dev:arm64 3.40.1-2+deb12u2
2026-06-24 03:16:24 configure libjpeg62-turbo-dev:arm64 1:2.1.5-2 <none>
2026-06-24 03:16:24 status unpacked libjpeg62-turbo-dev:arm64 1:2.1.5-2
2026-06-24 03:16:24 status half-configured libjpeg62-turbo-dev:arm64 1:2.1.5-2
2026-06-24 03:16:24 status installed libjpeg62-turbo-dev:arm64 1:2.1.5-2
2026-06-24 03:16:24 configure gcc-12:arm64 12.2.0-14+deb12u1 <none>
2026-06-24 03:16:24 status unpacked gcc-12:arm64 12.2.0-14+deb12u1
2026-06-24 03:16:24 status half-configured gcc-12:arm64 12.2.0-14+deb12u1
2026-06-24 03:16:24 status installed gcc-12:arm64 12.2.0-14+deb12u1
2026-06-24 03:16:24 configure uuid-dev:arm64 2.38.1-5+deb12u3 <none>
2026-06-24 03:16:24 status unpacked uuid-dev:arm64 2.38.1-5+deb12u3
2026-06-24 03:16:24 status half-configured uuid-dev:arm64 2.38.1-5+deb12u3
2026-06-24 03:16:24 status installed uuid-dev:arm64 2.38.1-5+deb12u3
2026-06-24 03:16:24 configure comerr-dev:arm64 2.1-1.47.0-2+b2 <none>
2026-06-24 03:16:24 status unpacked comerr-dev:arm64 2.1-1.47.0-2+b2
2026-06-24 03:16:24 status half-configured comerr-dev:arm64 2.1-1.47.0-2+b2
2026-06-24 03:16:24 status installed comerr-dev:arm64 2.1-1.47.0-2+b2
2026-06-24 03:16:24 configure libxcb-render0-dev:arm64 1.15-1 <none>
2026-06-24 03:16:24 status unpacked libxcb-render0-dev:arm64 1.15-1
2026-06-24 03:16:24 status half-configured libxcb-render0-dev:arm64 1.15-1
2026-06-24 03:16:24 status installed libxcb-render0-dev:arm64 1.15-1
2026-06-24 03:16:24 configure libxt6:arm64 1:1.2.1-1.1 <none>
2026-06-24 03:16:24 status unpacked libxt6:arm64 1:1.2.1-1.1
2026-06-24 03:16:24 status half-configured libxt6:arm64 1:1.2.1-1.1
2026-06-24 03:16:24 status installed libxt6:arm64 1:1.2.1-1.1
2026-06-24 03:16:24 configure libxext-dev:arm64 2:1.3.4-1+b1 <none>
2026-06-24 03:16:24 status unpacked libxext-dev:arm64 2:1.3.4-1+b1
2026-06-24 03:16:24 status half-configured libxext-dev:arm64 2:1.3.4-1+b1
2026-06-24 03:16:24 status installed libxext-dev:arm64 2:1.3.4-1+b1
2026-06-24 03:16:24 configure zlib1g-dev:arm64 1:1.2.13.dfsg-1 <none>
2026-06-24 03:16:24 status unpacked zlib1g-dev:arm64 1:1.2.13.dfsg-1
2026-06-24 03:16:24 status half-configured zlib1g-dev:arm64 1:1.2.13.dfsg-1
2026-06-24 03:16:24 status installed zlib1g-dev:arm64 1:1.2.13.dfsg-1
2026-06-24 03:16:24 configure libgdk-pixbuf2.0-bin:arm64 2.42.10+dfsg-1+deb12u4 <none>
2026-06-24 03:16:24 status unpacked libgdk-pixbuf2.0-bin:arm64 2.42.10+dfsg-1+deb12u4
2026-06-24 03:16:24 status half-configured libgdk-pixbuf2.0-bin:arm64 2.42.10+dfsg-1+deb12u4
2026-06-24 03:16:24 status installed libgdk-pixbuf2.0-bin:arm64 2.42.10+dfsg-1+deb12u4
2026-06-24 03:16:24 configure libncurses5-dev:arm64 6.4-4 <none>
2026-06-24 03:16:24 status unpacked libncurses5-dev:arm64 6.4-4
2026-06-24 03:16:24 status half-configured libncurses5-dev:arm64 6.4-4
2026-06-24 03:16:24 status installed libncurses5-dev:arm64 6.4-4
2026-06-24 03:16:24 configure libmagickwand-6.q16-6:arm64 8:6.9.11.60+dfsg-1.6+deb12u11 <none>
2026-06-24 03:16:24 status unpacked libmagickwand-6.q16-6:arm64 8:6.9.11.60+dfsg-1.6+deb12u11
2026-06-24 03:16:24 status half-configured libmagickwand-6.q16-6:arm64 8:6.9.11.60+dfsg-1.6+deb12u11
2026-06-24 03:16:24 status installed libmagickwand-6.q16-6:arm64 8:6.9.11.60+dfsg-1.6+deb12u11
2026-06-24 03:16:24 configure libcairo-gobject2:arm64 1.16.0-7 <none>
2026-06-24 03:16:24 status unpacked libcairo-gobject2:arm64 1.16.0-7
2026-06-24 03:16:24 status half-configured libcairo-gobject2:arm64 1.16.0-7
2026-06-24 03:16:24 status installed libcairo-gobject2:arm64 1.16.0-7
2026-06-24 03:16:24 configure libpangoft2-1.0-0:arm64 1.50.12+ds-1 <none>
2026-06-24 03:16:24 status unpacked libpangoft2-1.0-0:arm64 1.50.12+ds-1
2026-06-24 03:16:24 status half-configured libpangoft2-1.0-0:arm64 1.50.12+ds-1
2026-06-24 03:16:24 status installed libpangoft2-1.0-0:arm64 1.50.12+ds-1
2026-06-24 03:16:24 configure libxrender-dev:arm64 1:0.9.10-1.1 <none>
2026-06-24 03:16:24 status unpacked libxrender-dev:arm64 1:0.9.10-1.1
2026-06-24 03:16:24 status half-configured libxrender-dev:arm64 1:0.9.10-1.1
2026-06-24 03:16:24 status installed libxrender-dev:arm64 1:0.9.10-1.1
2026-06-24 03:16:24 configure libpangocairo-1.0-0:arm64 1.50.12+ds-1 <none>
2026-06-24 03:16:24 status unpacked libpangocairo-1.0-0:arm64 1.50.12+ds-1
2026-06-24 03:16:24 status half-configured libpangocairo-1.0-0:arm64 1.50.12+ds-1
2026-06-24 03:16:24 status installed libpangocairo-1.0-0:arm64 1.50.12+ds-1
2026-06-24 03:16:24 configure g++-12:arm64 12.2.0-14+deb12u1 <none>
2026-06-24 03:16:24 status unpacked g++-12:arm64 12.2.0-14+deb12u1
2026-06-24 03:16:24 status half-configured g++-12:arm64 12.2.0-14+deb12u1
2026-06-24 03:16:24 status installed g++-12:arm64 12.2.0-14+deb12u1
2026-06-24 03:16:24 configure krb5-multidev:arm64 1.20.1-2+deb12u5 <none>
2026-06-24 03:16:24 status unpacked krb5-multidev:arm64 1.20.1-2+deb12u5
2026-06-24 03:16:24 status half-configured krb5-multidev:arm64 1.20.1-2+deb12u5
2026-06-24 03:16:24 status installed krb5-multidev:arm64 1.20.1-2+deb12u5
2026-06-24 03:16:24 configure libcairo-script-interpreter2:arm64 1.16.0-7 <none>
2026-06-24 03:16:24 status unpacked libcairo-script-interpreter2:arm64 1.16.0-7
2026-06-24 03:16:24 status half-configured libcairo-script-interpreter2:arm64 1.16.0-7
2026-06-24 03:16:24 status installed libcairo-script-interpreter2:arm64 1.16.0-7
2026-06-24 03:16:24 configure libblkid-dev:arm64 2.38.1-5+deb12u3 <none>
2026-06-24 03:16:24 status unpacked libblkid-dev:arm64 2.38.1-5+deb12u3
2026-06-24 03:16:24 status half-configured libblkid-dev:arm64 2.38.1-5+deb12u3
2026-06-24 03:16:24 status installed libblkid-dev:arm64 2.38.1-5+deb12u3
2026-06-24 03:16:24 configure libxslt1-dev:arm64 1.1.35-1+deb12u4 <none>
2026-06-24 03:16:24 status unpacked libxslt1-dev:arm64 1.1.35-1+deb12u4
2026-06-24 03:16:24 status half-configured libxslt1-dev:arm64 1.1.35-1+deb12u4
2026-06-24 03:16:24 status installed libxslt1-dev:arm64 1.1.35-1+deb12u4
2026-06-24 03:16:24 configure libmagickcore-6.q16-6-extra:arm64 8:6.9.11.60+dfsg-1.6+deb12u11 <none>
2026-06-24 03:16:24 status unpacked libmagickcore-6.q16-6-extra:arm64 8:6.9.11.60+dfsg-1.6+deb12u11
2026-06-24 03:16:24 status half-configured libmagickcore-6.q16-6-extra:arm64 8:6.9.11.60+dfsg-1.6+deb12u11
2026-06-24 03:16:24 status installed libmagickcore-6.q16-6-extra:arm64 8:6.9.11.60+dfsg-1.6+deb12u11
2026-06-24 03:16:24 configure libtool:all 2.4.7-7~deb12u1 <none>
2026-06-24 03:16:24 status unpacked libtool:all 2.4.7-7~deb12u1
2026-06-24 03:16:24 status half-configured libtool:all 2.4.7-7~deb12u1
2026-06-24 03:16:24 status installed libtool:all 2.4.7-7~deb12u1
2026-06-24 03:16:24 configure libpng-dev:arm64 1.6.39-2+deb12u5 <none>
2026-06-24 03:16:24 status unpacked libpng-dev:arm64 1.6.39-2+deb12u5
2026-06-24 03:16:24 status half-configured libpng-dev:arm64 1.6.39-2+deb12u5
2026-06-24 03:16:24 status installed libpng-dev:arm64 1.6.39-2+deb12u5
2026-06-24 03:16:24 configure libjpeg-dev:arm64 1:2.1.5-2 <none>
2026-06-24 03:16:24 status unpacked libjpeg-dev:arm64 1:2.1.5-2
2026-06-24 03:16:24 status half-configured libjpeg-dev:arm64 1:2.1.5-2
2026-06-24 03:16:24 status installed libjpeg-dev:arm64 1:2.1.5-2
2026-06-24 03:16:24 configure libdjvulibre-dev:arm64 3.5.28-2.2~deb12u1 <none>
2026-06-24 03:16:24 status unpacked libdjvulibre-dev:arm64 3.5.28-2.2~deb12u1
2026-06-24 03:16:24 status half-configured libdjvulibre-dev:arm64 3.5.28-2.2~deb12u1
2026-06-24 03:16:24 status installed libdjvulibre-dev:arm64 3.5.28-2.2~deb12u1
2026-06-24 03:16:24 configure gcc:arm64 4:12.2.0-3 <none>
2026-06-24 03:16:24 status unpacked gcc:arm64 4:12.2.0-3
2026-06-24 03:16:24 status half-configured gcc:arm64 4:12.2.0-3
2026-06-24 03:16:24 status installed gcc:arm64 4:12.2.0-3
2026-06-24 03:16:24 configure libfreetype-dev:arm64 2.12.1+dfsg-5+deb12u4 <none>
2026-06-24 03:16:24 status unpacked libfreetype-dev:arm64 2.12.1+dfsg-5+deb12u4
2026-06-24 03:16:24 status half-configured libfreetype-dev:arm64 2.12.1+dfsg-5+deb12u4
2026-06-24 03:16:24 status installed libfreetype-dev:arm64 2.12.1+dfsg-5+deb12u4
2026-06-24 03:16:24 configure librsvg2-2:arm64 2.54.7+dfsg-1~deb12u1 <none>
2026-06-24 03:16:24 status unpacked librsvg2-2:arm64 2.54.7+dfsg-1~deb12u1
2026-06-24 03:16:24 status half-configured librsvg2-2:arm64 2.54.7+dfsg-1~deb12u1
2026-06-24 03:16:24 status installed librsvg2-2:arm64 2.54.7+dfsg-1~deb12u1
2026-06-24 03:16:24 configure libkrb5-dev:arm64 1.20.1-2+deb12u5 <none>
2026-06-24 03:16:24 status unpacked libkrb5-dev:arm64 1.20.1-2+deb12u5
2026-06-24 03:16:24 status half-configured libkrb5-dev:arm64 1.20.1-2+deb12u5
2026-06-24 03:16:24 status installed libkrb5-dev:arm64 1.20.1-2+deb12u5
2026-06-24 03:16:24 configure libwmf-dev:arm64 0.2.12-5.1 <none>
2026-06-24 03:16:24 status unpacked libwmf-dev:arm64 0.2.12-5.1
2026-06-24 03:16:24 status half-configured libwmf-dev:arm64 0.2.12-5.1
2026-06-24 03:16:24 status installed libwmf-dev:arm64 0.2.12-5.1
2026-06-24 03:16:24 configure libopenexr-dev:arm64 3.1.5-5 <none>
2026-06-24 03:16:24 status unpacked libopenexr-dev:arm64 3.1.5-5
2026-06-24 03:16:24 status half-configured libopenexr-dev:arm64 3.1.5-5
2026-06-24 03:16:24 status installed libopenexr-dev:arm64 3.1.5-5
2026-06-24 03:16:24 configure libtiff-dev:arm64 4.5.0-6+deb12u4 <none>
2026-06-24 03:16:24 status unpacked libtiff-dev:arm64 4.5.0-6+deb12u4
2026-06-24 03:16:24 status half-configured libtiff-dev:arm64 4.5.0-6+deb12u4
2026-06-24 03:16:25 status installed libtiff-dev:arm64 4.5.0-6+deb12u4
2026-06-24 03:16:25 configure libxt-dev:arm64 1:1.2.1-1.1 <none>
2026-06-24 03:16:25 status unpacked libxt-dev:arm64 1:1.2.1-1.1
2026-06-24 03:16:25 status half-configured libxt-dev:arm64 1:1.2.1-1.1
2026-06-24 03:16:25 status installed libxt-dev:arm64 1:1.2.1-1.1
2026-06-24 03:16:25 configure librsvg2-common:arm64 2.54.7+dfsg-1~deb12u1 <none>
2026-06-24 03:16:25 status unpacked librsvg2-common:arm64 2.54.7+dfsg-1~deb12u1
2026-06-24 03:16:25 status half-configured librsvg2-common:arm64 2.54.7+dfsg-1~deb12u1
2026-06-24 03:16:25 status installed librsvg2-common:arm64 2.54.7+dfsg-1~deb12u1
2026-06-24 03:16:25 status triggers-pending libgdk-pixbuf-2.0-0:arm64 2.42.10+dfsg-1+deb12u4
2026-06-24 03:16:25 configure libmariadb-dev:arm64 1:10.11.14-0+deb12u2 <none>
2026-06-24 03:16:25 status unpacked libmariadb-dev:arm64 1:10.11.14-0+deb12u2
2026-06-24 03:16:25 status half-configured libmariadb-dev:arm64 1:10.11.14-0+deb12u2
2026-06-24 03:16:25 status installed libmariadb-dev:arm64 1:10.11.14-0+deb12u2
2026-06-24 03:16:25 configure imagemagick-6.q16:arm64 8:6.9.11.60+dfsg-1.6+deb12u11 <none>
2026-06-24 03:16:25 status unpacked imagemagick-6.q16:arm64 8:6.9.11.60+dfsg-1.6+deb12u11
2026-06-24 03:16:25 status half-configured imagemagick-6.q16:arm64 8:6.9.11.60+dfsg-1.6+deb12u11
2026-06-24 03:16:25 status installed imagemagick-6.q16:arm64 8:6.9.11.60+dfsg-1.6+deb12u11
2026-06-24 03:16:25 configure g++:arm64 4:12.2.0-3 <none>
2026-06-24 03:16:25 status unpacked g++:arm64 4:12.2.0-3
2026-06-24 03:16:25 status half-configured g++:arm64 4:12.2.0-3
2026-06-24 03:16:25 status installed g++:arm64 4:12.2.0-3
2026-06-24 03:16:25 configure gir1.2-rsvg-2.0:arm64 2.54.7+dfsg-1~deb12u1 <none>
2026-06-24 03:16:25 status unpacked gir1.2-rsvg-2.0:arm64 2.54.7+dfsg-1~deb12u1
2026-06-24 03:16:25 status half-configured gir1.2-rsvg-2.0:arm64 2.54.7+dfsg-1~deb12u1
2026-06-24 03:16:25 status installed gir1.2-rsvg-2.0:arm64 2.54.7+dfsg-1~deb12u1
2026-06-24 03:16:25 configure libmount-dev:arm64 2.38.1-5+deb12u3 <none>
2026-06-24 03:16:25 status unpacked libmount-dev:arm64 2.38.1-5+deb12u3
2026-06-24 03:16:25 status half-configured libmount-dev:arm64 2.38.1-5+deb12u3
2026-06-24 03:16:25 status installed libmount-dev:arm64 2.38.1-5+deb12u3
2026-06-24 03:16:25 configure libmariadb-dev-compat:arm64 1:10.11.14-0+deb12u2 <none>
2026-06-24 03:16:25 status unpacked libmariadb-dev-compat:arm64 1:10.11.14-0+deb12u2
2026-06-24 03:16:25 status half-configured libmariadb-dev-compat:arm64 1:10.11.14-0+deb12u2
2026-06-24 03:16:25 status installed libmariadb-dev-compat:arm64 1:10.11.14-0+deb12u2
2026-06-24 03:16:25 configure libfontconfig-dev:arm64 2.14.1-4 <none>
2026-06-24 03:16:25 status unpacked libfontconfig-dev:arm64 2.14.1-4
2026-06-24 03:16:25 status half-configured libfontconfig-dev:arm64 2.14.1-4
2026-06-24 03:16:25 status installed libfontconfig-dev:arm64 2.14.1-4
2026-06-24 03:16:25 configure libfreetype6-dev:arm64 2.12.1+dfsg-5+deb12u4 <none>
2026-06-24 03:16:25 status unpacked libfreetype6-dev:arm64 2.12.1+dfsg-5+deb12u4
2026-06-24 03:16:25 status half-configured libfreetype6-dev:arm64 2.12.1+dfsg-5+deb12u4
2026-06-24 03:16:25 status installed libfreetype6-dev:arm64 2.12.1+dfsg-5+deb12u4
2026-06-24 03:16:25 configure libglib2.0-dev:arm64 2.74.6-2+deb12u9 <none>
2026-06-24 03:16:25 status unpacked libglib2.0-dev:arm64 2.74.6-2+deb12u9
2026-06-24 03:16:25 status half-configured libglib2.0-dev:arm64 2.74.6-2+deb12u9
2026-06-24 03:16:25 status installed libglib2.0-dev:arm64 2.74.6-2+deb12u9
2026-06-24 03:16:25 configure imagemagick:arm64 8:6.9.11.60+dfsg-1.6+deb12u11 <none>
2026-06-24 03:16:25 status unpacked imagemagick:arm64 8:6.9.11.60+dfsg-1.6+deb12u11
2026-06-24 03:16:25 status half-configured imagemagick:arm64 8:6.9.11.60+dfsg-1.6+deb12u11
2026-06-24 03:16:25 status installed imagemagick:arm64 8:6.9.11.60+dfsg-1.6+deb12u11
2026-06-24 03:16:25 configure libcairo2-dev:arm64 1.16.0-7 <none>
2026-06-24 03:16:25 status unpacked libcairo2-dev:arm64 1.16.0-7
2026-06-24 03:16:25 status half-configured libcairo2-dev:arm64 1.16.0-7
2026-06-24 03:16:25 status installed libcairo2-dev:arm64 1.16.0-7
2026-06-24 03:16:25 configure default-libmysqlclient-dev:arm64 1.1.0 <none>
2026-06-24 03:16:25 status unpacked default-libmysqlclient-dev:arm64 1.1.0
2026-06-24 03:16:25 status half-configured default-libmysqlclient-dev:arm64 1.1.0
2026-06-24 03:16:25 status installed default-libmysqlclient-dev:arm64 1.1.0
2026-06-24 03:16:25 configure libgdk-pixbuf-2.0-dev:arm64 2.42.10+dfsg-1+deb12u4 <none>
2026-06-24 03:16:25 status unpacked libgdk-pixbuf-2.0-dev:arm64 2.42.10+dfsg-1+deb12u4
2026-06-24 03:16:25 status half-configured libgdk-pixbuf-2.0-dev:arm64 2.42.10+dfsg-1+deb12u4
2026-06-24 03:16:25 status installed libgdk-pixbuf-2.0-dev:arm64 2.42.10+dfsg-1+deb12u4
2026-06-24 03:16:25 configure librsvg2-dev:arm64 2.54.7+dfsg-1~deb12u1 <none>
2026-06-24 03:16:25 status unpacked librsvg2-dev:arm64 2.54.7+dfsg-1~deb12u1
2026-06-24 03:16:25 status half-configured librsvg2-dev:arm64 2.54.7+dfsg-1~deb12u1
2026-06-24 03:16:25 status installed librsvg2-dev:arm64 2.54.7+dfsg-1~deb12u1
2026-06-24 03:16:25 configure libmagickcore-6.q16-dev:arm64 8:6.9.11.60+dfsg-1.6+deb12u11 <none>
2026-06-24 03:16:25 status unpacked libmagickcore-6.q16-dev:arm64 8:6.9.11.60+dfsg-1.6+deb12u11
2026-06-24 03:16:25 status half-configured libmagickcore-6.q16-dev:arm64 8:6.9.11.60+dfsg-1.6+deb12u11
2026-06-24 03:16:25 status installed libmagickcore-6.q16-dev:arm64 8:6.9.11.60+dfsg-1.6+deb12u11
2026-06-24 03:16:25 configure libmagickwand-6.q16-dev:arm64 8:6.9.11.60+dfsg-1.6+deb12u11 <none>
2026-06-24 03:16:25 status unpacked libmagickwand-6.q16-dev:arm64 8:6.9.11.60+dfsg-1.6+deb12u11
2026-06-24 03:16:25 status half-configured libmagickwand-6.q16-dev:arm64 8:6.9.11.60+dfsg-1.6+deb12u11
2026-06-24 03:16:25 status installed libmagickwand-6.q16-dev:arm64 8:6.9.11.60+dfsg-1.6+deb12u11
2026-06-24 03:16:25 configure libmagickcore-dev:all 8:6.9.11.60+dfsg-1.6+deb12u11 <none>
2026-06-24 03:16:25 status unpacked libmagickcore-dev:all 8:6.9.11.60+dfsg-1.6+deb12u11
2026-06-24 03:16:25 status half-configured libmagickcore-dev:all 8:6.9.11.60+dfsg-1.6+deb12u11
2026-06-24 03:16:25 status installed libmagickcore-dev:all 8:6.9.11.60+dfsg-1.6+deb12u11
2026-06-24 03:16:25 configure libmagickwand-dev:all 8:6.9.11.60+dfsg-1.6+deb12u11 <none>
2026-06-24 03:16:25 status unpacked libmagickwand-dev:all 8:6.9.11.60+dfsg-1.6+deb12u11
2026-06-24 03:16:25 status half-configured libmagickwand-dev:all 8:6.9.11.60+dfsg-1.6+deb12u11
2026-06-24 03:16:25 status installed libmagickwand-dev:all 8:6.9.11.60+dfsg-1.6+deb12u11
2026-06-24 03:16:25 trigproc libc-bin:arm64 2.36-9+deb12u14 <none>
2026-06-24 03:16:25 status half-configured libc-bin:arm64 2.36-9+deb12u14
2026-06-24 03:16:25 status installed libc-bin:arm64 2.36-9+deb12u14
2026-06-24 03:16:25 trigproc libgdk-pixbuf-2.0-0:arm64 2.42.10+dfsg-1+deb12u4 <none>
2026-06-24 03:16:25 status half-configured libgdk-pixbuf-2.0-0:arm64 2.42.10+dfsg-1+deb12u4
2026-06-24 03:16:25 status installed libgdk-pixbuf-2.0-0:arm64 2.42.10+dfsg-1+deb12u4
2026-06-24 04:14:11 startup archives unpack
2026-06-24 04:14:11 install libargon2-1:arm64 <none> 0~20171227-0.3+deb12u1
2026-06-24 04:14:11 status triggers-pending libc-bin:arm64 2.36-9+deb12u14
2026-06-24 04:14:11 status half-installed libargon2-1:arm64 0~20171227-0.3+deb12u1
2026-06-24 04:14:11 status unpacked libargon2-1:arm64 0~20171227-0.3+deb12u1
2026-06-24 04:14:11 install dmsetup:arm64 <none> 2:1.02.185-2
2026-06-24 04:14:11 status half-installed dmsetup:arm64 2:1.02.185-2
2026-06-24 04:14:11 status unpacked dmsetup:arm64 2:1.02.185-2
2026-06-24 04:14:11 install libdevmapper1.02.1:arm64 <none> 2:1.02.185-2
2026-06-24 04:14:11 status half-installed libdevmapper1.02.1:arm64 2:1.02.185-2
2026-06-24 04:14:11 status unpacked libdevmapper1.02.1:arm64 2:1.02.185-2
2026-06-24 04:14:11 install libjson-c5:arm64 <none> 0.16-2
2026-06-24 04:14:11 status half-installed libjson-c5:arm64 0.16-2
2026-06-24 04:14:11 status unpacked libjson-c5:arm64 0.16-2
2026-06-24 04:14:11 install libcryptsetup12:arm64 <none> 2:2.6.1-4~deb12u2
2026-06-24 04:14:11 status half-installed libcryptsetup12:arm64 2:2.6.1-4~deb12u2
2026-06-24 04:14:11 status unpacked libcryptsetup12:arm64 2:2.6.1-4~deb12u2
2026-06-24 04:14:11 install libfdisk1:arm64 <none> 2.38.1-5+deb12u3
2026-06-24 04:14:11 status half-installed libfdisk1:arm64 2.38.1-5+deb12u3
2026-06-24 04:14:11 status unpacked libfdisk1:arm64 2.38.1-5+deb12u3
2026-06-24 04:14:11 install libkmod2:arm64 <none> 30+20221128-1
2026-06-24 04:14:11 status half-installed libkmod2:arm64 30+20221128-1
2026-06-24 04:14:12 status unpacked libkmod2:arm64 30+20221128-1
2026-06-24 04:14:12 install libapparmor1:arm64 <none> 3.0.8-3
2026-06-24 04:14:12 status half-installed libapparmor1:arm64 3.0.8-3
2026-06-24 04:14:12 status unpacked libapparmor1:arm64 3.0.8-3
2026-06-24 04:14:12 install libip4tc2:arm64 <none> 1.8.9-2
2026-06-24 04:14:12 status half-installed libip4tc2:arm64 1.8.9-2
2026-06-24 04:14:12 status unpacked libip4tc2:arm64 1.8.9-2
2026-06-24 04:14:12 install libsystemd-shared:arm64 <none> 252.39-1~deb12u2
2026-06-24 04:14:12 status half-installed libsystemd-shared:arm64 252.39-1~deb12u2
2026-06-24 04:14:12 status unpacked libsystemd-shared:arm64 252.39-1~deb12u2
2026-06-24 04:14:12 install systemd:arm64 <none> 252.39-1~deb12u2
2026-06-24 04:14:12 status half-installed systemd:arm64 252.39-1~deb12u2
2026-06-24 04:14:12 status unpacked systemd:arm64 252.39-1~deb12u2
2026-06-24 04:14:12 startup packages configure
2026-06-24 04:14:12 configure libargon2-1:arm64 0~20171227-0.3+deb12u1 <none>
2026-06-24 04:14:12 status unpacked libargon2-1:arm64 0~20171227-0.3+deb12u1
2026-06-24 04:14:12 status half-configured libargon2-1:arm64 0~20171227-0.3+deb12u1
2026-06-24 04:14:12 status installed libargon2-1:arm64 0~20171227-0.3+deb12u1
2026-06-24 04:14:12 configure libjson-c5:arm64 0.16-2 <none>
2026-06-24 04:14:12 status unpacked libjson-c5:arm64 0.16-2
2026-06-24 04:14:12 status half-configured libjson-c5:arm64 0.16-2
2026-06-24 04:14:12 status installed libjson-c5:arm64 0.16-2
2026-06-24 04:14:12 configure libfdisk1:arm64 2.38.1-5+deb12u3 <none>
2026-06-24 04:14:12 status unpacked libfdisk1:arm64 2.38.1-5+deb12u3
2026-06-24 04:14:12 status half-configured libfdisk1:arm64 2.38.1-5+deb12u3
2026-06-24 04:14:12 status installed libfdisk1:arm64 2.38.1-5+deb12u3
2026-06-24 04:14:12 configure libkmod2:arm64 30+20221128-1 <none>
2026-06-24 04:14:12 status unpacked libkmod2:arm64 30+20221128-1
2026-06-24 04:14:12 status half-configured libkmod2:arm64 30+20221128-1
2026-06-24 04:14:12 status installed libkmod2:arm64 30+20221128-1
2026-06-24 04:14:12 configure libapparmor1:arm64 3.0.8-3 <none>
2026-06-24 04:14:12 status unpacked libapparmor1:arm64 3.0.8-3
2026-06-24 04:14:12 status half-configured libapparmor1:arm64 3.0.8-3
2026-06-24 04:14:12 status installed libapparmor1:arm64 3.0.8-3
2026-06-24 04:14:12 configure libip4tc2:arm64 1.8.9-2 <none>
2026-06-24 04:14:12 status unpacked libip4tc2:arm64 1.8.9-2
2026-06-24 04:14:12 status half-configured libip4tc2:arm64 1.8.9-2
2026-06-24 04:14:12 status installed libip4tc2:arm64 1.8.9-2
2026-06-24 04:14:12 configure libsystemd-shared:arm64 252.39-1~deb12u2 <none>
2026-06-24 04:14:12 status unpacked libsystemd-shared:arm64 252.39-1~deb12u2
2026-06-24 04:14:12 status half-configured libsystemd-shared:arm64 252.39-1~deb12u2
2026-06-24 04:14:12 status installed libsystemd-shared:arm64 252.39-1~deb12u2
2026-06-24 04:14:12 configure libdevmapper1.02.1:arm64 2:1.02.185-2 <none>
2026-06-24 04:14:12 status unpacked libdevmapper1.02.1:arm64 2:1.02.185-2
2026-06-24 04:14:12 status half-configured libdevmapper1.02.1:arm64 2:1.02.185-2
2026-06-24 04:14:12 status installed libdevmapper1.02.1:arm64 2:1.02.185-2
2026-06-24 04:14:12 configure libcryptsetup12:arm64 2:2.6.1-4~deb12u2 <none>
2026-06-24 04:14:12 status unpacked libcryptsetup12:arm64 2:2.6.1-4~deb12u2
2026-06-24 04:14:12 status half-configured libcryptsetup12:arm64 2:2.6.1-4~deb12u2
2026-06-24 04:14:12 status installed libcryptsetup12:arm64 2:2.6.1-4~deb12u2
2026-06-24 04:14:12 configure systemd:arm64 252.39-1~deb12u2 <none>
2026-06-24 04:14:12 status unpacked systemd:arm64 252.39-1~deb12u2
2026-06-24 04:14:12 status half-configured systemd:arm64 252.39-1~deb12u2
2026-06-24 04:14:12 status installed systemd:arm64 252.39-1~deb12u2
2026-06-24 04:14:12 configure dmsetup:arm64 2:1.02.185-2 <none>
2026-06-24 04:14:12 status unpacked dmsetup:arm64 2:1.02.185-2
2026-06-24 04:14:12 status half-configured dmsetup:arm64 2:1.02.185-2
2026-06-24 04:14:12 status installed dmsetup:arm64 2:1.02.185-2
2026-06-24 04:14:12 startup archives unpack
2026-06-24 04:14:12 install systemd-sysv:arm64 <none> 252.39-1~deb12u2
2026-06-24 04:14:12 status half-installed systemd-sysv:arm64 252.39-1~deb12u2
2026-06-24 04:14:12 status unpacked systemd-sysv:arm64 252.39-1~deb12u2
2026-06-24 04:14:12 install libdbus-1-3:arm64 <none> 1.14.10-1~deb12u1
2026-06-24 04:14:12 status half-installed libdbus-1-3:arm64 1.14.10-1~deb12u1
2026-06-24 04:14:12 status unpacked libdbus-1-3:arm64 1.14.10-1~deb12u1
2026-06-24 04:14:12 install dbus-bin:arm64 <none> 1.14.10-1~deb12u1
2026-06-24 04:14:12 status half-installed dbus-bin:arm64 1.14.10-1~deb12u1
2026-06-24 04:14:12 status unpacked dbus-bin:arm64 1.14.10-1~deb12u1
2026-06-24 04:14:12 install dbus-session-bus-common:all <none> 1.14.10-1~deb12u1
2026-06-24 04:14:12 status half-installed dbus-session-bus-common:all 1.14.10-1~deb12u1
2026-06-24 04:14:12 status unpacked dbus-session-bus-common:all 1.14.10-1~deb12u1
2026-06-24 04:14:12 install dbus-daemon:arm64 <none> 1.14.10-1~deb12u1
2026-06-24 04:14:12 status half-installed dbus-daemon:arm64 1.14.10-1~deb12u1
2026-06-24 04:14:12 status unpacked dbus-daemon:arm64 1.14.10-1~deb12u1
2026-06-24 04:14:12 install dbus-system-bus-common:all <none> 1.14.10-1~deb12u1
2026-06-24 04:14:12 status half-installed dbus-system-bus-common:all 1.14.10-1~deb12u1
2026-06-24 04:14:12 status unpacked dbus-system-bus-common:all 1.14.10-1~deb12u1
2026-06-24 04:14:12 install dbus:arm64 <none> 1.14.10-1~deb12u1
2026-06-24 04:14:12 status half-installed dbus:arm64 1.14.10-1~deb12u1
2026-06-24 04:14:12 status unpacked dbus:arm64 1.14.10-1~deb12u1
2026-06-24 04:14:12 install libpam-systemd:arm64 <none> 252.39-1~deb12u2
2026-06-24 04:14:12 status half-installed libpam-systemd:arm64 252.39-1~deb12u2
2026-06-24 04:14:12 status unpacked libpam-systemd:arm64 252.39-1~deb12u2
2026-06-24 04:14:13 install gtk-update-icon-cache:arm64 <none> 3.24.38-2~deb12u3
2026-06-24 04:14:13 status half-installed gtk-update-icon-cache:arm64 3.24.38-2~deb12u3
2026-06-24 04:14:13 status unpacked gtk-update-icon-cache:arm64 3.24.38-2~deb12u3
2026-06-24 04:14:13 install adwaita-icon-theme:all <none> 43-1
2026-06-24 04:14:13 status half-installed adwaita-icon-theme:all 43-1
2026-06-24 04:14:13 status unpacked adwaita-icon-theme:all 43-1
2026-06-24 04:14:13 install at-spi2-common:all <none> 2.46.0-5
2026-06-24 04:14:13 status half-installed at-spi2-common:all 2.46.0-5
2026-06-24 04:14:13 status unpacked at-spi2-common:all 2.46.0-5
2026-06-24 04:14:13 install bubblewrap:arm64 <none> 0.8.0-2+deb12u1
2026-06-24 04:14:13 status half-installed bubblewrap:arm64 0.8.0-2+deb12u1
2026-06-24 04:14:13 status unpacked bubblewrap:arm64 0.8.0-2+deb12u1
2026-06-24 04:14:13 install dbus-user-session:arm64 <none> 1.14.10-1~deb12u1
2026-06-24 04:14:13 status half-installed dbus-user-session:arm64 1.14.10-1~deb12u1
2026-06-24 04:14:13 status unpacked dbus-user-session:arm64 1.14.10-1~deb12u1
2026-06-24 04:14:13 install libdconf1:arm64 <none> 0.40.0-4
2026-06-24 04:14:13 status half-installed libdconf1:arm64 0.40.0-4
2026-06-24 04:14:13 status unpacked libdconf1:arm64 0.40.0-4
2026-06-24 04:14:13 install dconf-service:arm64 <none> 0.40.0-4
2026-06-24 04:14:13 status half-installed dconf-service:arm64 0.40.0-4
2026-06-24 04:14:13 status unpacked dconf-service:arm64 0.40.0-4
2026-06-24 04:14:13 install dconf-gsettings-backend:arm64 <none> 0.40.0-4
2026-06-24 04:14:13 status half-installed dconf-gsettings-backend:arm64 0.40.0-4
2026-06-24 04:14:13 status triggers-pending libglib2.0-0:arm64 2.74.6-2+deb12u9
2026-06-24 04:14:13 status unpacked dconf-gsettings-backend:arm64 0.40.0-4
2026-06-24 04:14:13 install libtext-iconv-perl:arm64 <none> 1.7-8
2026-06-24 04:14:13 status half-installed libtext-iconv-perl:arm64 1.7-8
2026-06-24 04:14:13 status unpacked libtext-iconv-perl:arm64 1.7-8
2026-06-24 04:14:13 install emacsen-common:all <none> 3.0.5
2026-06-24 04:14:13 status half-installed emacsen-common:all 3.0.5
2026-06-24 04:14:13 status unpacked emacsen-common:all 3.0.5
2026-06-24 04:14:13 install dictionaries-common:all <none> 1.29.5
2026-06-24 04:14:13 status half-installed dictionaries-common:all 1.29.5
2026-06-24 04:14:13 status unpacked dictionaries-common:all 1.29.5
2026-06-24 04:14:13 install libproxy1v5:arm64 <none> 0.4.18-1.2
2026-06-24 04:14:13 status half-installed libproxy1v5:arm64 0.4.18-1.2
2026-06-24 04:14:13 status unpacked libproxy1v5:arm64 0.4.18-1.2
2026-06-24 04:14:13 install glib-networking-common:all <none> 2.74.0-4
2026-06-24 04:14:13 status half-installed glib-networking-common:all 2.74.0-4
2026-06-24 04:14:13 status unpacked glib-networking-common:all 2.74.0-4
2026-06-24 04:14:13 install glib-networking-services:arm64 <none> 2.74.0-4
2026-06-24 04:14:13 status half-installed glib-networking-services:arm64 2.74.0-4
2026-06-24 04:14:13 status unpacked glib-networking-services:arm64 2.74.0-4
2026-06-24 04:14:14 install gsettings-desktop-schemas:all <none> 43.0-1
2026-06-24 04:14:14 status half-installed gsettings-desktop-schemas:all 43.0-1
2026-06-24 04:14:14 status unpacked gsettings-desktop-schemas:all 43.0-1
2026-06-24 04:14:14 install glib-networking:arm64 <none> 2.74.0-4
2026-06-24 04:14:14 status half-installed glib-networking:arm64 2.74.0-4
2026-06-24 04:14:14 status unpacked glib-networking:arm64 2.74.0-4
2026-06-24 04:14:14 install libcdparanoia0:arm64 <none> 3.10.2+debian-14
2026-06-24 04:14:14 status half-installed libcdparanoia0:arm64 3.10.2+debian-14
2026-06-24 04:14:14 status unpacked libcdparanoia0:arm64 3.10.2+debian-14
2026-06-24 04:14:14 install libdw1:arm64 <none> 0.188-2.1
2026-06-24 04:14:14 status half-installed libdw1:arm64 0.188-2.1
2026-06-24 04:14:14 status unpacked libdw1:arm64 0.188-2.1
2026-06-24 04:14:14 install libunwind8:arm64 <none> 1.6.2-3
2026-06-24 04:14:14 status half-installed libunwind8:arm64 1.6.2-3
2026-06-24 04:14:14 status unpacked libunwind8:arm64 1.6.2-3
2026-06-24 04:14:14 install libcap2-bin:arm64 <none> 1:2.66-4+deb12u3+b1
2026-06-24 04:14:14 status half-installed libcap2-bin:arm64 1:2.66-4+deb12u3+b1
2026-06-24 04:14:14 status unpacked libcap2-bin:arm64 1:2.66-4+deb12u3+b1
2026-06-24 04:14:14 install libgstreamer1.0-0:arm64 <none> 1.22.0-2+deb12u1
2026-06-24 04:14:14 status half-installed libgstreamer1.0-0:arm64 1.22.0-2+deb12u1
2026-06-24 04:14:14 status unpacked libgstreamer1.0-0:arm64 1.22.0-2+deb12u1
2026-06-24 04:14:14 install liborc-0.4-0:arm64 <none> 1:0.4.33-2
2026-06-24 04:14:14 status half-installed liborc-0.4-0:arm64 1:0.4.33-2
2026-06-24 04:14:14 status unpacked liborc-0.4-0:arm64 1:0.4.33-2
2026-06-24 04:14:14 install iso-codes:all <none> 4.15.0-1
2026-06-24 04:14:14 status half-installed iso-codes:all 4.15.0-1
2026-06-24 04:14:14 status unpacked iso-codes:all 4.15.0-1
2026-06-24 04:14:14 install libgstreamer-plugins-base1.0-0:arm64 <none> 1.22.0-3+deb12u6
2026-06-24 04:14:14 status half-installed libgstreamer-plugins-base1.0-0:arm64 1.22.0-3+deb12u6
2026-06-24 04:14:14 status unpacked libgstreamer-plugins-base1.0-0:arm64 1.22.0-3+deb12u6
2026-06-24 04:14:14 install libogg0:arm64 <none> 1.3.5-3
2026-06-24 04:14:14 status half-installed libogg0:arm64 1.3.5-3
2026-06-24 04:14:14 status unpacked libogg0:arm64 1.3.5-3
2026-06-24 04:14:14 install libopus0:arm64 <none> 1.3.1-3
2026-06-24 04:14:14 status half-installed libopus0:arm64 1.3.1-3
2026-06-24 04:14:14 status unpacked libopus0:arm64 1.3.1-3
2026-06-24 04:14:14 install libtheora0:arm64 <none> 1.1.1+dfsg.1-16.1+deb12u1
2026-06-24 04:14:14 status half-installed libtheora0:arm64 1.1.1+dfsg.1-16.1+deb12u1
2026-06-24 04:14:14 status unpacked libtheora0:arm64 1.1.1+dfsg.1-16.1+deb12u1
2026-06-24 04:14:14 install libvisual-0.4-0:arm64 <none> 0.4.0-19
2026-06-24 04:14:14 status half-installed libvisual-0.4-0:arm64 0.4.0-19
2026-06-24 04:14:14 status unpacked libvisual-0.4-0:arm64 0.4.0-19
2026-06-24 04:14:14 install libvorbis0a:arm64 <none> 1.3.7-1
2026-06-24 04:14:14 status half-installed libvorbis0a:arm64 1.3.7-1
2026-06-24 04:14:14 status unpacked libvorbis0a:arm64 1.3.7-1
2026-06-24 04:14:14 install libvorbisenc2:arm64 <none> 1.3.7-1
2026-06-24 04:14:14 status half-installed libvorbisenc2:arm64 1.3.7-1
2026-06-24 04:14:15 status unpacked libvorbisenc2:arm64 1.3.7-1
2026-06-24 04:14:15 install gstreamer1.0-plugins-base:arm64 <none> 1.22.0-3+deb12u6
2026-06-24 04:14:15 status half-installed gstreamer1.0-plugins-base:arm64 1.22.0-3+deb12u6
2026-06-24 04:14:15 status unpacked gstreamer1.0-plugins-base:arm64 1.22.0-3+deb12u6
2026-06-24 04:14:15 install libgpm2:arm64 <none> 1.20.7-10+b1
2026-06-24 04:14:15 status half-installed libgpm2:arm64 1.20.7-10+b1
2026-06-24 04:14:15 status unpacked libgpm2:arm64 1.20.7-10+b1
2026-06-24 04:14:15 install libslang2:arm64 <none> 2.3.3-3
2026-06-24 04:14:15 status half-installed libslang2:arm64 2.3.3-3
2026-06-24 04:14:15 status unpacked libslang2:arm64 2.3.3-3
2026-06-24 04:14:15 install libaa1:arm64 <none> 1.4p5-50
2026-06-24 04:14:15 status half-installed libaa1:arm64 1.4p5-50
2026-06-24 04:14:15 status unpacked libaa1:arm64 1.4p5-50
2026-06-24 04:14:15 install libraw1394-11:arm64 <none> 2.1.2-2
2026-06-24 04:14:15 status half-installed libraw1394-11:arm64 2.1.2-2
2026-06-24 04:14:15 status unpacked libraw1394-11:arm64 2.1.2-2
2026-06-24 04:14:15 install libavc1394-0:arm64 <none> 0.5.4-5
2026-06-24 04:14:15 status half-installed libavc1394-0:arm64 0.5.4-5
2026-06-24 04:14:15 status unpacked libavc1394-0:arm64 0.5.4-5
2026-06-24 04:14:15 install libcaca0:arm64 <none> 0.99.beta20-3
2026-06-24 04:14:15 status half-installed libcaca0:arm64 0.99.beta20-3
2026-06-24 04:14:15 status unpacked libcaca0:arm64 0.99.beta20-3
2026-06-24 04:14:15 install libdv4:arm64 <none> 1.0.0-15
2026-06-24 04:14:15 status half-installed libdv4:arm64 1.0.0-15
2026-06-24 04:14:15 status unpacked libdv4:arm64 1.0.0-15
2026-06-24 04:14:15 install libflac12:arm64 <none> 1.4.2+ds-2
2026-06-24 04:14:15 status half-installed libflac12:arm64 1.4.2+ds-2
2026-06-24 04:14:15 status unpacked libflac12:arm64 1.4.2+ds-2
2026-06-24 04:14:15 install libgudev-1.0-0:arm64 <none> 237-2
2026-06-24 04:14:15 status half-installed libgudev-1.0-0:arm64 237-2
2026-06-24 04:14:15 status unpacked libgudev-1.0-0:arm64 237-2
2026-06-24 04:14:15 install libiec61883-0:arm64 <none> 1.2.0-6+b1
2026-06-24 04:14:15 status half-installed libiec61883-0:arm64 1.2.0-6+b1
2026-06-24 04:14:15 status unpacked libiec61883-0:arm64 1.2.0-6+b1
2026-06-24 04:14:15 install libsamplerate0:arm64 <none> 0.2.2-3
2026-06-24 04:14:15 status half-installed libsamplerate0:arm64 0.2.2-3
2026-06-24 04:14:15 status unpacked libsamplerate0:arm64 0.2.2-3
2026-06-24 04:14:15 install libjack-jackd2-0:arm64 <none> 1.9.21~dfsg-3
2026-06-24 04:14:15 status half-installed libjack-jackd2-0:arm64 1.9.21~dfsg-3
2026-06-24 04:14:15 status unpacked libjack-jackd2-0:arm64 1.9.21~dfsg-3
2026-06-24 04:14:15 install libmp3lame0:arm64 <none> 3.100-6
2026-06-24 04:14:15 status half-installed libmp3lame0:arm64 3.100-6
2026-06-24 04:14:15 status unpacked libmp3lame0:arm64 3.100-6
2026-06-24 04:14:15 install libmpg123-0:arm64 <none> 1.31.2-1+deb12u1
2026-06-24 04:14:15 status half-installed libmpg123-0:arm64 1.31.2-1+deb12u1
2026-06-24 04:14:15 status unpacked libmpg123-0:arm64 1.31.2-1+deb12u1
2026-06-24 04:14:15 install libasyncns0:arm64 <none> 0.8-6+b3
2026-06-24 04:14:15 status half-installed libasyncns0:arm64 0.8-6+b3
2026-06-24 04:14:15 status unpacked libasyncns0:arm64 0.8-6+b3
2026-06-24 04:14:15 install libsndfile1:arm64 <none> 1.2.0-1+deb12u1
2026-06-24 04:14:15 status half-installed libsndfile1:arm64 1.2.0-1+deb12u1
2026-06-24 04:14:15 status unpacked libsndfile1:arm64 1.2.0-1+deb12u1
2026-06-24 04:14:15 install libx11-xcb1:arm64 <none> 2:1.8.4-2+deb12u2
2026-06-24 04:14:15 status half-installed libx11-xcb1:arm64 2:1.8.4-2+deb12u2
2026-06-24 04:14:15 status unpacked libx11-xcb1:arm64 2:1.8.4-2+deb12u2
2026-06-24 04:14:15 install libpulse0:arm64 <none> 16.1+dfsg1-2+b1
2026-06-24 04:14:15 status half-installed libpulse0:arm64 16.1+dfsg1-2+b1
2026-06-24 04:14:15 status unpacked libpulse0:arm64 16.1+dfsg1-2+b1
2026-06-24 04:14:15 install libspeex1:arm64 <none> 1.2.1-2
2026-06-24 04:14:15 status half-installed libspeex1:arm64 1.2.1-2
2026-06-24 04:14:16 status unpacked libspeex1:arm64 1.2.1-2
2026-06-24 04:14:16 install libshout3:arm64 <none> 2.4.6-1+b1
2026-06-24 04:14:16 status half-installed libshout3:arm64 2.4.6-1+b1
2026-06-24 04:14:16 status unpacked libshout3:arm64 2.4.6-1+b1
2026-06-24 04:14:16 install libtag1v5-vanilla:arm64 <none> 1.13-2+deb12u1
2026-06-24 04:14:16 status half-installed libtag1v5-vanilla:arm64 1.13-2+deb12u1
2026-06-24 04:14:16 status unpacked libtag1v5-vanilla:arm64 1.13-2+deb12u1
2026-06-24 04:14:16 install libtag1v5:arm64 <none> 1.13-2+deb12u1
2026-06-24 04:14:16 status half-installed libtag1v5:arm64 1.13-2+deb12u1
2026-06-24 04:14:16 status unpacked libtag1v5:arm64 1.13-2+deb12u1
2026-06-24 04:14:16 install libtwolame0:arm64 <none> 0.4.0-2
2026-06-24 04:14:16 status half-installed libtwolame0:arm64 0.4.0-2
2026-06-24 04:14:16 status unpacked libtwolame0:arm64 0.4.0-2
2026-06-24 04:14:16 install libv4lconvert0:arm64 <none> 1.22.1-5+b2
2026-06-24 04:14:16 status half-installed libv4lconvert0:arm64 1.22.1-5+b2
2026-06-24 04:14:16 status unpacked libv4lconvert0:arm64 1.22.1-5+b2
2026-06-24 04:14:16 install libv4l-0:arm64 <none> 1.22.1-5+b2
2026-06-24 04:14:16 status half-installed libv4l-0:arm64 1.22.1-5+b2
2026-06-24 04:14:16 status unpacked libv4l-0:arm64 1.22.1-5+b2
2026-06-24 04:14:16 install libvpx7:arm64 <none> 1.12.0-1+deb12u5
2026-06-24 04:14:16 status half-installed libvpx7:arm64 1.12.0-1+deb12u5
2026-06-24 04:14:16 status unpacked libvpx7:arm64 1.12.0-1+deb12u5
2026-06-24 04:14:16 install libwavpack1:arm64 <none> 5.6.0-1
2026-06-24 04:14:16 status half-installed libwavpack1:arm64 5.6.0-1
2026-06-24 04:14:16 status unpacked libwavpack1:arm64 5.6.0-1
2026-06-24 04:14:16 install libxdamage1:arm64 <none> 1:1.1.6-1
2026-06-24 04:14:16 status half-installed libxdamage1:arm64 1:1.1.6-1
2026-06-24 04:14:16 status unpacked libxdamage1:arm64 1:1.1.6-1
2026-06-24 04:14:16 install libxfixes3:arm64 <none> 1:6.0.0-2
2026-06-24 04:14:16 status half-installed libxfixes3:arm64 1:6.0.0-2
2026-06-24 04:14:16 status unpacked libxfixes3:arm64 1:6.0.0-2
2026-06-24 04:14:16 install libsoup2.4-common:all <none> 2.74.3-1+deb12u1
2026-06-24 04:14:16 status half-installed libsoup2.4-common:all 2.74.3-1+deb12u1
2026-06-24 04:14:16 status unpacked libsoup2.4-common:all 2.74.3-1+deb12u1
2026-06-24 04:14:16 install libsoup2.4-1:arm64 <none> 2.74.3-1+deb12u1
2026-06-24 04:14:16 status half-installed libsoup2.4-1:arm64 2.74.3-1+deb12u1
2026-06-24 04:14:16 status unpacked libsoup2.4-1:arm64 2.74.3-1+deb12u1
2026-06-24 04:14:16 install gstreamer1.0-plugins-good:arm64 <none> 1.22.0-5+deb12u3
2026-06-24 04:14:16 status half-installed gstreamer1.0-plugins-good:arm64 1.22.0-5+deb12u3
2026-06-24 04:14:16 status unpacked gstreamer1.0-plugins-good:arm64 1.22.0-5+deb12u3
2026-06-24 04:14:16 install hunspell-en-us:all <none> 1:2020.12.07-2
2026-06-24 04:14:16 status half-installed hunspell-en-us:all 1:2020.12.07-2
2026-06-24 04:14:16 status unpacked hunspell-en-us:all 1:2020.12.07-2
2026-06-24 04:14:16 install libabsl20220623:arm64 <none> 20220623.1-1+deb12u2
2026-06-24 04:14:16 status half-installed libabsl20220623:arm64 20220623.1-1+deb12u2
2026-06-24 04:14:16 status unpacked libabsl20220623:arm64 20220623.1-1+deb12u2
2026-06-24 04:14:16 install libasound2-data:all <none> 1.2.8-1
2026-06-24 04:14:16 status half-installed libasound2-data:all 1.2.8-1
2026-06-24 04:14:16 status unpacked libasound2-data:all 1.2.8-1
2026-06-24 04:14:16 install libasound2:arm64 <none> 1.2.8-1+b1
2026-06-24 04:14:16 status half-installed libasound2:arm64 1.2.8-1+b1
2026-06-24 04:14:16 status unpacked libasound2:arm64 1.2.8-1+b1
2026-06-24 04:14:16 install libaspell15:arm64 <none> 0.60.8-4+b1
2026-06-24 04:14:16 status half-installed libaspell15:arm64 0.60.8-4+b1
2026-06-24 04:14:16 status unpacked libaspell15:arm64 0.60.8-4+b1
2026-06-24 04:14:17 install libatk1.0-0:arm64 <none> 2.46.0-5
2026-06-24 04:14:17 status half-installed libatk1.0-0:arm64 2.46.0-5
2026-06-24 04:14:17 status unpacked libatk1.0-0:arm64 2.46.0-5
2026-06-24 04:14:17 install libxi6:arm64 <none> 2:1.8-1+b1
2026-06-24 04:14:17 status half-installed libxi6:arm64 2:1.8-1+b1
2026-06-24 04:14:17 status unpacked libxi6:arm64 2:1.8-1+b1
2026-06-24 04:14:17 install libatspi2.0-0:arm64 <none> 2.46.0-5
2026-06-24 04:14:17 status half-installed libatspi2.0-0:arm64 2.46.0-5
2026-06-24 04:14:17 status unpacked libatspi2.0-0:arm64 2.46.0-5
2026-06-24 04:14:17 install libatk-bridge2.0-0:arm64 <none> 2.46.0-5
2026-06-24 04:14:17 status half-installed libatk-bridge2.0-0:arm64 2.46.0-5
2026-06-24 04:14:17 status unpacked libatk-bridge2.0-0:arm64 2.46.0-5
2026-06-24 04:14:17 install libavahi-common-data:arm64 <none> 0.8-10+deb12u1
2026-06-24 04:14:17 status half-installed libavahi-common-data:arm64 0.8-10+deb12u1
2026-06-24 04:14:17 status unpacked libavahi-common-data:arm64 0.8-10+deb12u1
2026-06-24 04:14:17 install libavahi-common3:arm64 <none> 0.8-10+deb12u1
2026-06-24 04:14:17 status half-installed libavahi-common3:arm64 0.8-10+deb12u1
2026-06-24 04:14:17 status unpacked libavahi-common3:arm64 0.8-10+deb12u1
2026-06-24 04:14:17 install libavahi-client3:arm64 <none> 0.8-10+deb12u1
2026-06-24 04:14:17 status half-installed libavahi-client3:arm64 0.8-10+deb12u1
2026-06-24 04:14:17 status unpacked libavahi-client3:arm64 0.8-10+deb12u1
2026-06-24 04:14:17 install libgav1-1:arm64 <none> 0.18.0-1+b1
2026-06-24 04:14:17 status half-installed libgav1-1:arm64 0.18.0-1+b1
2026-06-24 04:14:17 status unpacked libgav1-1:arm64 0.18.0-1+b1
2026-06-24 04:14:17 install librav1e0:arm64 <none> 0.5.1-6
2026-06-24 04:14:17 status half-installed librav1e0:arm64 0.5.1-6
2026-06-24 04:14:17 status unpacked librav1e0:arm64 0.5.1-6
2026-06-24 04:14:17 install libsvtav1enc1:arm64 <none> 1.4.1+dfsg-1
2026-06-24 04:14:17 status half-installed libsvtav1enc1:arm64 1.4.1+dfsg-1
2026-06-24 04:14:17 status unpacked libsvtav1enc1:arm64 1.4.1+dfsg-1
2026-06-24 04:14:17 install libyuv0:arm64 <none> 0.0~git20230123.b2528b0-1
2026-06-24 04:14:17 status half-installed libyuv0:arm64 0.0~git20230123.b2528b0-1
2026-06-24 04:14:17 status unpacked libyuv0:arm64 0.0~git20230123.b2528b0-1
2026-06-24 04:14:17 install libavif15:arm64 <none> 0.11.1-1+deb12u1
2026-06-24 04:14:17 status half-installed libavif15:arm64 0.11.1-1+deb12u1
2026-06-24 04:14:17 status unpacked libavif15:arm64 0.11.1-1+deb12u1
2026-06-24 04:14:17 install libcolord2:arm64 <none> 1.4.6-2.2
2026-06-24 04:14:17 status half-installed libcolord2:arm64 1.4.6-2.2
2026-06-24 04:14:17 status unpacked libcolord2:arm64 1.4.6-2.2
2026-06-24 04:14:17 install libcups2:arm64 <none> 2.4.2-3+deb12u9
2026-06-24 04:14:17 status half-installed libcups2:arm64 2.4.2-3+deb12u9
2026-06-24 04:14:17 status unpacked libcups2:arm64 2.4.2-3+deb12u9
2026-06-24 04:14:17 install libdrm-common:all <none> 2.4.114-1
2026-06-24 04:14:17 status half-installed libdrm-common:all 2.4.114-1
2026-06-24 04:14:17 status unpacked libdrm-common:all 2.4.114-1
2026-06-24 04:14:17 install libdrm2:arm64 <none> 2.4.114-1+b1
2026-06-24 04:14:17 status half-installed libdrm2:arm64 2.4.114-1+b1
2026-06-24 04:14:17 status unpacked libdrm2:arm64 2.4.114-1+b1
2026-06-24 04:14:17 install libdrm-amdgpu1:arm64 <none> 2.4.114-1+b1
2026-06-24 04:14:17 status half-installed libdrm-amdgpu1:arm64 2.4.114-1+b1
2026-06-24 04:14:17 status unpacked libdrm-amdgpu1:arm64 2.4.114-1+b1
2026-06-24 04:14:18 install libdrm-nouveau2:arm64 <none> 2.4.114-1+b1
2026-06-24 04:14:18 status half-installed libdrm-nouveau2:arm64 2.4.114-1+b1
2026-06-24 04:14:18 status unpacked libdrm-nouveau2:arm64 2.4.114-1+b1
2026-06-24 04:14:18 install libdrm-radeon1:arm64 <none> 2.4.114-1+b1
2026-06-24 04:14:18 status half-installed libdrm-radeon1:arm64 2.4.114-1+b1
2026-06-24 04:14:18 status unpacked libdrm-radeon1:arm64 2.4.114-1+b1
2026-06-24 04:14:18 install libwayland-server0:arm64 <none> 1.21.0-1
2026-06-24 04:14:18 status half-installed libwayland-server0:arm64 1.21.0-1
2026-06-24 04:14:18 status unpacked libwayland-server0:arm64 1.21.0-1
2026-06-24 04:14:18 install libgbm1:arm64 <none> 22.3.6-1+deb12u1
2026-06-24 04:14:18 status half-installed libgbm1:arm64 22.3.6-1+deb12u1
2026-06-24 04:14:18 status unpacked libgbm1:arm64 22.3.6-1+deb12u1
2026-06-24 04:14:18 install libglapi-mesa:arm64 <none> 22.3.6-1+deb12u1
2026-06-24 04:14:18 status half-installed libglapi-mesa:arm64 22.3.6-1+deb12u1
2026-06-24 04:14:18 status unpacked libglapi-mesa:arm64 22.3.6-1+deb12u1
2026-06-24 04:14:18 install libwayland-client0:arm64 <none> 1.21.0-1
2026-06-24 04:14:18 status half-installed libwayland-client0:arm64 1.21.0-1
2026-06-24 04:14:18 status unpacked libwayland-client0:arm64 1.21.0-1
2026-06-24 04:14:18 install libxcb-dri2-0:arm64 <none> 1.15-1
2026-06-24 04:14:18 status half-installed libxcb-dri2-0:arm64 1.15-1
2026-06-24 04:14:18 status unpacked libxcb-dri2-0:arm64 1.15-1
2026-06-24 04:14:18 install libxcb-dri3-0:arm64 <none> 1.15-1
2026-06-24 04:14:18 status half-installed libxcb-dri3-0:arm64 1.15-1
2026-06-24 04:14:18 status unpacked libxcb-dri3-0:arm64 1.15-1
2026-06-24 04:14:18 install libxcb-present0:arm64 <none> 1.15-1
2026-06-24 04:14:18 status half-installed libxcb-present0:arm64 1.15-1
2026-06-24 04:14:18 status unpacked libxcb-present0:arm64 1.15-1
2026-06-24 04:14:18 install libxcb-randr0:arm64 <none> 1.15-1
2026-06-24 04:14:18 status half-installed libxcb-randr0:arm64 1.15-1
2026-06-24 04:14:18 status unpacked libxcb-randr0:arm64 1.15-1
2026-06-24 04:14:18 install libxcb-sync1:arm64 <none> 1.15-1
2026-06-24 04:14:18 status half-installed libxcb-sync1:arm64 1.15-1
2026-06-24 04:14:18 status unpacked libxcb-sync1:arm64 1.15-1
2026-06-24 04:14:18 install libxcb-xfixes0:arm64 <none> 1.15-1
2026-06-24 04:14:18 status half-installed libxcb-xfixes0:arm64 1.15-1
2026-06-24 04:14:18 status unpacked libxcb-xfixes0:arm64 1.15-1
2026-06-24 04:14:18 install libxshmfence1:arm64 <none> 1.3-1
2026-06-24 04:14:18 status half-installed libxshmfence1:arm64 1.3-1
2026-06-24 04:14:18 status unpacked libxshmfence1:arm64 1.3-1
2026-06-24 04:14:18 install libegl-mesa0:arm64 <none> 22.3.6-1+deb12u1
2026-06-24 04:14:18 status half-installed libegl-mesa0:arm64 22.3.6-1+deb12u1
2026-06-24 04:14:18 status unpacked libegl-mesa0:arm64 22.3.6-1+deb12u1
2026-06-24 04:14:18 install libhunspell-1.7-0:arm64 <none> 1.7.1-1
2026-06-24 04:14:18 status half-installed libhunspell-1.7-0:arm64 1.7.1-1
2026-06-24 04:14:18 status unpacked libhunspell-1.7-0:arm64 1.7.1-1
2026-06-24 04:14:18 install libenchant-2-2:arm64 <none> 2.3.3-2
2026-06-24 04:14:18 status half-installed libenchant-2-2:arm64 2.3.3-2
2026-06-24 04:14:18 status unpacked libenchant-2-2:arm64 2.3.3-2
2026-06-24 04:14:18 install libepoxy0:arm64 <none> 1.5.10-1
2026-06-24 04:14:18 status half-installed libepoxy0:arm64 1.5.10-1
2026-06-24 04:14:18 status unpacked libepoxy0:arm64 1.5.10-1
2026-06-24 04:14:18 install libevdev2:arm64 <none> 1.13.0+dfsg-1
2026-06-24 04:14:18 status half-installed libevdev2:arm64 1.13.0+dfsg-1
2026-06-24 04:14:19 status unpacked libevdev2:arm64 1.13.0+dfsg-1
2026-06-24 04:14:19 install libflite1:arm64 <none> 2.2-5
2026-06-24 04:14:19 status half-installed libflite1:arm64 2.2-5
2026-06-24 04:14:19 status unpacked libflite1:arm64 2.2-5
2026-06-24 04:14:19 install libglvnd0:arm64 <none> 1.6.0-1
2026-06-24 04:14:19 status half-installed libglvnd0:arm64 1.6.0-1
2026-06-24 04:14:19 status unpacked libglvnd0:arm64 1.6.0-1
2026-06-24 04:14:19 install libxcb-glx0:arm64 <none> 1.15-1
2026-06-24 04:14:19 status half-installed libxcb-glx0:arm64 1.15-1
2026-06-24 04:14:19 status unpacked libxcb-glx0:arm64 1.15-1
2026-06-24 04:14:19 install libxxf86vm1:arm64 <none> 1:1.1.4-1+b2
2026-06-24 04:14:19 status half-installed libxxf86vm1:arm64 1:1.1.4-1+b2
2026-06-24 04:14:19 status unpacked libxxf86vm1:arm64 1:1.1.4-1+b2
2026-06-24 04:14:19 install libz3-4:arm64 <none> 4.8.12-3.1
2026-06-24 04:14:19 status half-installed libz3-4:arm64 4.8.12-3.1
2026-06-24 04:14:20 status unpacked libz3-4:arm64 4.8.12-3.1
2026-06-24 04:14:20 install libllvm15:arm64 <none> 1:15.0.6-4+b1
2026-06-24 04:14:20 status half-installed libllvm15:arm64 1:15.0.6-4+b1
2026-06-24 04:14:20 status unpacked libllvm15:arm64 1:15.0.6-4+b1
2026-06-24 04:14:20 install libsensors-config:all <none> 1:3.6.0-7.1
2026-06-24 04:14:20 status half-installed libsensors-config:all 1:3.6.0-7.1
2026-06-24 04:14:20 status unpacked libsensors-config:all 1:3.6.0-7.1
2026-06-24 04:14:20 install libsensors5:arm64 <none> 1:3.6.0-7.1
2026-06-24 04:14:20 status half-installed libsensors5:arm64 1:3.6.0-7.1
2026-06-24 04:14:21 status unpacked libsensors5:arm64 1:3.6.0-7.1
2026-06-24 04:14:21 install libgl1-mesa-dri:arm64 <none> 22.3.6-1+deb12u1
2026-06-24 04:14:21 status half-installed libgl1-mesa-dri:arm64 22.3.6-1+deb12u1
2026-06-24 04:14:21 status unpacked libgl1-mesa-dri:arm64 22.3.6-1+deb12u1
2026-06-24 04:14:21 install libglx-mesa0:arm64 <none> 22.3.6-1+deb12u1
2026-06-24 04:14:21 status half-installed libglx-mesa0:arm64 22.3.6-1+deb12u1
2026-06-24 04:14:21 status unpacked libglx-mesa0:arm64 22.3.6-1+deb12u1
2026-06-24 04:14:21 install libglx0:arm64 <none> 1.6.0-1
2026-06-24 04:14:21 status half-installed libglx0:arm64 1.6.0-1
2026-06-24 04:14:21 status unpacked libglx0:arm64 1.6.0-1
2026-06-24 04:14:21 install libgl1:arm64 <none> 1.6.0-1
2026-06-24 04:14:21 status half-installed libgl1:arm64 1.6.0-1
2026-06-24 04:14:21 status unpacked libgl1:arm64 1.6.0-1
2026-06-24 04:14:21 install libgles2:arm64 <none> 1.6.0-1
2026-06-24 04:14:21 status half-installed libgles2:arm64 1.6.0-1
2026-06-24 04:14:21 status unpacked libgles2:arm64 1.6.0-1
2026-06-24 04:14:21 install libegl1:arm64 <none> 1.6.0-1
2026-06-24 04:14:21 status half-installed libegl1:arm64 1.6.0-1
2026-06-24 04:14:21 status unpacked libegl1:arm64 1.6.0-1
2026-06-24 04:14:21 install libwayland-cursor0:arm64 <none> 1.21.0-1
2026-06-24 04:14:21 status half-installed libwayland-cursor0:arm64 1.21.0-1
2026-06-24 04:14:21 status unpacked libwayland-cursor0:arm64 1.21.0-1
2026-06-24 04:14:21 install libwayland-egl1:arm64 <none> 1.21.0-1
2026-06-24 04:14:21 status half-installed libwayland-egl1:arm64 1.21.0-1
2026-06-24 04:14:21 status unpacked libwayland-egl1:arm64 1.21.0-1
2026-06-24 04:14:21 install libgstreamer-gl1.0-0:arm64 <none> 1.22.0-3+deb12u6
2026-06-24 04:14:21 status half-installed libgstreamer-gl1.0-0:arm64 1.22.0-3+deb12u6
2026-06-24 04:14:21 status unpacked libgstreamer-gl1.0-0:arm64 1.22.0-3+deb12u6
2026-06-24 04:14:21 install libxcomposite1:arm64 <none> 1:0.4.5-1
2026-06-24 04:14:21 status half-installed libxcomposite1:arm64 1:0.4.5-1
2026-06-24 04:14:21 status unpacked libxcomposite1:arm64 1:0.4.5-1
2026-06-24 04:14:21 install libxcursor1:arm64 <none> 1:1.2.1-1
2026-06-24 04:14:21 status half-installed libxcursor1:arm64 1:1.2.1-1
2026-06-24 04:14:21 status unpacked libxcursor1:arm64 1:1.2.1-1
2026-06-24 04:14:22 install libxinerama1:arm64 <none> 2:1.1.4-3
2026-06-24 04:14:22 status half-installed libxinerama1:arm64 2:1.1.4-3
2026-06-24 04:14:22 status unpacked libxinerama1:arm64 2:1.1.4-3
2026-06-24 04:14:22 install xkb-data:all <none> 2.35.1-1
2026-06-24 04:14:22 status half-installed xkb-data:all 2.35.1-1
2026-06-24 04:14:22 status unpacked xkb-data:all 2.35.1-1
2026-06-24 04:14:22 install libxkbcommon0:arm64 <none> 1.5.0-1
2026-06-24 04:14:22 status half-installed libxkbcommon0:arm64 1.5.0-1
2026-06-24 04:14:22 status unpacked libxkbcommon0:arm64 1.5.0-1
2026-06-24 04:14:22 install libxrandr2:arm64 <none> 2:1.5.2-2+b1
2026-06-24 04:14:22 status half-installed libxrandr2:arm64 2:1.5.2-2+b1
2026-06-24 04:14:22 status unpacked libxrandr2:arm64 2:1.5.2-2+b1
2026-06-24 04:14:22 install libgtk-3-common:all <none> 3.24.38-2~deb12u3
2026-06-24 04:14:22 status half-installed libgtk-3-common:all 3.24.38-2~deb12u3
2026-06-24 04:14:22 status unpacked libgtk-3-common:all 3.24.38-2~deb12u3
2026-06-24 04:14:22 install libgtk-3-0:arm64 <none> 3.24.38-2~deb12u3
2026-06-24 04:14:22 status half-installed libgtk-3-0:arm64 3.24.38-2~deb12u3
2026-06-24 04:14:22 status unpacked libgtk-3-0:arm64 3.24.38-2~deb12u3
2026-06-24 04:14:22 install libharfbuzz-icu0:arm64 <none> 6.0.0+dfsg-3
2026-06-24 04:14:22 status half-installed libharfbuzz-icu0:arm64 6.0.0+dfsg-3
2026-06-24 04:14:22 status unpacked libharfbuzz-icu0:arm64 6.0.0+dfsg-3
2026-06-24 04:14:22 install libhyphen0:arm64 <none> 2.8.8-7
2026-06-24 04:14:22 status half-installed libhyphen0:arm64 2.8.8-7
2026-06-24 04:14:22 status unpacked libhyphen0:arm64 2.8.8-7
2026-06-24 04:14:22 install libjavascriptcoregtk-4.0-18:arm64 <none> 2.50.6-1~deb12u1
2026-06-24 04:14:22 status half-installed libjavascriptcoregtk-4.0-18:arm64 2.50.6-1~deb12u1
2026-06-24 04:14:23 status unpacked libjavascriptcoregtk-4.0-18:arm64 2.50.6-1~deb12u1
2026-06-24 04:14:23 install libmanette-0.2-0:arm64 <none> 0.2.6-3+b1
2026-06-24 04:14:23 status half-installed libmanette-0.2-0:arm64 0.2.6-3+b1
2026-06-24 04:14:23 status unpacked libmanette-0.2-0:arm64 0.2.6-3+b1
2026-06-24 04:14:23 install libnotify4:arm64 <none> 0.8.1-1
2026-06-24 04:14:23 status half-installed libnotify4:arm64 0.8.1-1
2026-06-24 04:14:23 status unpacked libnotify4:arm64 0.8.1-1
2026-06-24 04:14:23 install libodbc2:arm64 <none> 2.3.11-2+deb12u1
2026-06-24 04:14:23 status half-installed libodbc2:arm64 2.3.11-2+deb12u1
2026-06-24 04:14:23 status unpacked libodbc2:arm64 2.3.11-2+deb12u1
2026-06-24 04:14:23 install libodbccr2:arm64 <none> 2.3.11-2+deb12u1
2026-06-24 04:14:23 status half-installed libodbccr2:arm64 2.3.11-2+deb12u1
2026-06-24 04:14:23 status unpacked libodbccr2:arm64 2.3.11-2+deb12u1
2026-06-24 04:14:23 install libodbc1:arm64 <none> 2.3.11-2+deb12u1
2026-06-24 04:14:23 status half-installed libodbc1:arm64 2.3.11-2+deb12u1
2026-06-24 04:14:23 status unpacked libodbc1:arm64 2.3.11-2+deb12u1
2026-06-24 04:14:23 install libsctp1:arm64 <none> 1.0.19+dfsg-2
2026-06-24 04:14:23 status half-installed libsctp1:arm64 1.0.19+dfsg-2
2026-06-24 04:14:23 status unpacked libsctp1:arm64 1.0.19+dfsg-2
2026-06-24 04:14:23 install libsecret-common:all <none> 0.20.5-3
2026-06-24 04:14:23 status half-installed libsecret-common:all 0.20.5-3
2026-06-24 04:14:23 status unpacked libsecret-common:all 0.20.5-3
2026-06-24 04:14:23 install libsecret-1-0:arm64 <none> 0.20.5-3
2026-06-24 04:14:23 status half-installed libsecret-1-0:arm64 0.20.5-3
2026-06-24 04:14:23 status unpacked libsecret-1-0:arm64 0.20.5-3
2026-06-24 04:14:23 install xdg-dbus-proxy:arm64 <none> 0.1.4-3+deb12u1
2026-06-24 04:14:23 status half-installed xdg-dbus-proxy:arm64 0.1.4-3+deb12u1
2026-06-24 04:14:23 status unpacked xdg-dbus-proxy:arm64 0.1.4-3+deb12u1
2026-06-24 04:14:23 install libwoff1:arm64 <none> 1.0.2-2
2026-06-24 04:14:23 status half-installed libwoff1:arm64 1.0.2-2
2026-06-24 04:14:23 status unpacked libwoff1:arm64 1.0.2-2
2026-06-24 04:14:23 install libwebkit2gtk-4.0-37:arm64 <none> 2.50.6-1~deb12u1
2026-06-24 04:14:23 status half-installed libwebkit2gtk-4.0-37:arm64 2.50.6-1~deb12u1
2026-06-24 04:14:24 status unpacked libwebkit2gtk-4.0-37:arm64 2.50.6-1~deb12u1
2026-06-24 04:14:24 install libwxbase3.2-1:arm64 <none> 3.2.2+dfsg-2
2026-06-24 04:14:24 status half-installed libwxbase3.2-1:arm64 3.2.2+dfsg-2
2026-06-24 04:14:24 status unpacked libwxbase3.2-1:arm64 3.2.2+dfsg-2
2026-06-24 04:14:24 install libxtst6:arm64 <none> 2:1.2.3-1.1
2026-06-24 04:14:24 status half-installed libxtst6:arm64 2:1.2.3-1.1
2026-06-24 04:14:24 status unpacked libxtst6:arm64 2:1.2.3-1.1
2026-06-24 04:14:24 install libwxgtk3.2-1:arm64 <none> 3.2.2+dfsg-2
2026-06-24 04:14:24 status half-installed libwxgtk3.2-1:arm64 3.2.2+dfsg-2
2026-06-24 04:14:24 status unpacked libwxgtk3.2-1:arm64 3.2.2+dfsg-2
2026-06-24 04:14:24 install libwxgtk-webview3.2-1:arm64 <none> 3.2.2+dfsg-2
2026-06-24 04:14:24 status half-installed libwxgtk-webview3.2-1:arm64 3.2.2+dfsg-2
2026-06-24 04:14:24 status unpacked libwxgtk-webview3.2-1:arm64 3.2.2+dfsg-2
2026-06-24 04:14:24 startup packages configure
2026-06-24 04:14:24 configure bubblewrap:arm64 0.8.0-2+deb12u1 <none>
2026-06-24 04:14:24 status unpacked bubblewrap:arm64 0.8.0-2+deb12u1
2026-06-24 04:14:24 status half-configured bubblewrap:arm64 0.8.0-2+deb12u1
2026-06-24 04:14:24 status installed bubblewrap:arm64 0.8.0-2+deb12u1
2026-06-24 04:14:24 configure libtext-iconv-perl:arm64 1.7-8 <none>
2026-06-24 04:14:24 status unpacked libtext-iconv-perl:arm64 1.7-8
2026-06-24 04:14:24 status half-configured libtext-iconv-perl:arm64 1.7-8
2026-06-24 04:14:24 status installed libtext-iconv-perl:arm64 1.7-8
2026-06-24 04:14:24 configure libxcb-dri3-0:arm64 1.15-1 <none>
2026-06-24 04:14:24 status unpacked libxcb-dri3-0:arm64 1.15-1
2026-06-24 04:14:24 status half-configured libxcb-dri3-0:arm64 1.15-1
2026-06-24 04:14:24 status installed libxcb-dri3-0:arm64 1.15-1
2026-06-24 04:14:24 configure libcdparanoia0:arm64 3.10.2+debian-14 <none>
2026-06-24 04:14:24 status unpacked libcdparanoia0:arm64 3.10.2+debian-14
2026-06-24 04:14:24 status half-configured libcdparanoia0:arm64 3.10.2+debian-14
2026-06-24 04:14:24 status installed libcdparanoia0:arm64 3.10.2+debian-14
2026-06-24 04:14:24 configure libwayland-server0:arm64 1.21.0-1 <none>
2026-06-24 04:14:24 status unpacked libwayland-server0:arm64 1.21.0-1
2026-06-24 04:14:24 status half-configured libwayland-server0:arm64 1.21.0-1
2026-06-24 04:14:24 status installed libwayland-server0:arm64 1.21.0-1
2026-06-24 04:14:24 configure gtk-update-icon-cache:arm64 3.24.38-2~deb12u3 <none>
2026-06-24 04:14:24 status unpacked gtk-update-icon-cache:arm64 3.24.38-2~deb12u3
2026-06-24 04:14:24 status half-configured gtk-update-icon-cache:arm64 3.24.38-2~deb12u3
2026-06-24 04:14:24 status installed gtk-update-icon-cache:arm64 3.24.38-2~deb12u3
2026-06-24 04:14:24 configure libx11-xcb1:arm64 2:1.8.4-2+deb12u2 <none>
2026-06-24 04:14:24 status unpacked libx11-xcb1:arm64 2:1.8.4-2+deb12u2
2026-06-24 04:14:24 status half-configured libx11-xcb1:arm64 2:1.8.4-2+deb12u2
2026-06-24 04:14:24 status installed libx11-xcb1:arm64 2:1.8.4-2+deb12u2
2026-06-24 04:14:24 configure libabsl20220623:arm64 20220623.1-1+deb12u2 <none>
2026-06-24 04:14:24 status unpacked libabsl20220623:arm64 20220623.1-1+deb12u2
2026-06-24 04:14:24 status half-configured libabsl20220623:arm64 20220623.1-1+deb12u2
2026-06-24 04:14:24 status installed libabsl20220623:arm64 20220623.1-1+deb12u2
2026-06-24 04:14:24 configure libdw1:arm64 0.188-2.1 <none>
2026-06-24 04:14:24 status unpacked libdw1:arm64 0.188-2.1
2026-06-24 04:14:24 status half-configured libdw1:arm64 0.188-2.1
2026-06-24 04:14:24 status installed libdw1:arm64 0.188-2.1
2026-06-24 04:14:24 configure systemd-sysv:arm64 252.39-1~deb12u2 <none>
2026-06-24 04:14:24 status unpacked systemd-sysv:arm64 252.39-1~deb12u2
2026-06-24 04:14:24 status half-configured systemd-sysv:arm64 252.39-1~deb12u2
2026-06-24 04:14:24 status installed systemd-sysv:arm64 252.39-1~deb12u2
2026-06-24 04:14:24 configure libraw1394-11:arm64 2.1.2-2 <none>
2026-06-24 04:14:24 status unpacked libraw1394-11:arm64 2.1.2-2
2026-06-24 04:14:24 status half-configured libraw1394-11:arm64 2.1.2-2
2026-06-24 04:14:24 status installed libraw1394-11:arm64 2.1.2-2
2026-06-24 04:14:24 configure libproxy1v5:arm64 0.4.18-1.2 <none>
2026-06-24 04:14:24 status unpacked libproxy1v5:arm64 0.4.18-1.2
2026-06-24 04:14:24 status half-configured libproxy1v5:arm64 0.4.18-1.2
2026-06-24 04:14:24 status installed libproxy1v5:arm64 0.4.18-1.2
2026-06-24 04:14:24 configure libtag1v5-vanilla:arm64 1.13-2+deb12u1 <none>
2026-06-24 04:14:24 status unpacked libtag1v5-vanilla:arm64 1.13-2+deb12u1
2026-06-24 04:14:24 status half-configured libtag1v5-vanilla:arm64 1.13-2+deb12u1
2026-06-24 04:14:24 status installed libtag1v5-vanilla:arm64 1.13-2+deb12u1
2026-06-24 04:14:24 configure libharfbuzz-icu0:arm64 6.0.0+dfsg-3 <none>
2026-06-24 04:14:24 status unpacked libharfbuzz-icu0:arm64 6.0.0+dfsg-3
2026-06-24 04:14:24 status half-configured libharfbuzz-icu0:arm64 6.0.0+dfsg-3
2026-06-24 04:14:24 status installed libharfbuzz-icu0:arm64 6.0.0+dfsg-3
2026-06-24 04:14:24 configure libgpm2:arm64 1.20.7-10+b1 <none>
2026-06-24 04:14:24 status unpacked libgpm2:arm64 1.20.7-10+b1
2026-06-24 04:14:24 status half-configured libgpm2:arm64 1.20.7-10+b1
2026-06-24 04:14:24 status installed libgpm2:arm64 1.20.7-10+b1
2026-06-24 04:14:24 configure libxdamage1:arm64 1:1.1.6-1 <none>
2026-06-24 04:14:24 status unpacked libxdamage1:arm64 1:1.1.6-1
2026-06-24 04:14:24 status half-configured libxdamage1:arm64 1:1.1.6-1
2026-06-24 04:14:24 status installed libxdamage1:arm64 1:1.1.6-1
2026-06-24 04:14:24 configure libmpg123-0:arm64 1.31.2-1+deb12u1 <none>
2026-06-24 04:14:24 status unpacked libmpg123-0:arm64 1.31.2-1+deb12u1
2026-06-24 04:14:24 status half-configured libmpg123-0:arm64 1.31.2-1+deb12u1
2026-06-24 04:14:24 status installed libmpg123-0:arm64 1.31.2-1+deb12u1
2026-06-24 04:14:24 configure libxcb-xfixes0:arm64 1.15-1 <none>
2026-06-24 04:14:24 status unpacked libxcb-xfixes0:arm64 1.15-1
2026-06-24 04:14:24 status half-configured libxcb-xfixes0:arm64 1.15-1
2026-06-24 04:14:24 status installed libxcb-xfixes0:arm64 1.15-1
2026-06-24 04:14:24 configure libogg0:arm64 1.3.5-3 <none>
2026-06-24 04:14:24 status unpacked libogg0:arm64 1.3.5-3
2026-06-24 04:14:24 status half-configured libogg0:arm64 1.3.5-3
2026-06-24 04:14:24 status installed libogg0:arm64 1.3.5-3
2026-06-24 04:14:24 configure libspeex1:arm64 1.2.1-2 <none>
2026-06-24 04:14:24 status unpacked libspeex1:arm64 1.2.1-2
2026-06-24 04:14:24 status half-configured libspeex1:arm64 1.2.1-2
2026-06-24 04:14:24 status installed libspeex1:arm64 1.2.1-2
2026-06-24 04:14:24 configure libxi6:arm64 2:1.8-1+b1 <none>
2026-06-24 04:14:24 status unpacked libxi6:arm64 2:1.8-1+b1
2026-06-24 04:14:24 status half-configured libxi6:arm64 2:1.8-1+b1
2026-06-24 04:14:24 status installed libxi6:arm64 2:1.8-1+b1
2026-06-24 04:14:24 configure libtwolame0:arm64 0.4.0-2 <none>
2026-06-24 04:14:24 status unpacked libtwolame0:arm64 0.4.0-2
2026-06-24 04:14:24 status half-configured libtwolame0:arm64 0.4.0-2
2026-06-24 04:14:24 status installed libtwolame0:arm64 0.4.0-2
2026-06-24 04:14:24 configure libwoff1:arm64 1.0.2-2 <none>
2026-06-24 04:14:24 status unpacked libwoff1:arm64 1.0.2-2
2026-06-24 04:14:24 status half-configured libwoff1:arm64 1.0.2-2
2026-06-24 04:14:24 status installed libwoff1:arm64 1.0.2-2
2026-06-24 04:14:24 configure libhyphen0:arm64 2.8.8-7 <none>
2026-06-24 04:14:24 status unpacked libhyphen0:arm64 2.8.8-7
2026-06-24 04:14:24 status half-configured libhyphen0:arm64 2.8.8-7
2026-06-24 04:14:24 status installed libhyphen0:arm64 2.8.8-7
2026-06-24 04:14:24 configure libvisual-0.4-0:arm64 0.4.0-19 <none>
2026-06-24 04:14:24 status unpacked libvisual-0.4-0:arm64 0.4.0-19
2026-06-24 04:14:24 status half-configured libvisual-0.4-0:arm64 0.4.0-19
2026-06-24 04:14:24 status installed libvisual-0.4-0:arm64 0.4.0-19
2026-06-24 04:14:24 configure libaspell15:arm64 0.60.8-4+b1 <none>
2026-06-24 04:14:24 status unpacked libaspell15:arm64 0.60.8-4+b1
2026-06-24 04:14:24 status half-configured libaspell15:arm64 0.60.8-4+b1
2026-06-24 04:14:24 status installed libaspell15:arm64 0.60.8-4+b1
2026-06-24 04:14:24 configure libglvnd0:arm64 1.6.0-1 <none>
2026-06-24 04:14:24 status unpacked libglvnd0:arm64 1.6.0-1
2026-06-24 04:14:24 status half-configured libglvnd0:arm64 1.6.0-1
2026-06-24 04:14:24 status installed libglvnd0:arm64 1.6.0-1
2026-06-24 04:14:24 configure libxtst6:arm64 2:1.2.3-1.1 <none>
2026-06-24 04:14:24 status unpacked libxtst6:arm64 2:1.2.3-1.1
2026-06-24 04:14:24 status half-configured libxtst6:arm64 2:1.2.3-1.1
2026-06-24 04:14:24 status installed libxtst6:arm64 2:1.2.3-1.1
2026-06-24 04:14:24 configure libxcb-glx0:arm64 1.15-1 <none>
2026-06-24 04:14:24 status unpacked libxcb-glx0:arm64 1.15-1
2026-06-24 04:14:24 status half-configured libxcb-glx0:arm64 1.15-1
2026-06-24 04:14:24 status installed libxcb-glx0:arm64 1.15-1
2026-06-24 04:14:24 configure libsensors-config:all 1:3.6.0-7.1 <none>
2026-06-24 04:14:24 status unpacked libsensors-config:all 1:3.6.0-7.1
2026-06-24 04:14:24 status half-configured libsensors-config:all 1:3.6.0-7.1
2026-06-24 04:14:24 status installed libsensors-config:all 1:3.6.0-7.1
2026-06-24 04:14:24 configure libjavascriptcoregtk-4.0-18:arm64 2.50.6-1~deb12u1 <none>
2026-06-24 04:14:24 status unpacked libjavascriptcoregtk-4.0-18:arm64 2.50.6-1~deb12u1
2026-06-24 04:14:24 status half-configured libjavascriptcoregtk-4.0-18:arm64 2.50.6-1~deb12u1
2026-06-24 04:14:24 status installed libjavascriptcoregtk-4.0-18:arm64 2.50.6-1~deb12u1
2026-06-24 04:14:24 configure xkb-data:all 2.35.1-1 <none>
2026-06-24 04:14:24 status unpacked xkb-data:all 2.35.1-1
2026-06-24 04:14:24 status half-configured xkb-data:all 2.35.1-1
2026-06-24 04:14:24 status installed xkb-data:all 2.35.1-1
2026-06-24 04:14:24 configure libsvtav1enc1:arm64 1.4.1+dfsg-1 <none>
2026-06-24 04:14:24 status unpacked libsvtav1enc1:arm64 1.4.1+dfsg-1
2026-06-24 04:14:24 status half-configured libsvtav1enc1:arm64 1.4.1+dfsg-1
2026-06-24 04:14:24 status installed libsvtav1enc1:arm64 1.4.1+dfsg-1
2026-06-24 04:14:24 configure libunwind8:arm64 1.6.2-3 <none>
2026-06-24 04:14:24 status unpacked libunwind8:arm64 1.6.2-3
2026-06-24 04:14:24 status half-configured libunwind8:arm64 1.6.2-3
2026-06-24 04:14:24 status installed libunwind8:arm64 1.6.2-3
2026-06-24 04:14:24 configure libwxbase3.2-1:arm64 3.2.2+dfsg-2 <none>
2026-06-24 04:14:24 status unpacked libwxbase3.2-1:arm64 3.2.2+dfsg-2
2026-06-24 04:14:24 status half-configured libwxbase3.2-1:arm64 3.2.2+dfsg-2
2026-06-24 04:14:24 status installed libwxbase3.2-1:arm64 3.2.2+dfsg-2
2026-06-24 04:14:24 configure librav1e0:arm64 0.5.1-6 <none>
2026-06-24 04:14:24 status unpacked librav1e0:arm64 0.5.1-6
2026-06-24 04:14:24 status half-configured librav1e0:arm64 0.5.1-6
2026-06-24 04:14:24 status installed librav1e0:arm64 0.5.1-6
2026-06-24 04:14:24 configure libcolord2:arm64 1.4.6-2.2 <none>
2026-06-24 04:14:24 status unpacked libcolord2:arm64 1.4.6-2.2
2026-06-24 04:14:24 status half-configured libcolord2:arm64 1.4.6-2.2
2026-06-24 04:14:24 status installed libcolord2:arm64 1.4.6-2.2
2026-06-24 04:14:24 configure libxxf86vm1:arm64 1:1.1.4-1+b2 <none>
2026-06-24 04:14:24 status unpacked libxxf86vm1:arm64 1:1.1.4-1+b2
2026-06-24 04:14:24 status half-configured libxxf86vm1:arm64 1:1.1.4-1+b2
2026-06-24 04:14:24 status installed libxxf86vm1:arm64 1:1.1.4-1+b2
2026-06-24 04:14:24 configure libcap2-bin:arm64 1:2.66-4+deb12u3+b1 <none>
2026-06-24 04:14:24 status unpacked libcap2-bin:arm64 1:2.66-4+deb12u3+b1
2026-06-24 04:14:24 status half-configured libcap2-bin:arm64 1:2.66-4+deb12u3+b1
2026-06-24 04:14:24 status installed libcap2-bin:arm64 1:2.66-4+deb12u3+b1
2026-06-24 04:14:24 configure libxcb-present0:arm64 1.15-1 <none>
2026-06-24 04:14:24 status unpacked libxcb-present0:arm64 1.15-1
2026-06-24 04:14:24 status half-configured libxcb-present0:arm64 1.15-1
2026-06-24 04:14:24 status installed libxcb-present0:arm64 1.15-1
2026-06-24 04:14:24 configure libdconf1:arm64 0.40.0-4 <none>
2026-06-24 04:14:24 status unpacked libdconf1:arm64 0.40.0-4
2026-06-24 04:14:24 status half-configured libdconf1:arm64 0.40.0-4
2026-06-24 04:14:24 status installed libdconf1:arm64 0.40.0-4
2026-06-24 04:14:24 configure libasound2-data:all 1.2.8-1 <none>
2026-06-24 04:14:24 status unpacked libasound2-data:all 1.2.8-1
2026-06-24 04:14:24 status half-configured libasound2-data:all 1.2.8-1
2026-06-24 04:14:24 status installed libasound2-data:all 1.2.8-1
2026-06-24 04:14:24 configure libz3-4:arm64 4.8.12-3.1 <none>
2026-06-24 04:14:24 status unpacked libz3-4:arm64 4.8.12-3.1
2026-06-24 04:14:24 status half-configured libz3-4:arm64 4.8.12-3.1
2026-06-24 04:14:24 status installed libz3-4:arm64 4.8.12-3.1
2026-06-24 04:14:24 configure libflac12:arm64 1.4.2+ds-2 <none>
2026-06-24 04:14:24 status unpacked libflac12:arm64 1.4.2+ds-2
2026-06-24 04:14:24 status half-configured libflac12:arm64 1.4.2+ds-2
2026-06-24 04:14:24 status installed libflac12:arm64 1.4.2+ds-2
2026-06-24 04:14:24 configure libgles2:arm64 1.6.0-1 <none>
2026-06-24 04:14:24 status unpacked libgles2:arm64 1.6.0-1
2026-06-24 04:14:24 status half-configured libgles2:arm64 1.6.0-1
2026-06-24 04:14:24 status installed libgles2:arm64 1.6.0-1
2026-06-24 04:14:24 configure emacsen-common:all 3.0.5 <none>
2026-06-24 04:14:24 status unpacked emacsen-common:all 3.0.5
2026-06-24 04:14:24 status half-configured emacsen-common:all 3.0.5
2026-06-24 04:14:24 status installed emacsen-common:all 3.0.5
2026-06-24 04:14:24 configure libslang2:arm64 2.3.3-3 <none>
2026-06-24 04:14:24 status unpacked libslang2:arm64 2.3.3-3
2026-06-24 04:14:24 status half-configured libslang2:arm64 2.3.3-3
2026-06-24 04:14:25 status installed libslang2:arm64 2.3.3-3
2026-06-24 04:14:25 configure adwaita-icon-theme:all 43-1 <none>
2026-06-24 04:14:25 status unpacked adwaita-icon-theme:all 43-1
2026-06-24 04:14:25 status half-configured adwaita-icon-theme:all 43-1
2026-06-24 04:14:25 status installed adwaita-icon-theme:all 43-1
2026-06-24 04:14:25 configure libepoxy0:arm64 1.5.10-1 <none>
2026-06-24 04:14:25 status unpacked libepoxy0:arm64 1.5.10-1
2026-06-24 04:14:25 status half-configured libepoxy0:arm64 1.5.10-1
2026-06-24 04:14:25 status installed libepoxy0:arm64 1.5.10-1
2026-06-24 04:14:25 configure libxfixes3:arm64 1:6.0.0-2 <none>
2026-06-24 04:14:25 status unpacked libxfixes3:arm64 1:6.0.0-2
2026-06-24 04:14:25 status half-configured libxfixes3:arm64 1:6.0.0-2
2026-06-24 04:14:25 status installed libxfixes3:arm64 1:6.0.0-2
2026-06-24 04:14:25 configure libxcb-sync1:arm64 1.15-1 <none>
2026-06-24 04:14:25 status unpacked libxcb-sync1:arm64 1.15-1
2026-06-24 04:14:25 status half-configured libxcb-sync1:arm64 1.15-1
2026-06-24 04:14:25 status installed libxcb-sync1:arm64 1.15-1
2026-06-24 04:14:25 configure libnotify4:arm64 0.8.1-1 <none>
2026-06-24 04:14:25 status unpacked libnotify4:arm64 0.8.1-1
2026-06-24 04:14:25 status half-configured libnotify4:arm64 0.8.1-1
2026-06-24 04:14:25 status installed libnotify4:arm64 0.8.1-1
2026-06-24 04:14:25 configure libavahi-common-data:arm64 0.8-10+deb12u1 <none>
2026-06-24 04:14:25 status unpacked libavahi-common-data:arm64 0.8-10+deb12u1
2026-06-24 04:14:25 status half-configured libavahi-common-data:arm64 0.8-10+deb12u1
2026-06-24 04:14:25 status installed libavahi-common-data:arm64 0.8-10+deb12u1
2026-06-24 04:14:25 configure libdbus-1-3:arm64 1.14.10-1~deb12u1 <none>
2026-06-24 04:14:25 status unpacked libdbus-1-3:arm64 1.14.10-1~deb12u1
2026-06-24 04:14:25 status half-configured libdbus-1-3:arm64 1.14.10-1~deb12u1
2026-06-24 04:14:25 status installed libdbus-1-3:arm64 1.14.10-1~deb12u1
2026-06-24 04:14:25 configure libopus0:arm64 1.3.1-3 <none>
2026-06-24 04:14:25 status unpacked libopus0:arm64 1.3.1-3
2026-06-24 04:14:25 status half-configured libopus0:arm64 1.3.1-3
2026-06-24 04:14:25 status installed libopus0:arm64 1.3.1-3
2026-06-24 04:14:25 configure libxinerama1:arm64 2:1.1.4-3 <none>
2026-06-24 04:14:25 status unpacked libxinerama1:arm64 2:1.1.4-3
2026-06-24 04:14:25 status half-configured libxinerama1:arm64 2:1.1.4-3
2026-06-24 04:14:25 status installed libxinerama1:arm64 2:1.1.4-3
2026-06-24 04:14:25 configure libvorbis0a:arm64 1.3.7-1 <none>
2026-06-24 04:14:25 status unpacked libvorbis0a:arm64 1.3.7-1
2026-06-24 04:14:25 status half-configured libvorbis0a:arm64 1.3.7-1
2026-06-24 04:14:25 status installed libvorbis0a:arm64 1.3.7-1
2026-06-24 04:14:25 configure libxrandr2:arm64 2:1.5.2-2+b1 <none>
2026-06-24 04:14:25 status unpacked libxrandr2:arm64 2:1.5.2-2+b1
2026-06-24 04:14:25 status half-configured libxrandr2:arm64 2:1.5.2-2+b1
2026-06-24 04:14:25 status installed libxrandr2:arm64 2:1.5.2-2+b1
2026-06-24 04:14:25 configure liborc-0.4-0:arm64 1:0.4.33-2 <none>
2026-06-24 04:14:25 status unpacked liborc-0.4-0:arm64 1:0.4.33-2
2026-06-24 04:14:25 status half-configured liborc-0.4-0:arm64 1:0.4.33-2
2026-06-24 04:14:25 status installed liborc-0.4-0:arm64 1:0.4.33-2
2026-06-24 04:14:25 configure libgav1-1:arm64 0.18.0-1+b1 <none>
2026-06-24 04:14:25 status unpacked libgav1-1:arm64 0.18.0-1+b1
2026-06-24 04:14:25 status half-configured libgav1-1:arm64 0.18.0-1+b1
2026-06-24 04:14:25 status installed libgav1-1:arm64 0.18.0-1+b1
2026-06-24 04:14:25 configure libsensors5:arm64 1:3.6.0-7.1 <none>
2026-06-24 04:14:25 status unpacked libsensors5:arm64 1:3.6.0-7.1
2026-06-24 04:14:25 status half-configured libsensors5:arm64 1:3.6.0-7.1
2026-06-24 04:14:25 status installed libsensors5:arm64 1:3.6.0-7.1
2026-06-24 04:14:25 configure libglapi-mesa:arm64 22.3.6-1+deb12u1 <none>
2026-06-24 04:14:25 status unpacked libglapi-mesa:arm64 22.3.6-1+deb12u1
2026-06-24 04:14:25 status half-configured libglapi-mesa:arm64 22.3.6-1+deb12u1
2026-06-24 04:14:25 status installed libglapi-mesa:arm64 22.3.6-1+deb12u1
2026-06-24 04:14:25 configure libsoup2.4-common:all 2.74.3-1+deb12u1 <none>
2026-06-24 04:14:25 status unpacked libsoup2.4-common:all 2.74.3-1+deb12u1
2026-06-24 04:14:25 status half-configured libsoup2.4-common:all 2.74.3-1+deb12u1
2026-06-24 04:14:25 status installed libsoup2.4-common:all 2.74.3-1+deb12u1
2026-06-24 04:14:25 configure libxcb-dri2-0:arm64 1.15-1 <none>
2026-06-24 04:14:25 status unpacked libxcb-dri2-0:arm64 1.15-1
2026-06-24 04:14:25 status half-configured libxcb-dri2-0:arm64 1.15-1
2026-06-24 04:14:25 status installed libxcb-dri2-0:arm64 1.15-1
2026-06-24 04:14:25 configure libodbc2:arm64 2.3.11-2+deb12u1 <none>
2026-06-24 04:14:25 status unpacked libodbc2:arm64 2.3.11-2+deb12u1
2026-06-24 04:14:25 status half-configured libodbc2:arm64 2.3.11-2+deb12u1
2026-06-24 04:14:25 status installed libodbc2:arm64 2.3.11-2+deb12u1
2026-06-24 04:14:25 configure xdg-dbus-proxy:arm64 0.1.4-3+deb12u1 <none>
2026-06-24 04:14:25 status unpacked xdg-dbus-proxy:arm64 0.1.4-3+deb12u1
2026-06-24 04:14:25 status half-configured xdg-dbus-proxy:arm64 0.1.4-3+deb12u1
2026-06-24 04:14:25 status installed xdg-dbus-proxy:arm64 0.1.4-3+deb12u1
2026-06-24 04:14:25 configure libsctp1:arm64 1.0.19+dfsg-2 <none>
2026-06-24 04:14:25 status unpacked libsctp1:arm64 1.0.19+dfsg-2
2026-06-24 04:14:25 status half-configured libsctp1:arm64 1.0.19+dfsg-2
2026-06-24 04:14:25 status installed libsctp1:arm64 1.0.19+dfsg-2
2026-06-24 04:14:25 configure libtag1v5:arm64 1.13-2+deb12u1 <none>
2026-06-24 04:14:25 status unpacked libtag1v5:arm64 1.13-2+deb12u1
2026-06-24 04:14:25 status half-configured libtag1v5:arm64 1.13-2+deb12u1
2026-06-24 04:14:25 status installed libtag1v5:arm64 1.13-2+deb12u1
2026-06-24 04:14:25 configure libdv4:arm64 1.0.0-15 <none>
2026-06-24 04:14:25 status unpacked libdv4:arm64 1.0.0-15
2026-06-24 04:14:25 status half-configured libdv4:arm64 1.0.0-15
2026-06-24 04:14:25 status installed libdv4:arm64 1.0.0-15
2026-06-24 04:14:25 configure libasyncns0:arm64 0.8-6+b3 <none>
2026-06-24 04:14:25 status unpacked libasyncns0:arm64 0.8-6+b3
2026-06-24 04:14:25 status half-configured libasyncns0:arm64 0.8-6+b3
2026-06-24 04:14:25 status installed libasyncns0:arm64 0.8-6+b3
2026-06-24 04:14:25 configure libxshmfence1:arm64 1.3-1 <none>
2026-06-24 04:14:25 status unpacked libxshmfence1:arm64 1.3-1
2026-06-24 04:14:25 status half-configured libxshmfence1:arm64 1.3-1
2026-06-24 04:14:25 status installed libxshmfence1:arm64 1.3-1
2026-06-24 04:14:25 configure at-spi2-common:all 2.46.0-5 <none>
2026-06-24 04:14:25 status unpacked at-spi2-common:all 2.46.0-5
2026-06-24 04:14:25 status half-configured at-spi2-common:all 2.46.0-5
2026-06-24 04:14:25 status installed at-spi2-common:all 2.46.0-5
2026-06-24 04:14:25 configure libwavpack1:arm64 5.6.0-1 <none>
2026-06-24 04:14:25 status unpacked libwavpack1:arm64 5.6.0-1
2026-06-24 04:14:25 status half-configured libwavpack1:arm64 5.6.0-1
2026-06-24 04:14:25 status installed libwavpack1:arm64 5.6.0-1
2026-06-24 04:14:25 configure libxcb-randr0:arm64 1.15-1 <none>
2026-06-24 04:14:25 status unpacked libxcb-randr0:arm64 1.15-1
2026-06-24 04:14:25 status half-configured libxcb-randr0:arm64 1.15-1
2026-06-24 04:14:25 status installed libxcb-randr0:arm64 1.15-1
2026-06-24 04:14:25 configure dbus-session-bus-common:all 1.14.10-1~deb12u1 <none>
2026-06-24 04:14:25 status unpacked dbus-session-bus-common:all 1.14.10-1~deb12u1
2026-06-24 04:14:25 status half-configured dbus-session-bus-common:all 1.14.10-1~deb12u1
2026-06-24 04:14:25 status installed dbus-session-bus-common:all 1.14.10-1~deb12u1
2026-06-24 04:14:25 configure libllvm15:arm64 1:15.0.6-4+b1 <none>
2026-06-24 04:14:25 status unpacked libllvm15:arm64 1:15.0.6-4+b1
2026-06-24 04:14:25 status half-configured libllvm15:arm64 1:15.0.6-4+b1
2026-06-24 04:14:25 status installed libllvm15:arm64 1:15.0.6-4+b1
2026-06-24 04:14:25 configure libtheora0:arm64 1.1.1+dfsg.1-16.1+deb12u1 <none>
2026-06-24 04:14:25 status unpacked libtheora0:arm64 1.1.1+dfsg.1-16.1+deb12u1
2026-06-24 04:14:25 status half-configured libtheora0:arm64 1.1.1+dfsg.1-16.1+deb12u1
2026-06-24 04:14:25 status installed libtheora0:arm64 1.1.1+dfsg.1-16.1+deb12u1
2026-06-24 04:14:25 configure libasound2:arm64 1.2.8-1+b1 <none>
2026-06-24 04:14:25 status unpacked libasound2:arm64 1.2.8-1+b1
2026-06-24 04:14:25 status half-configured libasound2:arm64 1.2.8-1+b1
2026-06-24 04:14:25 status installed libasound2:arm64 1.2.8-1+b1
2026-06-24 04:14:25 configure libv4lconvert0:arm64 1.22.1-5+b2 <none>
2026-06-24 04:14:25 status unpacked libv4lconvert0:arm64 1.22.1-5+b2
2026-06-24 04:14:25 status half-configured libv4lconvert0:arm64 1.22.1-5+b2
2026-06-24 04:14:25 status installed libv4lconvert0:arm64 1.22.1-5+b2
2026-06-24 04:14:25 configure libvpx7:arm64 1.12.0-1+deb12u5 <none>
2026-06-24 04:14:25 status unpacked libvpx7:arm64 1.12.0-1+deb12u5
2026-06-24 04:14:25 status half-configured libvpx7:arm64 1.12.0-1+deb12u5
2026-06-24 04:14:25 status installed libvpx7:arm64 1.12.0-1+deb12u5
2026-06-24 04:14:25 configure libatk1.0-0:arm64 2.46.0-5 <none>
2026-06-24 04:14:25 status unpacked libatk1.0-0:arm64 2.46.0-5
2026-06-24 04:14:25 status half-configured libatk1.0-0:arm64 2.46.0-5
2026-06-24 04:14:25 status installed libatk1.0-0:arm64 2.46.0-5
2026-06-24 04:14:25 configure libwayland-egl1:arm64 1.21.0-1 <none>
2026-06-24 04:14:25 status unpacked libwayland-egl1:arm64 1.21.0-1
2026-06-24 04:14:25 status half-configured libwayland-egl1:arm64 1.21.0-1
2026-06-24 04:14:25 status installed libwayland-egl1:arm64 1.21.0-1
2026-06-24 04:14:25 configure libhunspell-1.7-0:arm64 1.7.1-1 <none>
2026-06-24 04:14:25 status unpacked libhunspell-1.7-0:arm64 1.7.1-1
2026-06-24 04:14:25 status half-configured libhunspell-1.7-0:arm64 1.7.1-1
2026-06-24 04:14:25 status installed libhunspell-1.7-0:arm64 1.7.1-1
2026-06-24 04:14:25 configure glib-networking-common:all 2.74.0-4 <none>
2026-06-24 04:14:25 status unpacked glib-networking-common:all 2.74.0-4
2026-06-24 04:14:25 status half-configured glib-networking-common:all 2.74.0-4
2026-06-24 04:14:25 status installed glib-networking-common:all 2.74.0-4
2026-06-24 04:14:25 configure dbus-system-bus-common:all 1.14.10-1~deb12u1 <none>
2026-06-24 04:14:25 status unpacked dbus-system-bus-common:all 1.14.10-1~deb12u1
2026-06-24 04:14:25 status half-configured dbus-system-bus-common:all 1.14.10-1~deb12u1
2026-06-24 04:14:25 status installed dbus-system-bus-common:all 1.14.10-1~deb12u1
2026-06-24 04:14:25 configure libsamplerate0:arm64 0.2.2-3 <none>
2026-06-24 04:14:25 status unpacked libsamplerate0:arm64 0.2.2-3
2026-06-24 04:14:25 status half-configured libsamplerate0:arm64 0.2.2-3
2026-06-24 04:14:25 status installed libsamplerate0:arm64 0.2.2-3
2026-06-24 04:14:25 configure libdrm-common:all 2.4.114-1 <none>
2026-06-24 04:14:25 status unpacked libdrm-common:all 2.4.114-1
2026-06-24 04:14:25 status half-configured libdrm-common:all 2.4.114-1
2026-06-24 04:14:25 status installed libdrm-common:all 2.4.114-1
2026-06-24 04:14:25 configure libyuv0:arm64 0.0~git20230123.b2528b0-1 <none>
2026-06-24 04:14:25 status unpacked libyuv0:arm64 0.0~git20230123.b2528b0-1
2026-06-24 04:14:25 status half-configured libyuv0:arm64 0.0~git20230123.b2528b0-1
2026-06-24 04:14:25 status installed libyuv0:arm64 0.0~git20230123.b2528b0-1
2026-06-24 04:14:25 configure libxcomposite1:arm64 1:0.4.5-1 <none>
2026-06-24 04:14:25 status unpacked libxcomposite1:arm64 1:0.4.5-1
2026-06-24 04:14:25 status half-configured libxcomposite1:arm64 1:0.4.5-1
2026-06-24 04:14:25 status installed libxcomposite1:arm64 1:0.4.5-1
2026-06-24 04:14:25 configure libevdev2:arm64 1.13.0+dfsg-1 <none>
2026-06-24 04:14:25 status unpacked libevdev2:arm64 1.13.0+dfsg-1
2026-06-24 04:14:25 status half-configured libevdev2:arm64 1.13.0+dfsg-1
2026-06-24 04:14:25 status installed libevdev2:arm64 1.13.0+dfsg-1
2026-06-24 04:14:25 configure iso-codes:all 4.15.0-1 <none>
2026-06-24 04:14:25 status unpacked iso-codes:all 4.15.0-1
2026-06-24 04:14:25 status half-configured iso-codes:all 4.15.0-1
2026-06-24 04:14:25 status installed iso-codes:all 4.15.0-1
2026-06-24 04:14:25 configure dbus-bin:arm64 1.14.10-1~deb12u1 <none>
2026-06-24 04:14:25 status unpacked dbus-bin:arm64 1.14.10-1~deb12u1
2026-06-24 04:14:25 status half-configured dbus-bin:arm64 1.14.10-1~deb12u1
2026-06-24 04:14:25 status installed dbus-bin:arm64 1.14.10-1~deb12u1
2026-06-24 04:14:25 configure libgudev-1.0-0:arm64 237-2 <none>
2026-06-24 04:14:25 status unpacked libgudev-1.0-0:arm64 237-2
2026-06-24 04:14:25 status half-configured libgudev-1.0-0:arm64 237-2
2026-06-24 04:14:25 status installed libgudev-1.0-0:arm64 237-2
2026-06-24 04:14:25 configure libsecret-common:all 0.20.5-3 <none>
2026-06-24 04:14:25 status unpacked libsecret-common:all 0.20.5-3
2026-06-24 04:14:25 status half-configured libsecret-common:all 0.20.5-3
2026-06-24 04:14:25 status installed libsecret-common:all 0.20.5-3
2026-06-24 04:14:25 configure libgstreamer1.0-0:arm64 1.22.0-2+deb12u1 <none>
2026-06-24 04:14:25 status unpacked libgstreamer1.0-0:arm64 1.22.0-2+deb12u1
2026-06-24 04:14:25 status half-configured libgstreamer1.0-0:arm64 1.22.0-2+deb12u1
2026-06-24 04:14:25 status installed libgstreamer1.0-0:arm64 1.22.0-2+deb12u1
2026-06-24 04:14:25 configure libmp3lame0:arm64 3.100-6 <none>
2026-06-24 04:14:25 status unpacked libmp3lame0:arm64 3.100-6
2026-06-24 04:14:25 status half-configured libmp3lame0:arm64 3.100-6
2026-06-24 04:14:25 status installed libmp3lame0:arm64 3.100-6
2026-06-24 04:14:25 configure libvorbisenc2:arm64 1.3.7-1 <none>
2026-06-24 04:14:25 status unpacked libvorbisenc2:arm64 1.3.7-1
2026-06-24 04:14:25 status half-configured libvorbisenc2:arm64 1.3.7-1
2026-06-24 04:14:25 status installed libvorbisenc2:arm64 1.3.7-1
2026-06-24 04:14:25 configure libaa1:arm64 1.4p5-50 <none>
2026-06-24 04:14:25 status unpacked libaa1:arm64 1.4p5-50
2026-06-24 04:14:25 status half-configured libaa1:arm64 1.4p5-50
2026-06-24 04:14:25 status installed libaa1:arm64 1.4p5-50
2026-06-24 04:14:25 configure libodbccr2:arm64 2.3.11-2+deb12u1 <none>
2026-06-24 04:14:25 status unpacked libodbccr2:arm64 2.3.11-2+deb12u1
2026-06-24 04:14:25 status half-configured libodbccr2:arm64 2.3.11-2+deb12u1
2026-06-24 04:14:25 status installed libodbccr2:arm64 2.3.11-2+deb12u1
2026-06-24 04:14:25 configure libiec61883-0:arm64 1.2.0-6+b1 <none>
2026-06-24 04:14:25 status unpacked libiec61883-0:arm64 1.2.0-6+b1
2026-06-24 04:14:25 status half-configured libiec61883-0:arm64 1.2.0-6+b1
2026-06-24 04:14:25 status installed libiec61883-0:arm64 1.2.0-6+b1
2026-06-24 04:14:25 configure libxkbcommon0:arm64 1.5.0-1 <none>
2026-06-24 04:14:25 status unpacked libxkbcommon0:arm64 1.5.0-1
2026-06-24 04:14:25 status half-configured libxkbcommon0:arm64 1.5.0-1
2026-06-24 04:14:25 status installed libxkbcommon0:arm64 1.5.0-1
2026-06-24 04:14:25 configure libwayland-client0:arm64 1.21.0-1 <none>
2026-06-24 04:14:25 status unpacked libwayland-client0:arm64 1.21.0-1
2026-06-24 04:14:25 status half-configured libwayland-client0:arm64 1.21.0-1
2026-06-24 04:14:25 status installed libwayland-client0:arm64 1.21.0-1
2026-06-24 04:14:25 configure libavc1394-0:arm64 0.5.4-5 <none>
2026-06-24 04:14:25 status unpacked libavc1394-0:arm64 0.5.4-5
2026-06-24 04:14:25 status half-configured libavc1394-0:arm64 0.5.4-5
2026-06-24 04:14:25 status installed libavc1394-0:arm64 0.5.4-5
2026-06-24 04:14:25 configure glib-networking-services:arm64 2.74.0-4 <none>
2026-06-24 04:14:25 status unpacked glib-networking-services:arm64 2.74.0-4
2026-06-24 04:14:25 status half-configured glib-networking-services:arm64 2.74.0-4
2026-06-24 04:14:25 status installed glib-networking-services:arm64 2.74.0-4
2026-06-24 04:14:25 configure libcaca0:arm64 0.99.beta20-3 <none>
2026-06-24 04:14:25 status unpacked libcaca0:arm64 0.99.beta20-3
2026-06-24 04:14:25 status half-configured libcaca0:arm64 0.99.beta20-3
2026-06-24 04:14:25 status installed libcaca0:arm64 0.99.beta20-3
2026-06-24 04:14:25 configure libavif15:arm64 0.11.1-1+deb12u1 <none>
2026-06-24 04:14:25 status unpacked libavif15:arm64 0.11.1-1+deb12u1
2026-06-24 04:14:25 status half-configured libavif15:arm64 0.11.1-1+deb12u1
2026-06-24 04:14:25 status installed libavif15:arm64 0.11.1-1+deb12u1
2026-06-24 04:14:25 configure dictionaries-common:all 1.29.5 <none>
2026-06-24 04:14:25 status unpacked dictionaries-common:all 1.29.5
2026-06-24 04:14:25 status half-configured dictionaries-common:all 1.29.5
2026-06-24 04:14:25 status installed dictionaries-common:all 1.29.5
2026-06-24 04:14:25 status triggers-pending dictionaries-common:all 1.29.5
2026-06-24 04:14:25 configure libmanette-0.2-0:arm64 0.2.6-3+b1 <none>
2026-06-24 04:14:25 status unpacked libmanette-0.2-0:arm64 0.2.6-3+b1
2026-06-24 04:14:25 status half-configured libmanette-0.2-0:arm64 0.2.6-3+b1
2026-06-24 04:14:25 status installed libmanette-0.2-0:arm64 0.2.6-3+b1
2026-06-24 04:14:25 configure libxcursor1:arm64 1:1.2.1-1 <none>
2026-06-24 04:14:25 status unpacked libxcursor1:arm64 1:1.2.1-1
2026-06-24 04:14:25 status half-configured libxcursor1:arm64 1:1.2.1-1
2026-06-24 04:14:25 status installed libxcursor1:arm64 1:1.2.1-1
2026-06-24 04:14:25 configure libavahi-common3:arm64 0.8-10+deb12u1 <none>
2026-06-24 04:14:25 status unpacked libavahi-common3:arm64 0.8-10+deb12u1
2026-06-24 04:14:25 status half-configured libavahi-common3:arm64 0.8-10+deb12u1
2026-06-24 04:14:25 status installed libavahi-common3:arm64 0.8-10+deb12u1
2026-06-24 04:14:25 configure libgstreamer-plugins-base1.0-0:arm64 1.22.0-3+deb12u6 <none>
2026-06-24 04:14:25 status unpacked libgstreamer-plugins-base1.0-0:arm64 1.22.0-3+deb12u6
2026-06-24 04:14:25 status half-configured libgstreamer-plugins-base1.0-0:arm64 1.22.0-3+deb12u6
2026-06-24 04:14:25 status installed libgstreamer-plugins-base1.0-0:arm64 1.22.0-3+deb12u6
2026-06-24 04:14:25 configure dbus-daemon:arm64 1.14.10-1~deb12u1 <none>
2026-06-24 04:14:25 status unpacked dbus-daemon:arm64 1.14.10-1~deb12u1
2026-06-24 04:14:25 status half-configured dbus-daemon:arm64 1.14.10-1~deb12u1
2026-06-24 04:14:25 status installed dbus-daemon:arm64 1.14.10-1~deb12u1
2026-06-24 04:14:25 configure libatspi2.0-0:arm64 2.46.0-5 <none>
2026-06-24 04:14:25 status unpacked libatspi2.0-0:arm64 2.46.0-5
2026-06-24 04:14:25 status half-configured libatspi2.0-0:arm64 2.46.0-5
2026-06-24 04:14:25 status installed libatspi2.0-0:arm64 2.46.0-5
2026-06-24 04:14:25 configure libv4l-0:arm64 1.22.1-5+b2 <none>
2026-06-24 04:14:25 status unpacked libv4l-0:arm64 1.22.1-5+b2
2026-06-24 04:14:25 status half-configured libv4l-0:arm64 1.22.1-5+b2
2026-06-24 04:14:25 status installed libv4l-0:arm64 1.22.1-5+b2
2026-06-24 04:14:25 configure libatk-bridge2.0-0:arm64 2.46.0-5 <none>
2026-06-24 04:14:25 status unpacked libatk-bridge2.0-0:arm64 2.46.0-5
2026-06-24 04:14:25 status half-configured libatk-bridge2.0-0:arm64 2.46.0-5
2026-06-24 04:14:25 status installed libatk-bridge2.0-0:arm64 2.46.0-5
2026-06-24 04:14:25 configure libsecret-1-0:arm64 0.20.5-3 <none>
2026-06-24 04:14:25 status unpacked libsecret-1-0:arm64 0.20.5-3
2026-06-24 04:14:25 status half-configured libsecret-1-0:arm64 0.20.5-3
2026-06-24 04:14:25 status installed libsecret-1-0:arm64 0.20.5-3
2026-06-24 04:14:25 configure gstreamer1.0-plugins-base:arm64 1.22.0-3+deb12u6 <none>
2026-06-24 04:14:25 status unpacked gstreamer1.0-plugins-base:arm64 1.22.0-3+deb12u6
2026-06-24 04:14:25 status half-configured gstreamer1.0-plugins-base:arm64 1.22.0-3+deb12u6
2026-06-24 04:14:25 status installed gstreamer1.0-plugins-base:arm64 1.22.0-3+deb12u6
2026-06-24 04:14:25 configure dbus:arm64 1.14.10-1~deb12u1 <none>
2026-06-24 04:14:25 status unpacked dbus:arm64 1.14.10-1~deb12u1
2026-06-24 04:14:25 status half-configured dbus:arm64 1.14.10-1~deb12u1
2026-06-24 04:14:26 status installed dbus:arm64 1.14.10-1~deb12u1
2026-06-24 04:14:26 configure libshout3:arm64 2.4.6-1+b1 <none>
2026-06-24 04:14:26 status unpacked libshout3:arm64 2.4.6-1+b1
2026-06-24 04:14:26 status half-configured libshout3:arm64 2.4.6-1+b1
2026-06-24 04:14:26 status installed libshout3:arm64 2.4.6-1+b1
2026-06-24 04:14:26 configure libodbc1:arm64 2.3.11-2+deb12u1 <none>
2026-06-24 04:14:26 status unpacked libodbc1:arm64 2.3.11-2+deb12u1
2026-06-24 04:14:26 status half-configured libodbc1:arm64 2.3.11-2+deb12u1
2026-06-24 04:14:26 status installed libodbc1:arm64 2.3.11-2+deb12u1
2026-06-24 04:14:26 configure libjack-jackd2-0:arm64 1.9.21~dfsg-3 <none>
2026-06-24 04:14:26 status unpacked libjack-jackd2-0:arm64 1.9.21~dfsg-3
2026-06-24 04:14:26 status half-configured libjack-jackd2-0:arm64 1.9.21~dfsg-3
2026-06-24 04:14:26 status installed libjack-jackd2-0:arm64 1.9.21~dfsg-3
2026-06-24 04:14:26 configure libdrm2:arm64 2.4.114-1+b1 <none>
2026-06-24 04:14:26 status unpacked libdrm2:arm64 2.4.114-1+b1
2026-06-24 04:14:26 status half-configured libdrm2:arm64 2.4.114-1+b1
2026-06-24 04:14:26 status installed libdrm2:arm64 2.4.114-1+b1
2026-06-24 04:14:26 configure libflite1:arm64 2.2-5 <none>
2026-06-24 04:14:26 status unpacked libflite1:arm64 2.2-5
2026-06-24 04:14:26 status half-configured libflite1:arm64 2.2-5
2026-06-24 04:14:26 status installed libflite1:arm64 2.2-5
2026-06-24 04:14:26 configure libwayland-cursor0:arm64 1.21.0-1 <none>
2026-06-24 04:14:26 status unpacked libwayland-cursor0:arm64 1.21.0-1
2026-06-24 04:14:26 status half-configured libwayland-cursor0:arm64 1.21.0-1
2026-06-24 04:14:26 status installed libwayland-cursor0:arm64 1.21.0-1
2026-06-24 04:14:26 configure hunspell-en-us:all 1:2020.12.07-2 <none>
2026-06-24 04:14:26 status unpacked hunspell-en-us:all 1:2020.12.07-2
2026-06-24 04:14:26 status half-configured hunspell-en-us:all 1:2020.12.07-2
2026-06-24 04:14:26 status installed hunspell-en-us:all 1:2020.12.07-2
2026-06-24 04:14:26 configure libpam-systemd:arm64 252.39-1~deb12u2 <none>
2026-06-24 04:14:26 status unpacked libpam-systemd:arm64 252.39-1~deb12u2
2026-06-24 04:14:26 status half-configured libpam-systemd:arm64 252.39-1~deb12u2
2026-06-24 04:14:26 status installed libpam-systemd:arm64 252.39-1~deb12u2
2026-06-24 04:14:26 configure libsndfile1:arm64 1.2.0-1+deb12u1 <none>
2026-06-24 04:14:26 status unpacked libsndfile1:arm64 1.2.0-1+deb12u1
2026-06-24 04:14:26 status half-configured libsndfile1:arm64 1.2.0-1+deb12u1
2026-06-24 04:14:26 status installed libsndfile1:arm64 1.2.0-1+deb12u1
2026-06-24 04:14:26 configure libavahi-client3:arm64 0.8-10+deb12u1 <none>
2026-06-24 04:14:26 status unpacked libavahi-client3:arm64 0.8-10+deb12u1
2026-06-24 04:14:26 status half-configured libavahi-client3:arm64 0.8-10+deb12u1
2026-06-24 04:14:26 status installed libavahi-client3:arm64 0.8-10+deb12u1
2026-06-24 04:14:26 configure libdrm-amdgpu1:arm64 2.4.114-1+b1 <none>
2026-06-24 04:14:26 status unpacked libdrm-amdgpu1:arm64 2.4.114-1+b1
2026-06-24 04:14:26 status half-configured libdrm-amdgpu1:arm64 2.4.114-1+b1
2026-06-24 04:14:26 status installed libdrm-amdgpu1:arm64 2.4.114-1+b1
2026-06-24 04:14:26 configure libdrm-nouveau2:arm64 2.4.114-1+b1 <none>
2026-06-24 04:14:26 status unpacked libdrm-nouveau2:arm64 2.4.114-1+b1
2026-06-24 04:14:26 status half-configured libdrm-nouveau2:arm64 2.4.114-1+b1
2026-06-24 04:14:26 status installed libdrm-nouveau2:arm64 2.4.114-1+b1
2026-06-24 04:14:26 configure libgbm1:arm64 22.3.6-1+deb12u1 <none>
2026-06-24 04:14:26 status unpacked libgbm1:arm64 22.3.6-1+deb12u1
2026-06-24 04:14:26 status half-configured libgbm1:arm64 22.3.6-1+deb12u1
2026-06-24 04:14:26 status installed libgbm1:arm64 22.3.6-1+deb12u1
2026-06-24 04:14:26 configure libpulse0:arm64 16.1+dfsg1-2+b1 <none>
2026-06-24 04:14:26 status unpacked libpulse0:arm64 16.1+dfsg1-2+b1
2026-06-24 04:14:26 status half-configured libpulse0:arm64 16.1+dfsg1-2+b1
2026-06-24 04:14:26 status installed libpulse0:arm64 16.1+dfsg1-2+b1
2026-06-24 04:14:26 configure libenchant-2-2:arm64 2.3.3-2 <none>
2026-06-24 04:14:26 status unpacked libenchant-2-2:arm64 2.3.3-2
2026-06-24 04:14:26 status half-configured libenchant-2-2:arm64 2.3.3-2
2026-06-24 04:14:26 status installed libenchant-2-2:arm64 2.3.3-2
2026-06-24 04:14:26 configure libdrm-radeon1:arm64 2.4.114-1+b1 <none>
2026-06-24 04:14:26 status unpacked libdrm-radeon1:arm64 2.4.114-1+b1
2026-06-24 04:14:26 status half-configured libdrm-radeon1:arm64 2.4.114-1+b1
2026-06-24 04:14:26 status installed libdrm-radeon1:arm64 2.4.114-1+b1
2026-06-24 04:14:26 configure libgl1-mesa-dri:arm64 22.3.6-1+deb12u1 <none>
2026-06-24 04:14:26 status unpacked libgl1-mesa-dri:arm64 22.3.6-1+deb12u1
2026-06-24 04:14:26 status half-configured libgl1-mesa-dri:arm64 22.3.6-1+deb12u1
2026-06-24 04:14:26 status installed libgl1-mesa-dri:arm64 22.3.6-1+deb12u1
2026-06-24 04:14:26 configure dbus-user-session:arm64 1.14.10-1~deb12u1 <none>
2026-06-24 04:14:26 status unpacked dbus-user-session:arm64 1.14.10-1~deb12u1
2026-06-24 04:14:26 status half-configured dbus-user-session:arm64 1.14.10-1~deb12u1
2026-06-24 04:14:26 status installed dbus-user-session:arm64 1.14.10-1~deb12u1
2026-06-24 04:14:26 configure libegl-mesa0:arm64 22.3.6-1+deb12u1 <none>
2026-06-24 04:14:26 status unpacked libegl-mesa0:arm64 22.3.6-1+deb12u1
2026-06-24 04:14:26 status half-configured libegl-mesa0:arm64 22.3.6-1+deb12u1
2026-06-24 04:14:26 status installed libegl-mesa0:arm64 22.3.6-1+deb12u1
2026-06-24 04:14:26 configure libcups2:arm64 2.4.2-3+deb12u9 <none>
2026-06-24 04:14:26 status unpacked libcups2:arm64 2.4.2-3+deb12u9
2026-06-24 04:14:26 status half-configured libcups2:arm64 2.4.2-3+deb12u9
2026-06-24 04:14:26 status installed libcups2:arm64 2.4.2-3+deb12u9
2026-06-24 04:14:26 configure libegl1:arm64 1.6.0-1 <none>
2026-06-24 04:14:26 status unpacked libegl1:arm64 1.6.0-1
2026-06-24 04:14:26 status half-configured libegl1:arm64 1.6.0-1
2026-06-24 04:14:26 status installed libegl1:arm64 1.6.0-1
2026-06-24 04:14:26 configure libglx-mesa0:arm64 22.3.6-1+deb12u1 <none>
2026-06-24 04:14:26 status unpacked libglx-mesa0:arm64 22.3.6-1+deb12u1
2026-06-24 04:14:26 status half-configured libglx-mesa0:arm64 22.3.6-1+deb12u1
2026-06-24 04:14:26 status installed libglx-mesa0:arm64 22.3.6-1+deb12u1
2026-06-24 04:14:26 configure libglx0:arm64 1.6.0-1 <none>
2026-06-24 04:14:26 status unpacked libglx0:arm64 1.6.0-1
2026-06-24 04:14:26 status half-configured libglx0:arm64 1.6.0-1
2026-06-24 04:14:26 status installed libglx0:arm64 1.6.0-1
2026-06-24 04:14:26 configure dconf-service:arm64 0.40.0-4 <none>
2026-06-24 04:14:26 status unpacked dconf-service:arm64 0.40.0-4
2026-06-24 04:14:26 status half-configured dconf-service:arm64 0.40.0-4
2026-06-24 04:14:26 status installed dconf-service:arm64 0.40.0-4
2026-06-24 04:14:26 configure libgl1:arm64 1.6.0-1 <none>
2026-06-24 04:14:26 status unpacked libgl1:arm64 1.6.0-1
2026-06-24 04:14:26 status half-configured libgl1:arm64 1.6.0-1
2026-06-24 04:14:26 status installed libgl1:arm64 1.6.0-1
2026-06-24 04:14:26 configure dconf-gsettings-backend:arm64 0.40.0-4 <none>
2026-06-24 04:14:26 status unpacked dconf-gsettings-backend:arm64 0.40.0-4
2026-06-24 04:14:26 status half-configured dconf-gsettings-backend:arm64 0.40.0-4
2026-06-24 04:14:26 status installed dconf-gsettings-backend:arm64 0.40.0-4
2026-06-24 04:14:26 configure libgstreamer-gl1.0-0:arm64 1.22.0-3+deb12u6 <none>
2026-06-24 04:14:26 status unpacked libgstreamer-gl1.0-0:arm64 1.22.0-3+deb12u6
2026-06-24 04:14:26 status half-configured libgstreamer-gl1.0-0:arm64 1.22.0-3+deb12u6
2026-06-24 04:14:26 status installed libgstreamer-gl1.0-0:arm64 1.22.0-3+deb12u6
2026-06-24 04:14:26 configure libgtk-3-common:all 3.24.38-2~deb12u3 <none>
2026-06-24 04:14:26 status unpacked libgtk-3-common:all 3.24.38-2~deb12u3
2026-06-24 04:14:26 status half-configured libgtk-3-common:all 3.24.38-2~deb12u3
2026-06-24 04:14:26 status triggers-awaited libgtk-3-common:all 3.24.38-2~deb12u3
2026-06-24 04:14:26 configure gsettings-desktop-schemas:all 43.0-1 <none>
2026-06-24 04:14:26 status unpacked gsettings-desktop-schemas:all 43.0-1
2026-06-24 04:14:26 status half-configured gsettings-desktop-schemas:all 43.0-1
2026-06-24 04:14:26 status triggers-awaited gsettings-desktop-schemas:all 43.0-1
2026-06-24 04:14:26 trigproc libglib2.0-0:arm64 2.74.6-2+deb12u9 <none>
2026-06-24 04:14:26 status half-configured libglib2.0-0:arm64 2.74.6-2+deb12u9
2026-06-24 04:14:26 status installed libgtk-3-common:all 3.24.38-2~deb12u3
2026-06-24 04:14:26 status installed gsettings-desktop-schemas:all 43.0-1
2026-06-24 04:14:26 status installed libglib2.0-0:arm64 2.74.6-2+deb12u9
2026-06-24 04:14:26 configure libgtk-3-0:arm64 3.24.38-2~deb12u3 <none>
2026-06-24 04:14:26 status unpacked libgtk-3-0:arm64 3.24.38-2~deb12u3
2026-06-24 04:14:26 status half-configured libgtk-3-0:arm64 3.24.38-2~deb12u3
2026-06-24 04:14:26 status installed libgtk-3-0:arm64 3.24.38-2~deb12u3
2026-06-24 04:14:26 trigproc libc-bin:arm64 2.36-9+deb12u14 <none>
2026-06-24 04:14:26 status half-configured libc-bin:arm64 2.36-9+deb12u14
2026-06-24 04:14:26 status installed libc-bin:arm64 2.36-9+deb12u14
2026-06-24 04:14:26 configure glib-networking:arm64 2.74.0-4 <none>
2026-06-24 04:14:26 status unpacked glib-networking:arm64 2.74.0-4
2026-06-24 04:14:26 status half-configured glib-networking:arm64 2.74.0-4
2026-06-24 04:14:26 status installed glib-networking:arm64 2.74.0-4
2026-06-24 04:14:26 configure libwxgtk3.2-1:arm64 3.2.2+dfsg-2 <none>
2026-06-24 04:14:26 status triggers-pending libc-bin:arm64 2.36-9+deb12u14
2026-06-24 04:14:26 status unpacked libwxgtk3.2-1:arm64 3.2.2+dfsg-2
2026-06-24 04:14:26 status half-configured libwxgtk3.2-1:arm64 3.2.2+dfsg-2
2026-06-24 04:14:26 status installed libwxgtk3.2-1:arm64 3.2.2+dfsg-2
2026-06-24 04:14:26 configure libsoup2.4-1:arm64 2.74.3-1+deb12u1 <none>
2026-06-24 04:14:26 status unpacked libsoup2.4-1:arm64 2.74.3-1+deb12u1
2026-06-24 04:14:26 status half-configured libsoup2.4-1:arm64 2.74.3-1+deb12u1
2026-06-24 04:14:26 status installed libsoup2.4-1:arm64 2.74.3-1+deb12u1
2026-06-24 04:14:26 configure gstreamer1.0-plugins-good:arm64 1.22.0-5+deb12u3 <none>
2026-06-24 04:14:26 status unpacked gstreamer1.0-plugins-good:arm64 1.22.0-5+deb12u3
2026-06-24 04:14:26 status half-configured gstreamer1.0-plugins-good:arm64 1.22.0-5+deb12u3
2026-06-24 04:14:26 status installed gstreamer1.0-plugins-good:arm64 1.22.0-5+deb12u3
2026-06-24 04:14:26 configure libwebkit2gtk-4.0-37:arm64 2.50.6-1~deb12u1 <none>
2026-06-24 04:14:26 status unpacked libwebkit2gtk-4.0-37:arm64 2.50.6-1~deb12u1
2026-06-24 04:14:26 status half-configured libwebkit2gtk-4.0-37:arm64 2.50.6-1~deb12u1
2026-06-24 04:14:26 status installed libwebkit2gtk-4.0-37:arm64 2.50.6-1~deb12u1
2026-06-24 04:14:26 configure libwxgtk-webview3.2-1:arm64 3.2.2+dfsg-2 <none>
2026-06-24 04:14:26 status unpacked libwxgtk-webview3.2-1:arm64 3.2.2+dfsg-2
2026-06-24 04:14:26 status half-configured libwxgtk-webview3.2-1:arm64 3.2.2+dfsg-2
2026-06-24 04:14:26 status installed libwxgtk-webview3.2-1:arm64 3.2.2+dfsg-2
2026-06-24 04:14:26 trigproc dictionaries-common:all 1.29.5 <none>
2026-06-24 04:14:26 status half-configured dictionaries-common:all 1.29.5
2026-06-24 04:14:26 status installed dictionaries-common:all 1.29.5
2026-06-24 04:14:26 trigproc libc-bin:arm64 2.36-9+deb12u14 <none>
2026-06-24 04:14:26 status half-configured libc-bin:arm64 2.36-9+deb12u14
2026-06-24 04:14:27 status installed libc-bin:arm64 2.36-9+deb12u14
2026-06-24 04:14:28 startup archives unpack
2026-06-24 04:14:28 install libglx-dev:arm64 <none> 1.6.0-1
2026-06-24 04:14:28 status half-installed libglx-dev:arm64 1.6.0-1
2026-06-24 04:14:28 status unpacked libglx-dev:arm64 1.6.0-1
2026-06-24 04:14:28 install libgl-dev:arm64 <none> 1.6.0-1
2026-06-24 04:14:28 status half-installed libgl-dev:arm64 1.6.0-1
2026-06-24 04:14:28 status unpacked libgl-dev:arm64 1.6.0-1
2026-06-24 04:14:28 install libopengl0:arm64 <none> 1.6.0-1
2026-06-24 04:14:28 status triggers-pending libc-bin:arm64 2.36-9+deb12u14
2026-06-24 04:14:28 status half-installed libopengl0:arm64 1.6.0-1
2026-06-24 04:14:28 status unpacked libopengl0:arm64 1.6.0-1
2026-06-24 04:14:28 install libglu1-mesa:arm64 <none> 9.0.2-1.1
2026-06-24 04:14:28 status half-installed libglu1-mesa:arm64 9.0.2-1.1
2026-06-24 04:14:28 status unpacked libglu1-mesa:arm64 9.0.2-1.1
2026-06-24 04:14:28 install libopengl-dev:arm64 <none> 1.6.0-1
2026-06-24 04:14:28 status half-installed libopengl-dev:arm64 1.6.0-1
2026-06-24 04:14:28 status unpacked libopengl-dev:arm64 1.6.0-1
2026-06-24 04:14:28 install libglu1-mesa-dev:arm64 <none> 9.0.2-1.1
2026-06-24 04:14:28 status half-installed libglu1-mesa-dev:arm64 9.0.2-1.1
2026-06-24 04:14:28 status unpacked libglu1-mesa-dev:arm64 9.0.2-1.1
2026-06-24 04:14:28 install unixodbc-common:all <none> 2.3.11-2+deb12u1
2026-06-24 04:14:28 status half-installed unixodbc-common:all 2.3.11-2+deb12u1
2026-06-24 04:14:29 status unpacked unixodbc-common:all 2.3.11-2+deb12u1
2026-06-24 04:14:29 install libodbcinst2:arm64 <none> 2.3.11-2+deb12u1
2026-06-24 04:14:29 status half-installed libodbcinst2:arm64 2.3.11-2+deb12u1
2026-06-24 04:14:29 status unpacked libodbcinst2:arm64 2.3.11-2+deb12u1
2026-06-24 04:14:29 install libsctp-dev:arm64 <none> 1.0.19+dfsg-2
2026-06-24 04:14:29 status half-installed libsctp-dev:arm64 1.0.19+dfsg-2
2026-06-24 04:14:29 status unpacked libsctp-dev:arm64 1.0.19+dfsg-2
2026-06-24 04:14:29 install libwxgtk-gl3.2-1:arm64 <none> 3.2.2+dfsg-2
2026-06-24 04:14:29 status half-installed libwxgtk-gl3.2-1:arm64 3.2.2+dfsg-2
2026-06-24 04:14:29 status unpacked libwxgtk-gl3.2-1:arm64 3.2.2+dfsg-2
2026-06-24 04:14:29 install wx-common:arm64 <none> 3.2.2+dfsg-2
2026-06-24 04:14:29 status half-installed wx-common:arm64 3.2.2+dfsg-2
2026-06-24 04:14:30 status unpacked wx-common:arm64 3.2.2+dfsg-2
2026-06-24 04:14:30 install wx3.2-headers:all <none> 3.2.2+dfsg-2
2026-06-24 04:14:30 status half-installed wx3.2-headers:all 3.2.2+dfsg-2
2026-06-24 04:14:30 status unpacked wx3.2-headers:all 3.2.2+dfsg-2
2026-06-24 04:14:31 install libwxgtk3.2-dev:arm64 <none> 3.2.2+dfsg-2
2026-06-24 04:14:31 status half-installed libwxgtk3.2-dev:arm64 3.2.2+dfsg-2
2026-06-24 04:14:31 status unpacked libwxgtk3.2-dev:arm64 3.2.2+dfsg-2
2026-06-24 04:14:31 install libwxgtk-webview3.2-dev:arm64 <none> 3.2.2+dfsg-2
2026-06-24 04:14:31 status half-installed libwxgtk-webview3.2-dev:arm64 3.2.2+dfsg-2
2026-06-24 04:14:32 status unpacked libwxgtk-webview3.2-dev:arm64 3.2.2+dfsg-2
2026-06-24 04:14:32 install unixodbc-dev:arm64 <none> 2.3.11-2+deb12u1
2026-06-24 04:14:32 status half-installed unixodbc-dev:arm64 2.3.11-2+deb12u1
2026-06-24 04:14:33 status unpacked unixodbc-dev:arm64 2.3.11-2+deb12u1
2026-06-24 04:14:33 startup packages configure
2026-06-24 04:14:33 configure wx-common:arm64 3.2.2+dfsg-2 <none>
2026-06-24 04:14:33 status unpacked wx-common:arm64 3.2.2+dfsg-2
2026-06-24 04:14:33 status half-configured wx-common:arm64 3.2.2+dfsg-2
2026-06-24 04:14:33 status installed wx-common:arm64 3.2.2+dfsg-2
2026-06-24 04:14:33 configure libwxgtk-gl3.2-1:arm64 3.2.2+dfsg-2 <none>
2026-06-24 04:14:33 status unpacked libwxgtk-gl3.2-1:arm64 3.2.2+dfsg-2
2026-06-24 04:14:33 status half-configured libwxgtk-gl3.2-1:arm64 3.2.2+dfsg-2
2026-06-24 04:14:33 status installed libwxgtk-gl3.2-1:arm64 3.2.2+dfsg-2
2026-06-24 04:14:33 configure libopengl0:arm64 1.6.0-1 <none>
2026-06-24 04:14:33 status unpacked libopengl0:arm64 1.6.0-1
2026-06-24 04:14:33 status half-configured libopengl0:arm64 1.6.0-1
2026-06-24 04:14:33 status installed libopengl0:arm64 1.6.0-1
2026-06-24 04:14:33 configure libsctp-dev:arm64 1.0.19+dfsg-2 <none>
2026-06-24 04:14:33 status unpacked libsctp-dev:arm64 1.0.19+dfsg-2
2026-06-24 04:14:33 status half-configured libsctp-dev:arm64 1.0.19+dfsg-2
2026-06-24 04:14:33 status installed libsctp-dev:arm64 1.0.19+dfsg-2
2026-06-24 04:14:33 configure unixodbc-common:all 2.3.11-2+deb12u1 <none>
2026-06-24 04:14:33 status unpacked unixodbc-common:all 2.3.11-2+deb12u1
2026-06-24 04:14:33 status half-configured unixodbc-common:all 2.3.11-2+deb12u1
2026-06-24 04:14:33 status installed unixodbc-common:all 2.3.11-2+deb12u1
2026-06-24 04:14:33 configure wx3.2-headers:all 3.2.2+dfsg-2 <none>
2026-06-24 04:14:33 status unpacked wx3.2-headers:all 3.2.2+dfsg-2
2026-06-24 04:14:33 status half-configured wx3.2-headers:all 3.2.2+dfsg-2
2026-06-24 04:14:33 status installed wx3.2-headers:all 3.2.2+dfsg-2
2026-06-24 04:14:33 configure libglx-dev:arm64 1.6.0-1 <none>
2026-06-24 04:14:33 status unpacked libglx-dev:arm64 1.6.0-1
2026-06-24 04:14:33 status half-configured libglx-dev:arm64 1.6.0-1
2026-06-24 04:14:33 status installed libglx-dev:arm64 1.6.0-1
2026-06-24 04:14:33 configure libglu1-mesa:arm64 9.0.2-1.1 <none>
2026-06-24 04:14:33 status unpacked libglu1-mesa:arm64 9.0.2-1.1
2026-06-24 04:14:33 status half-configured libglu1-mesa:arm64 9.0.2-1.1
2026-06-24 04:14:33 status installed libglu1-mesa:arm64 9.0.2-1.1
2026-06-24 04:14:33 configure libopengl-dev:arm64 1.6.0-1 <none>
2026-06-24 04:14:33 status unpacked libopengl-dev:arm64 1.6.0-1
2026-06-24 04:14:34 status half-configured libopengl-dev:arm64 1.6.0-1
2026-06-24 04:14:34 status installed libopengl-dev:arm64 1.6.0-1
2026-06-24 04:14:34 configure libgl-dev:arm64 1.6.0-1 <none>
2026-06-24 04:14:34 status unpacked libgl-dev:arm64 1.6.0-1
2026-06-24 04:14:34 status half-configured libgl-dev:arm64 1.6.0-1
2026-06-24 04:14:34 status installed libgl-dev:arm64 1.6.0-1
2026-06-24 04:14:34 configure libodbcinst2:arm64 2.3.11-2+deb12u1 <none>
2026-06-24 04:14:34 status unpacked libodbcinst2:arm64 2.3.11-2+deb12u1
2026-06-24 04:14:34 status half-configured libodbcinst2:arm64 2.3.11-2+deb12u1
2026-06-24 04:14:34 status installed libodbcinst2:arm64 2.3.11-2+deb12u1
2026-06-24 04:14:34 configure libglu1-mesa-dev:arm64 9.0.2-1.1 <none>
2026-06-24 04:14:34 status unpacked libglu1-mesa-dev:arm64 9.0.2-1.1
2026-06-24 04:14:34 status half-configured libglu1-mesa-dev:arm64 9.0.2-1.1
2026-06-24 04:14:34 status installed libglu1-mesa-dev:arm64 9.0.2-1.1
2026-06-24 04:14:34 configure unixodbc-dev:arm64 2.3.11-2+deb12u1 <none>
2026-06-24 04:14:34 status unpacked unixodbc-dev:arm64 2.3.11-2+deb12u1
2026-06-24 04:14:34 status half-configured unixodbc-dev:arm64 2.3.11-2+deb12u1
2026-06-24 04:14:34 status installed unixodbc-dev:arm64 2.3.11-2+deb12u1
2026-06-24 04:14:34 configure libwxgtk3.2-dev:arm64 3.2.2+dfsg-2 <none>
2026-06-24 04:14:34 status unpacked libwxgtk3.2-dev:arm64 3.2.2+dfsg-2
2026-06-24 04:14:34 status half-configured libwxgtk3.2-dev:arm64 3.2.2+dfsg-2
2026-06-24 04:14:34 status installed libwxgtk3.2-dev:arm64 3.2.2+dfsg-2
2026-06-24 04:14:34 configure libwxgtk-webview3.2-dev:arm64 3.2.2+dfsg-2 <none>
2026-06-24 04:14:34 status unpacked libwxgtk-webview3.2-dev:arm64 3.2.2+dfsg-2
2026-06-24 04:14:34 status half-configured libwxgtk-webview3.2-dev:arm64 3.2.2+dfsg-2
2026-06-24 04:14:34 status installed libwxgtk-webview3.2-dev:arm64 3.2.2+dfsg-2
2026-06-24 04:14:34 trigproc libc-bin:arm64 2.36-9+deb12u14 <none>
2026-06-24 04:14:34 status half-configured libc-bin:arm64 2.36-9+deb12u14
2026-06-24 04:14:34 status installed libc-bin:arm64 2.36-9+deb12u14
2026-06-24 04:19:15 startup packages remove
2026-06-24 04:19:15 status installed libwxgtk-webview3.2-dev:arm64 3.2.2+dfsg-2
2026-06-24 04:19:15 remove libwxgtk-webview3.2-dev:arm64 3.2.2+dfsg-2 <none>
2026-06-24 04:19:15 status half-configured libwxgtk-webview3.2-dev:arm64 3.2.2+dfsg-2
2026-06-24 04:19:15 status half-installed libwxgtk-webview3.2-dev:arm64 3.2.2+dfsg-2
2026-06-24 04:19:15 status config-files libwxgtk-webview3.2-dev:arm64 3.2.2+dfsg-2
2026-06-24 04:19:15 status not-installed libwxgtk-webview3.2-dev:arm64 <none>
2026-06-24 04:19:15 status installed libwxgtk3.2-dev:arm64 3.2.2+dfsg-2
2026-06-24 04:19:15 remove libwxgtk3.2-dev:arm64 3.2.2+dfsg-2 <none>
2026-06-24 04:19:15 status half-configured libwxgtk3.2-dev:arm64 3.2.2+dfsg-2
2026-06-24 04:19:15 status half-installed libwxgtk3.2-dev:arm64 3.2.2+dfsg-2
2026-06-24 04:19:15 status config-files libwxgtk3.2-dev:arm64 3.2.2+dfsg-2
2026-06-24 04:19:15 status not-installed libwxgtk3.2-dev:arm64 <none>
2026-06-24 04:19:15 status installed libglu1-mesa-dev:arm64 9.0.2-1.1
2026-06-24 04:19:15 remove libglu1-mesa-dev:arm64 9.0.2-1.1 <none>
2026-06-24 04:19:15 status half-configured libglu1-mesa-dev:arm64 9.0.2-1.1
2026-06-24 04:19:15 status half-installed libglu1-mesa-dev:arm64 9.0.2-1.1
2026-06-24 04:19:15 status config-files libglu1-mesa-dev:arm64 9.0.2-1.1
2026-06-24 04:19:15 status not-installed libglu1-mesa-dev:arm64 <none>
2026-06-24 04:19:15 status installed libgl-dev:arm64 1.6.0-1
2026-06-24 04:19:15 remove libgl-dev:arm64 1.6.0-1 <none>
2026-06-24 04:19:15 status half-configured libgl-dev:arm64 1.6.0-1
2026-06-24 04:19:15 status half-installed libgl-dev:arm64 1.6.0-1
2026-06-24 04:19:15 status config-files libgl-dev:arm64 1.6.0-1
2026-06-24 04:19:15 status not-installed libgl-dev:arm64 <none>
2026-06-24 04:19:15 status installed libglu1-mesa:arm64 9.0.2-1.1
2026-06-24 04:19:15 remove libglu1-mesa:arm64 9.0.2-1.1 <none>
2026-06-24 04:19:15 status triggers-pending libc-bin:arm64 2.36-9+deb12u14
2026-06-24 04:19:15 status half-configured libglu1-mesa:arm64 9.0.2-1.1
2026-06-24 04:19:15 status half-installed libglu1-mesa:arm64 9.0.2-1.1
2026-06-24 04:19:15 status config-files libglu1-mesa:arm64 9.0.2-1.1
2026-06-24 04:19:15 status not-installed libglu1-mesa:arm64 <none>
2026-06-24 04:19:15 status installed libglx-dev:arm64 1.6.0-1
2026-06-24 04:19:15 remove libglx-dev:arm64 1.6.0-1 <none>
2026-06-24 04:19:15 status half-configured libglx-dev:arm64 1.6.0-1
2026-06-24 04:19:15 status half-installed libglx-dev:arm64 1.6.0-1
2026-06-24 04:19:15 status config-files libglx-dev:arm64 1.6.0-1
2026-06-24 04:19:15 status not-installed libglx-dev:arm64 <none>
2026-06-24 04:19:15 status installed unixodbc-dev:arm64 2.3.11-2+deb12u1
2026-06-24 04:19:15 remove unixodbc-dev:arm64 2.3.11-2+deb12u1 <none>
2026-06-24 04:19:15 status half-configured unixodbc-dev:arm64 2.3.11-2+deb12u1
2026-06-24 04:19:15 status half-installed unixodbc-dev:arm64 2.3.11-2+deb12u1
2026-06-24 04:19:15 status config-files unixodbc-dev:arm64 2.3.11-2+deb12u1
2026-06-24 04:19:15 status not-installed unixodbc-dev:arm64 <none>
2026-06-24 04:19:15 status installed libodbcinst2:arm64 2.3.11-2+deb12u1
2026-06-24 04:19:15 remove libodbcinst2:arm64 2.3.11-2+deb12u1 <none>
2026-06-24 04:19:15 status half-configured libodbcinst2:arm64 2.3.11-2+deb12u1
2026-06-24 04:19:15 status half-installed libodbcinst2:arm64 2.3.11-2+deb12u1
2026-06-24 04:19:15 status config-files libodbcinst2:arm64 2.3.11-2+deb12u1
2026-06-24 04:19:15 status not-installed libodbcinst2:arm64 <none>
2026-06-24 04:19:15 status installed libopengl-dev:arm64 1.6.0-1
2026-06-24 04:19:15 remove libopengl-dev:arm64 1.6.0-1 <none>
2026-06-24 04:19:15 status half-configured libopengl-dev:arm64 1.6.0-1
2026-06-24 04:19:15 status half-installed libopengl-dev:arm64 1.6.0-1
2026-06-24 04:19:15 status config-files libopengl-dev:arm64 1.6.0-1
2026-06-24 04:19:15 status not-installed libopengl-dev:arm64 <none>
2026-06-24 04:19:15 status installed libopengl0:arm64 1.6.0-1
2026-06-24 04:19:15 remove libopengl0:arm64 1.6.0-1 <none>
2026-06-24 04:19:15 status half-configured libopengl0:arm64 1.6.0-1
2026-06-24 04:19:15 status half-installed libopengl0:arm64 1.6.0-1
2026-06-24 04:19:15 status config-files libopengl0:arm64 1.6.0-1
2026-06-24 04:19:15 status not-installed libopengl0:arm64 <none>
2026-06-24 04:19:15 status installed libsctp-dev:arm64 1.0.19+dfsg-2
2026-06-24 04:19:15 remove libsctp-dev:arm64 1.0.19+dfsg-2 <none>
2026-06-24 04:19:15 status half-configured libsctp-dev:arm64 1.0.19+dfsg-2
2026-06-24 04:19:15 status half-installed libsctp-dev:arm64 1.0.19+dfsg-2
2026-06-24 04:19:15 status config-files libsctp-dev:arm64 1.0.19+dfsg-2
2026-06-24 04:19:15 status not-installed libsctp-dev:arm64 <none>
2026-06-24 04:19:15 status installed libwxgtk-gl3.2-1:arm64 3.2.2+dfsg-2
2026-06-24 04:19:15 remove libwxgtk-gl3.2-1:arm64 3.2.2+dfsg-2 <none>
2026-06-24 04:19:15 status half-configured libwxgtk-gl3.2-1:arm64 3.2.2+dfsg-2
2026-06-24 04:19:15 status half-installed libwxgtk-gl3.2-1:arm64 3.2.2+dfsg-2
2026-06-24 04:19:15 status config-files libwxgtk-gl3.2-1:arm64 3.2.2+dfsg-2
2026-06-24 04:19:15 status not-installed libwxgtk-gl3.2-1:arm64 <none>
2026-06-24 04:19:15 status installed unixodbc-common:all 2.3.11-2+deb12u1
2026-06-24 04:19:15 remove unixodbc-common:all 2.3.11-2+deb12u1 <none>
2026-06-24 04:19:15 status half-configured unixodbc-common:all 2.3.11-2+deb12u1
2026-06-24 04:19:15 status half-installed unixodbc-common:all 2.3.11-2+deb12u1
2026-06-24 04:19:15 status config-files unixodbc-common:all 2.3.11-2+deb12u1
2026-06-24 04:19:15 status installed wx-common:arm64 3.2.2+dfsg-2
2026-06-24 04:19:16 remove wx-common:arm64 3.2.2+dfsg-2 <none>
2026-06-24 04:19:16 status half-configured wx-common:arm64 3.2.2+dfsg-2
2026-06-24 04:19:16 status half-installed wx-common:arm64 3.2.2+dfsg-2
2026-06-24 04:19:16 status config-files wx-common:arm64 3.2.2+dfsg-2
2026-06-24 04:19:16 status not-installed wx-common:arm64 <none>
2026-06-24 04:19:16 status installed wx3.2-headers:all 3.2.2+dfsg-2
2026-06-24 04:19:16 remove wx3.2-headers:all 3.2.2+dfsg-2 <none>
2026-06-24 04:19:16 status half-configured wx3.2-headers:all 3.2.2+dfsg-2
2026-06-24 04:19:16 status half-installed wx3.2-headers:all 3.2.2+dfsg-2
2026-06-24 04:19:16 status config-files wx3.2-headers:all 3.2.2+dfsg-2
2026-06-24 04:19:16 status not-installed wx3.2-headers:all <none>
2026-06-24 04:19:16 startup packages configure
2026-06-24 04:19:16 trigproc libc-bin:arm64 2.36-9+deb12u14 <none>
2026-06-24 04:19:16 status half-configured libc-bin:arm64 2.36-9+deb12u14
2026-06-24 04:19:16 status installed libc-bin:arm64 2.36-9+deb12u14
2026-06-24 04:19:16 startup packages purge
2026-06-24 04:19:16 purge unixodbc-common:all 2.3.11-2+deb12u1 <none>
2026-06-24 04:19:16 status config-files unixodbc-common:all 2.3.11-2+deb12u1
2026-06-24 04:19:16 status not-installed unixodbc-common:all <none>
2026-06-24 04:19:16 startup packages configure
