try 1 PASS
try 2 HANG — sampling
==== SAMPLE pid 15549 ====
Sampling process 15549 for 2 seconds with 1 millisecond of run time between samples
Sampling completed, processing symbols...
Sample analysis of process 15549 written to file /tmp/ddjit-fix_2026-07-08_165120_44WH.sample.txt

Analysis of sampling ddjit-fix (pid 15549) every 1 millisecond
Process:         ddjit-fix [15549]
Path:            /Users/USER/*/ddjit-fix
Load Address:    0x102c08000
Identifier:      ddjit-fix
Version:         0
Code Type:       ARM64
Platform:        macOS
Parent Process:  launchd [1]
Target Type:     live task

Date/Time:       2026-07-08 16:51:20.580 -0700
Launch Time:     2026-07-08 16:49:55.954 -0700
OS Version:      macOS 26.3.1 (25D2128)
Report Version:  7
Analysis Tool:   /usr/bin/sample

Physical footprint:         180.5M
Physical footprint (peak):  182.2M
Idle exit:                  untracked
----

Call graph:
    1740 Thread_51021511   DispatchQueue_1: com.apple.main-thread  (serial)
    + 1740 start  (in dyld) + 7184  [0x18bc7dd54]
    +   1740 dd_run  (in ddjit-fix) + 780  [0x102c09d50]
    +     1740 run_loaded  (in ddjit-fix) + 964  [0x102c0dacc]
    +       1740 run_guest  (in ddjit-fix) + 4112  [0x102c13b78]
    +         1740 service_local  (in ddjit-fix) + 9216  [0x102c22a08]
    +           1740 svc_event  (in ddjit-fix) + 3816  [0x102c364d4]
    +             1740 pselect  (in libsystem_kernel.dylib) + 112  [0x18c01f418]
    +               1740 __pselect  (in libsystem_kernel.dylib) + 8  [0x18c00b0bc]
    1740 Thread_51021514
    + 1740 thread_start  (in libsystem_pthread.dylib) + 8  [0x18c042ba8]
    +   1740 _pthread_start  (in libsystem_pthread.dylib) + 136  [0x18c047c08]
    +     1740 thread_trampoline  (in ddjit-fix) + 24  [0x102c568a0]
    +       1740 run_guest  (in ddjit-fix) + 4112  [0x102c13b78]
    +         1740 service_local  (in ddjit-fix) + 9028  [0x102c2294c]
    +           1740 svc_io  (in ddjit-fix) + 9180  [0x102c297a4]
    +             1740 read  (in libsystem_kernel.dylib) + 8  [0x18c005908]
    1740 Thread_51021515
    + 1740 thread_start  (in libsystem_pthread.dylib) + 8  [0x18c042ba8]
    +   1740 _pthread_start  (in libsystem_pthread.dylib) + 136  [0x18c047c08]
    +     1740 thread_trampoline  (in ddjit-fix) + 24  [0x102c568a0]
    +       1740 run_guest  (in ddjit-fix) + 4112  [0x102c13b78]
    +         1740 service_local  (in ddjit-fix) + 9140  [0x102c229bc]
    +           1740 svc_proc  (in ddjit-fix) + 3316  [0x102c30144]
    +             1740 futex_op  (in ddjit-fix) + 2544  [0x102c52ecc]
    +               1740 _pthread_cond_wait  (in libsystem_pthread.dylib) + 984  [0x18c0480dc]
    +                 1740 __psynch_cvwait  (in libsystem_kernel.dylib) + 8  [0x18c0084f8]
    1740 Thread_51021517
    + 1740 thread_start  (in libsystem_pthread.dylib) + 8  [0x18c042ba8]
    +   1740 _pthread_start  (in libsystem_pthread.dylib) + 136  [0x18c047c08]
    +     1740 thread_trampoline  (in ddjit-fix) + 24  [0x102c568a0]
    +       1740 run_guest  (in ddjit-fix) + 4112  [0x102c13b78]
    +         1740 service_local  (in ddjit-fix) + 9140  [0x102c229bc]
    +           1740 svc_proc  (in ddjit-fix) + 3316  [0x102c30144]
    +             1740 futex_op  (in ddjit-fix) + 2544  [0x102c52ecc]
    +               1740 _pthread_cond_wait  (in libsystem_pthread.dylib) + 984  [0x18c0480dc]
    +                 1740 __psynch_cvwait  (in libsystem_kernel.dylib) + 8  [0x18c0084f8]
    1740 Thread_51021527
    + 1740 thread_start  (in libsystem_pthread.dylib) + 8  [0x18c042ba8]
    +   1740 _pthread_start  (in libsystem_pthread.dylib) + 136  [0x18c047c08]
    +     1740 thread_trampoline  (in ddjit-fix) + 24  [0x102c568a0]
    +       1740 run_guest  (in ddjit-fix) + 4112  [0x102c13b78]
    +         1740 service_local  (in ddjit-fix) + 9140  [0x102c229bc]
    +           1740 svc_proc  (in ddjit-fix) + 3316  [0x102c30144]
    +             1740 futex_op  (in ddjit-fix) + 2108  [0x102c52d18]
    +               1740 _pthread_cond_wait  (in libsystem_pthread.dylib) + 984  [0x18c0480dc]
    +                 1740 __psynch_cvwait  (in libsystem_kernel.dylib) + 8  [0x18c0084f8]
    1740 Thread_51021528
    + 1740 thread_start  (in libsystem_pthread.dylib) + 8  [0x18c042ba8]
    +   1740 _pthread_start  (in libsystem_pthread.dylib) + 136  [0x18c047c08]
    +     1740 thread_trampoline  (in ddjit-fix) + 24  [0x102c568a0]
    +       1740 run_guest  (in ddjit-fix) + 4112  [0x102c13b78]
    +         1740 service_local  (in ddjit-fix) + 9140  [0x102c229bc]
    +           1740 svc_proc  (in ddjit-fix) + 3316  [0x102c30144]
    +             1740 futex_op  (in ddjit-fix) + 2108  [0x102c52d18]
    +               1740 _pthread_cond_wait  (in libsystem_pthread.dylib) + 984  [0x18c0480dc]
    +                 1740 __psynch_cvwait  (in libsystem_kernel.dylib) + 8  [0x18c0084f8]
    1740 Thread_51021529
    + 1740 thread_start  (in libsystem_pthread.dylib) + 8  [0x18c042ba8]
    +   1740 _pthread_start  (in libsystem_pthread.dylib) + 136  [0x18c047c08]
    +     1740 thread_trampoline  (in ddjit-fix) + 24  [0x102c568a0]
    +       1740 run_guest  (in ddjit-fix) + 4112  [0x102c13b78]
    +         1740 service_local  (in ddjit-fix) + 9140  [0x102c229bc]
    +           1740 svc_proc  (in ddjit-fix) + 3316  [0x102c30144]
    +             1740 futex_op  (in ddjit-fix) + 2108  [0x102c52d18]
    +               1740 _pthread_cond_wait  (in libsystem_pthread.dylib) + 984  [0x18c0480dc]
    +                 1740 __psynch_cvwait  (in libsystem_kernel.dylib) + 8  [0x18c0084f8]
    1740 Thread_51021530
    + 1740 thread_start  (in libsystem_pthread.dylib) + 8  [0x18c042ba8]
    +   1740 _pthread_start  (in libsystem_pthread.dylib) + 136  [0x18c047c08]
    +     1740 thread_trampoline  (in ddjit-fix) + 24  [0x102c568a0]
    +       1740 run_guest  (in ddjit-fix) + 4112  [0x102c13b78]
    +         1740 service_local  (in ddjit-fix) + 9140  [0x102c229bc]
    +           1740 svc_proc  (in ddjit-fix) + 3316  [0x102c30144]
    +             1740 futex_op  (in ddjit-fix) + 2108  [0x102c52d18]
    +               1740 _pthread_cond_wait  (in libsystem_pthread.dylib) + 984  [0x18c0480dc]
    +                 1740 __psynch_cvwait  (in libsystem_kernel.dylib) + 8  [0x18c0084f8]
    1740 Thread_51021531
    + 1740 thread_start  (in libsystem_pthread.dylib) + 8  [0x18c042ba8]
    +   1740 _pthread_start  (in libsystem_pthread.dylib) + 136  [0x18c047c08]
    +     1740 thread_trampoline  (in ddjit-fix) + 24  [0x102c568a0]
    +       1740 run_guest  (in ddjit-fix) + 4112  [0x102c13b78]
    +         1740 service_local  (in ddjit-fix) + 9140  [0x102c229bc]
    +           1740 svc_proc  (in ddjit-fix) + 3316  [0x102c30144]
    +             1740 futex_op  (in ddjit-fix) + 2108  [0x102c52d18]
    +               1740 _pthread_cond_wait  (in libsystem_pthread.dylib) + 984  [0x18c0480dc]
    +                 1740 __psynch_cvwait  (in libsystem_kernel.dylib) + 8  [0x18c0084f8]
    1740 Thread_51021532
    + 1740 thread_start  (in libsystem_pthread.dylib) + 8  [0x18c042ba8]
    +   1740 _pthread_start  (in libsystem_pthread.dylib) + 136  [0x18c047c08]
    +     1740 thread_trampoline  (in ddjit-fix) + 24  [0x102c568a0]
    +       1740 run_guest  (in ddjit-fix) + 4112  [0x102c13b78]
    +         1740 service_local  (in ddjit-fix) + 9140  [0x102c229bc]
    +           1740 svc_proc  (in ddjit-fix) + 3316  [0x102c30144]
    +             1740 futex_op  (in ddjit-fix) + 2108  [0x102c52d18]
    +               1740 _pthread_cond_wait  (in libsystem_pthread.dylib) + 984  [0x18c0480dc]
    +                 1740 __psynch_cvwait  (in libsystem_kernel.dylib) + 8  [0x18c0084f8]
    1740 Thread_51021533
    + 1740 thread_start  (in libsystem_pthread.dylib) + 8  [0x18c042ba8]
    +   1740 _pthread_start  (in libsystem_pthread.dylib) + 136  [0x18c047c08]
    +     1740 thread_trampoline  (in ddjit-fix) + 24  [0x102c568a0]
    +       1740 run_guest  (in ddjit-fix) + 4112  [0x102c13b78]
    +         1740 service_local  (in ddjit-fix) + 9140  [0x102c229bc]
    +           1740 svc_proc  (in ddjit-fix) + 3316  [0x102c30144]
    +             1740 futex_op  (in ddjit-fix) + 2108  [0x102c52d18]
    +               1740 _pthread_cond_wait  (in libsystem_pthread.dylib) + 984  [0x18c0480dc]
    +                 1740 __psynch_cvwait  (in libsystem_kernel.dylib) + 8  [0x18c0084f8]
    1740 Thread_51021534
    + 1740 thread_start  (in libsystem_pthread.dylib) + 8  [0x18c042ba8]
    +   1740 _pthread_start  (in libsystem_pthread.dylib) + 136  [0x18c047c08]
    +     1740 thread_trampoline  (in ddjit-fix) + 24  [0x102c568a0]
    +       1740 run_guest  (in ddjit-fix) + 4112  [0x102c13b78]
    +         1740 service_local  (in ddjit-fix) + 9140  [0x102c229bc]
    +           1740 svc_proc  (in ddjit-fix) + 3316  [0x102c30144]
    +             1740 futex_op  (in ddjit-fix) + 2108  [0x102c52d18]
    +               1740 _pthread_cond_wait  (in libsystem_pthread.dylib) + 984  [0x18c0480dc]
    +                 1740 __psynch_cvwait  (in libsystem_kernel.dylib) + 8  [0x18c0084f8]
    1740 Thread_51021535
    + 1740 thread_start  (in libsystem_pthread.dylib) + 8  [0x18c042ba8]
    +   1740 _pthread_start  (in libsystem_pthread.dylib) + 136  [0x18c047c08]
    +     1740 thread_trampoline  (in ddjit-fix) + 24  [0x102c568a0]
    +       1740 run_guest  (in ddjit-fix) + 4112  [0x102c13b78]
    +         1740 service_local  (in ddjit-fix) + 9140  [0x102c229bc]
    +           1740 svc_proc  (in ddjit-fix) + 3316  [0x102c30144]
    +             1740 futex_op  (in ddjit-fix) + 2108  [0x102c52d18]
    +               1740 _pthread_cond_wait  (in libsystem_pthread.dylib) + 984  [0x18c0480dc]
    +                 1740 __psynch_cvwait  (in libsystem_kernel.dylib) + 8  [0x18c0084f8]
    1740 Thread_51021536
    + 1740 thread_start  (in libsystem_pthread.dylib) + 8  [0x18c042ba8]
    +   1740 _pthread_start  (in libsystem_pthread.dylib) + 136  [0x18c047c08]
    +     1740 thread_trampoline  (in ddjit-fix) + 24  [0x102c568a0]
    +       1740 run_guest  (in ddjit-fix) + 4112  [0x102c13b78]
    +         1740 service_local  (in ddjit-fix) + 9140  [0x102c229bc]
    +           1740 svc_proc  (in ddjit-fix) + 3316  [0x102c30144]
    +             1740 futex_op  (in ddjit-fix) + 2108  [0x102c52d18]
    +               1740 _pthread_cond_wait  (in libsystem_pthread.dylib) + 984  [0x18c0480dc]
    +                 1740 __psynch_cvwait  (in libsystem_kernel.dylib) + 8  [0x18c0084f8]
    1740 Thread_51021537
    + 1740 thread_start  (in libsystem_pthread.dylib) + 8  [0x18c042ba8]
    +   1740 _pthread_start  (in libsystem_pthread.dylib) + 136  [0x18c047c08]
    +     1740 thread_trampoline  (in ddjit-fix) + 24  [0x102c568a0]
    +       1740 run_guest  (in ddjit-fix) + 4112  [0x102c13b78]
    +         1740 service_local  (in ddjit-fix) + 9216  [0x102c22a08]
    +           1740 svc_event  (in ddjit-fix) + 5084  [0x102c369c8]
    +             1740 kevent  (in libsystem_kernel.dylib) + 8  [0x18c00af30]
    1740 Thread_51021538
    + 1740 thread_start  (in libsystem_pthread.dylib) + 8  [0x18c042ba8]
    +   1740 _pthread_start  (in libsystem_pthread.dylib) + 136  [0x18c047c08]
    +     1740 thread_trampoline  (in ddjit-fix) + 24  [0x102c568a0]
    +       1740 run_guest  (in ddjit-fix) + 4112  [0x102c13b78]
    +         1740 service_local  (in ddjit-fix) + 9140  [0x102c229bc]
    +           1740 svc_proc  (in ddjit-fix) + 3316  [0x102c30144]
    +             1740 futex_op  (in ddjit-fix) + 2108  [0x102c52d18]
    +               1740 _pthread_cond_wait  (in libsystem_pthread.dylib) + 984  [0x18c0480dc]
    +                 1740 __psynch_cvwait  (in libsystem_kernel.dylib) + 8  [0x18c0084f8]
    1740 Thread_51021539
    + 1740 thread_start  (in libsystem_pthread.dylib) + 8  [0x18c042ba8]
    +   1740 _pthread_start  (in libsystem_pthread.dylib) + 136  [0x18c047c08]
    +     1740 thread_trampoline  (in ddjit-fix) + 24  [0x102c568a0]
    +       1740 run_guest  (in ddjit-fix) + 4112  [0x102c13b78]
    +         1740 service_local  (in ddjit-fix) + 9140  [0x102c229bc]
    +           1740 svc_proc  (in ddjit-fix) + 3316  [0x102c30144]
    +             1740 futex_op  (in ddjit-fix) + 2108  [0x102c52d18]
    +               1740 _pthread_cond_wait  (in libsystem_pthread.dylib) + 984  [0x18c0480dc]
    +                 1740 __psynch_cvwait  (in libsystem_kernel.dylib) + 8  [0x18c0084f8]
    1740 Thread_51021540
    + 1740 thread_start  (in libsystem_pthread.dylib) + 8  [0x18c042ba8]
    +   1740 _pthread_start  (in libsystem_pthread.dylib) + 136  [0x18c047c08]
    +     1740 thread_trampoline  (in ddjit-fix) + 24  [0x102c568a0]
    +       1740 run_guest  (in ddjit-fix) + 4112  [0x102c13b78]
    +         1740 service_local  (in ddjit-fix) + 9140  [0x102c229bc]
    +           1740 svc_proc  (in ddjit-fix) + 3316  [0x102c30144]
    +             1740 futex_op  (in ddjit-fix) + 2108  [0x102c52d18]
    +               1740 _pthread_cond_wait  (in libsystem_pthread.dylib) + 984  [0x18c0480dc]
    +                 1740 __psynch_cvwait  (in libsystem_kernel.dylib) + 8  [0x18c0084f8]
    1740 Thread_51021541
    + 1740 thread_start  (in libsystem_pthread.dylib) + 8  [0x18c042ba8]
    +   1740 _pthread_start  (in libsystem_pthread.dylib) + 136  [0x18c047c08]
    +     1740 thread_trampoline  (in ddjit-fix) + 24  [0x102c568a0]
    +       1740 run_guest  (in ddjit-fix) + 4112  [0x102c13b78]
    +         1740 service_local  (in ddjit-fix) + 9140  [0x102c229bc]
    +           1740 svc_proc  (in ddjit-fix) + 3316  [0x102c30144]
    +             1740 futex_op  (in ddjit-fix) + 2108  [0x102c52d18]
    +               1740 _pthread_cond_wait  (in libsystem_pthread.dylib) + 984  [0x18c0480dc]
    +                 1740 __psynch_cvwait  (in libsystem_kernel.dylib) + 8  [0x18c0084f8]
    1740 Thread_51021542
    + 1740 thread_start  (in libsystem_pthread.dylib) + 8  [0x18c042ba8]
    +   1740 _pthread_start  (in libsystem_pthread.dylib) + 136  [0x18c047c08]
    +     1740 thread_trampoline  (in ddjit-fix) + 24  [0x102c568a0]
    +       1740 run_guest  (in ddjit-fix) + 4112  [0x102c13b78]
    +         1740 service_local  (in ddjit-fix) + 9140  [0x102c229bc]
    +           1740 svc_proc  (in ddjit-fix) + 3316  [0x102c30144]
    +             1740 futex_op  (in ddjit-fix) + 2108  [0x102c52d18]
    +               1740 _pthread_cond_wait  (in libsystem_pthread.dylib) + 984  [0x18c0480dc]
    +                 1740 __psynch_cvwait  (in libsystem_kernel.dylib) + 8  [0x18c0084f8]
    1740 Thread_51021543
    + 1740 thread_start  (in libsystem_pthread.dylib) + 8  [0x18c042ba8]
    +   1740 _pthread_start  (in libsystem_pthread.dylib) + 136  [0x18c047c08]
    +     1740 thread_trampoline  (in ddjit-fix) + 24  [0x102c568a0]
    +       1740 run_guest  (in ddjit-fix) + 4112  [0x102c13b78]
    +         1740 service_local  (in ddjit-fix) + 9140  [0x102c229bc]
    +           1740 svc_proc  (in ddjit-fix) + 3316  [0x102c30144]
    +             1740 futex_op  (in ddjit-fix) + 2108  [0x102c52d18]
    +               1740 _pthread_cond_wait  (in libsystem_pthread.dylib) + 984  [0x18c0480dc]
    +                 1740 __psynch_cvwait  (in libsystem_kernel.dylib) + 8  [0x18c0084f8]
    1740 Thread_51021544
    + 1740 thread_start  (in libsystem_pthread.dylib) + 8  [0x18c042ba8]
    +   1740 _pthread_start  (in libsystem_pthread.dylib) + 136  [0x18c047c08]
    +     1740 thread_trampoline  (in ddjit-fix) + 24  [0x102c568a0]
    +       1740 run_guest  (in ddjit-fix) + 4112  [0x102c13b78]
    +         1740 service_local  (in ddjit-fix) + 9140  [0x102c229bc]
    +           1740 svc_proc  (in ddjit-fix) + 3316  [0x102c30144]
    +             1740 futex_op  (in ddjit-fix) + 2108  [0x102c52d18]
    +               1740 _pthread_cond_wait  (in libsystem_pthread.dylib) + 984  [0x18c0480dc]
    +                 1740 __psynch_cvwait  (in libsystem_kernel.dylib) + 8  [0x18c0084f8]
    1740 Thread_51021545
    + 1740 thread_start  (in libsystem_pthread.dylib) + 8  [0x18c042ba8]
    +   1740 _pthread_start  (in libsystem_pthread.dylib) + 136  [0x18c047c08]
    +     1740 thread_trampoline  (in ddjit-fix) + 24  [0x102c568a0]
    +       1740 run_guest  (in ddjit-fix) + 4112  [0x102c13b78]
    +         1740 service_local  (in ddjit-fix) + 9140  [0x102c229bc]
    +           1740 svc_proc  (in ddjit-fix) + 3316  [0x102c30144]
    +             1740 futex_op  (in ddjit-fix) + 2544  [0x102c52ecc]
    +               1740 _pthread_cond_wait  (in libsystem_pthread.dylib) + 984  [0x18c0480dc]
    +                 1740 __psynch_cvwait  (in libsystem_kernel.dylib) + 8  [0x18c0084f8]
    1740 Thread_51021546
    + 1740 thread_start  (in libsystem_pthread.dylib) + 8  [0x18c042ba8]
    +   1740 _pthread_start  (in libsystem_pthread.dylib) + 136  [0x18c047c08]
    +     1740 thread_trampoline  (in ddjit-fix) + 24  [0x102c568a0]
    +       1740 run_guest  (in ddjit-fix) + 4112  [0x102c13b78]
    +         1740 service_local  (in ddjit-fix) + 9140  [0x102c229bc]
    +           1740 svc_proc  (in ddjit-fix) + 3316  [0x102c30144]
    +             1740 futex_op  (in ddjit-fix) + 2544  [0x102c52ecc]
    +               1740 _pthread_cond_wait  (in libsystem_pthread.dylib) + 984  [0x18c0480dc]
    +                 1740 __psynch_cvwait  (in libsystem_kernel.dylib) + 8  [0x18c0084f8]
    1740 Thread_51021547
    + 1740 thread_start  (in libsystem_pthread.dylib) + 8  [0x18c042ba8]
    +   1740 _pthread_start  (in libsystem_pthread.dylib) + 136  [0x18c047c08]
    +     1740 thread_trampoline  (in ddjit-fix) + 24  [0x102c568a0]
    +       1740 run_guest  (in ddjit-fix) + 4112  [0x102c13b78]
    +         1740 service_local  (in ddjit-fix) + 9140  [0x102c229bc]
    +           1740 svc_proc  (in ddjit-fix) + 3316  [0x102c30144]
    +             1740 futex_op  (in ddjit-fix) + 2544  [0x102c52ecc]
    +               1740 _pthread_cond_wait  (in libsystem_pthread.dylib) + 984  [0x18c0480dc]
    +                 1740 __psynch_cvwait  (in libsystem_kernel.dylib) + 8  [0x18c0084f8]
    1740 Thread_51021548
    + 1740 thread_start  (in libsystem_pthread.dylib) + 8  [0x18c042ba8]
    +   1740 _pthread_start  (in libsystem_pthread.dylib) + 136  [0x18c047c08]
    +     1740 thread_trampoline  (in ddjit-fix) + 24  [0x102c568a0]
    +       1740 run_guest  (in ddjit-fix) + 4112  [0x102c13b78]
    +         1740 service_local  (in ddjit-fix) + 9140  [0x102c229bc]
    +           1740 svc_proc  (in ddjit-fix) + 3316  [0x102c30144]
    +             1740 futex_op  (in ddjit-fix) + 2544  [0x102c52ecc]
    +               1740 _pthread_cond_wait  (in libsystem_pthread.dylib) + 984  [0x18c0480dc]
    +                 1740 __psynch_cvwait  (in libsystem_kernel.dylib) + 8  [0x18c0084f8]
    1740 Thread_51021549
    + 1740 thread_start  (in libsystem_pthread.dylib) + 8  [0x18c042ba8]
    +   1740 _pthread_start  (in libsystem_pthread.dylib) + 136  [0x18c047c08]
    +     1740 thread_trampoline  (in ddjit-fix) + 24  [0x102c568a0]
    +       1740 run_guest  (in ddjit-fix) + 4112  [0x102c13b78]
    +         1740 service_local  (in ddjit-fix) + 9140  [0x102c229bc]
    +           1740 svc_proc  (in ddjit-fix) + 3316  [0x102c30144]
    +             1740 futex_op  (in ddjit-fix) + 2544  [0x102c52ecc]
    +               1740 _pthread_cond_wait  (in libsystem_pthread.dylib) + 984  [0x18c0480dc]
    +                 1740 __psynch_cvwait  (in libsystem_kernel.dylib) + 8  [0x18c0084f8]
    1740 Thread_51021550
    + 1740 thread_start  (in libsystem_pthread.dylib) + 8  [0x18c042ba8]
    +   1740 _pthread_start  (in libsystem_pthread.dylib) + 136  [0x18c047c08]
    +     1740 thread_trampoline  (in ddjit-fix) + 24  [0x102c568a0]
    +       1740 run_guest  (in ddjit-fix) + 4112  [0x102c13b78]
    +         1740 service_local  (in ddjit-fix) + 9140  [0x102c229bc]
    +           1740 svc_proc  (in ddjit-fix) + 3316  [0x102c30144]
    +             1740 futex_op  (in ddjit-fix) + 2544  [0x102c52ecc]
    +               1740 _pthread_cond_wait  (in libsystem_pthread.dylib) + 984  [0x18c0480dc]
    +                 1740 __psynch_cvwait  (in libsystem_kernel.dylib) + 8  [0x18c0084f8]
    1740 Thread_51021551
    + 1740 thread_start  (in libsystem_pthread.dylib) + 8  [0x18c042ba8]
    +   1740 _pthread_start  (in libsystem_pthread.dylib) + 136  [0x18c047c08]
    +     1740 thread_trampoline  (in ddjit-fix) + 24  [0x102c568a0]
    +       1740 run_guest  (in ddjit-fix) + 4112  [0x102c13b78]
    +         1740 service_local  (in ddjit-fix) + 9140  [0x102c229bc]
    +           1740 svc_proc  (in ddjit-fix) + 3316  [0x102c30144]
    +             1740 futex_op  (in ddjit-fix) + 2544  [0x102c52ecc]
    +               1740 _pthread_cond_wait  (in libsystem_pthread.dylib) + 984  [0x18c0480dc]
    +                 1740 __psynch_cvwait  (in libsystem_kernel.dylib) + 8  [0x18c0084f8]
    1740 Thread_51021552
    + 1740 thread_start  (in libsystem_pthread.dylib) + 8  [0x18c042ba8]
    +   1740 _pthread_start  (in libsystem_pthread.dylib) + 136  [0x18c047c08]
    +     1740 thread_trampoline  (in ddjit-fix) + 24  [0x102c568a0]
    +       1740 run_guest  (in ddjit-fix) + 4112  [0x102c13b78]
    +         1740 service_local  (in ddjit-fix) + 9140  [0x102c229bc]
    +           1740 svc_proc  (in ddjit-fix) + 3316  [0x102c30144]
    +             1740 futex_op  (in ddjit-fix) + 2544  [0x102c52ecc]
    +               1740 _pthread_cond_wait  (in libsystem_pthread.dylib) + 984  [0x18c0480dc]
    +                 1740 __psynch_cvwait  (in libsystem_kernel.dylib) + 8  [0x18c0084f8]
    1740 Thread_51021553
    + 1740 thread_start  (in libsystem_pthread.dylib) + 8  [0x18c042ba8]
    +   1740 _pthread_start  (in libsystem_pthread.dylib) + 136  [0x18c047c08]
    +     1740 thread_trampoline  (in ddjit-fix) + 24  [0x102c568a0]
    +       1740 run_guest  (in ddjit-fix) + 4112  [0x102c13b78]
    +         1740 service_local  (in ddjit-fix) + 9140  [0x102c229bc]
    +           1740 svc_proc  (in ddjit-fix) + 3316  [0x102c30144]
    +             1740 futex_op  (in ddjit-fix) + 2544  [0x102c52ecc]
    +               1740 _pthread_cond_wait  (in libsystem_pthread.dylib) + 984  [0x18c0480dc]
    +                 1740 __psynch_cvwait  (in libsystem_kernel.dylib) + 8  [0x18c0084f8]
    1740 Thread_51021554
    + 1740 thread_start  (in libsystem_pthread.dylib) + 8  [0x18c042ba8]
    +   1740 _pthread_start  (in libsystem_pthread.dylib) + 136  [0x18c047c08]
    +     1740 thread_trampoline  (in ddjit-fix) + 24  [0x102c568a0]
    +       1740 run_guest  (in ddjit-fix) + 4112  [0x102c13b78]
    +         1740 service_local  (in ddjit-fix) + 9140  [0x102c229bc]
    +           1740 svc_proc  (in ddjit-fix) + 3316  [0x102c30144]
    +             1740 futex_op  (in ddjit-fix) + 2544  [0x102c52ecc]
    +               1740 _pthread_cond_wait  (in libsystem_pthread.dylib) + 984  [0x18c0480dc]
    +                 1740 __psynch_cvwait  (in libsystem_kernel.dylib) + 8  [0x18c0084f8]
    1740 Thread_51021555
    + 1740 thread_start  (in libsystem_pthread.dylib) + 8  [0x18c042ba8]
    +   1740 _pthread_start  (in libsystem_pthread.dylib) + 136  [0x18c047c08]
    +     1740 thread_trampoline  (in ddjit-fix) + 24  [0x102c568a0]
    +       1740 run_guest  (in ddjit-fix) + 4112  [0x102c13b78]
    +         1740 service_local  (in ddjit-fix) + 9140  [0x102c229bc]
    +           1740 svc_proc  (in ddjit-fix) + 3316  [0x102c30144]
    +             1740 futex_op  (in ddjit-fix) + 2544  [0x102c52ecc]
    +               1740 _pthread_cond_wait  (in libsystem_pthread.dylib) + 984  [0x18c0480dc]
    +                 1740 __psynch_cvwait  (in libsystem_kernel.dylib) + 8  [0x18c0084f8]
    1740 Thread_51021556
    + 1740 thread_start  (in libsystem_pthread.dylib) + 8  [0x18c042ba8]
    +   1740 _pthread_start  (in libsystem_pthread.dylib) + 136  [0x18c047c08]
    +     1740 thread_trampoline  (in ddjit-fix) + 24  [0x102c568a0]
    +       1740 run_guest  (in ddjit-fix) + 4112  [0x102c13b78]
    +         1740 service_local  (in ddjit-fix) + 9140  [0x102c229bc]
    +           1740 svc_proc  (in ddjit-fix) + 3316  [0x102c30144]
    +             1740 futex_op  (in ddjit-fix) + 2544  [0x102c52ecc]
    +               1740 _pthread_cond_wait  (in libsystem_pthread.dylib) + 984  [0x18c0480dc]
    +                 1740 __psynch_cvwait  (in libsystem_kernel.dylib) + 8  [0x18c0084f8]
    1740 Thread_51021557
    + 1740 thread_start  (in libsystem_pthread.dylib) + 8  [0x18c042ba8]
    +   1740 _pthread_start  (in libsystem_pthread.dylib) + 136  [0x18c047c08]
    +     1740 thread_trampoline  (in ddjit-fix) + 24  [0x102c568a0]
    +       1740 run_guest  (in ddjit-fix) + 4112  [0x102c13b78]
    +         1740 service_local  (in ddjit-fix) + 9140  [0x102c229bc]
    +           1740 svc_proc  (in ddjit-fix) + 3316  [0x102c30144]
    +             1740 futex_op  (in ddjit-fix) + 2544  [0x102c52ecc]
    +               1740 _pthread_cond_wait  (in libsystem_pthread.dylib) + 984  [0x18c0480dc]
    +                 1740 __psynch_cvwait  (in libsystem_kernel.dylib) + 8  [0x18c0084f8]
    1740 Thread_51021558
    + 1740 thread_start  (in libsystem_pthread.dylib) + 8  [0x18c042ba8]
    +   1740 _pthread_start  (in libsystem_pthread.dylib) + 136  [0x18c047c08]
    +     1740 thread_trampoline  (in ddjit-fix) + 24  [0x102c568a0]
    +       1740 run_guest  (in ddjit-fix) + 4112  [0x102c13b78]
    +         1740 service_local  (in ddjit-fix) + 9140  [0x102c229bc]
    +           1740 svc_proc  (in ddjit-fix) + 3316  [0x102c30144]
    +             1740 futex_op  (in ddjit-fix) + 2544  [0x102c52ecc]
    +               1740 _pthread_cond_wait  (in libsystem_pthread.dylib) + 984  [0x18c0480dc]
    +                 1740 __psynch_cvwait  (in libsystem_kernel.dylib) + 8  [0x18c0084f8]
    1740 Thread_51021559
    + 1740 thread_start  (in libsystem_pthread.dylib) + 8  [0x18c042ba8]
    +   1740 _pthread_start  (in libsystem_pthread.dylib) + 136  [0x18c047c08]
    +     1740 thread_trampoline  (in ddjit-fix) + 24  [0x102c568a0]
    +       1740 run_guest  (in ddjit-fix) + 4112  [0x102c13b78]
    +         1740 service_local  (in ddjit-fix) + 9140  [0x102c229bc]
    +           1740 svc_proc  (in ddjit-fix) + 3316  [0x102c30144]
    +             1740 futex_op  (in ddjit-fix) + 2544  [0x102c52ecc]
    +               1740 _pthread_cond_wait  (in libsystem_pthread.dylib) + 984  [0x18c0480dc]
    +                 1740 __psynch_cvwait  (in libsystem_kernel.dylib) + 8  [0x18c0084f8]
    1740 Thread_51021560
    + 1740 thread_start  (in libsystem_pthread.dylib) + 8  [0x18c042ba8]
    +   1740 _pthread_start  (in libsystem_pthread.dylib) + 136  [0x18c047c08]
    +     1740 thread_trampoline  (in ddjit-fix) + 24  [0x102c568a0]
    +       1740 run_guest  (in ddjit-fix) + 4112  [0x102c13b78]
    +         1740 service_local  (in ddjit-fix) + 9140  [0x102c229bc]
    +           1740 svc_proc  (in ddjit-fix) + 3316  [0x102c30144]
    +             1740 futex_op  (in ddjit-fix) + 2544  [0x102c52ecc]
    +               1740 _pthread_cond_wait  (in libsystem_pthread.dylib) + 984  [0x18c0480dc]
    +                 1740 __psynch_cvwait  (in libsystem_kernel.dylib) + 8  [0x18c0084f8]
    1740 Thread_51021561
    + 1740 thread_start  (in libsystem_pthread.dylib) + 8  [0x18c042ba8]
    +   1740 _pthread_start  (in libsystem_pthread.dylib) + 136  [0x18c047c08]
    +     1740 thread_trampoline  (in ddjit-fix) + 24  [0x102c568a0]
    +       1740 run_guest  (in ddjit-fix) + 4112  [0x102c13b78]
    +         1740 service_local  (in ddjit-fix) + 9140  [0x102c229bc]
    +           1740 svc_proc  (in ddjit-fix) + 3316  [0x102c30144]
    +             1740 futex_op  (in ddjit-fix) + 2544  [0x102c52ecc]
    +               1740 _pthread_cond_wait  (in libsystem_pthread.dylib) + 984  [0x18c0480dc]
    +                 1740 __psynch_cvwait  (in libsystem_kernel.dylib) + 8  [0x18c0084f8]
    1740 Thread_51021562
    + 1740 thread_start  (in libsystem_pthread.dylib) + 8  [0x18c042ba8]
    +   1740 _pthread_start  (in libsystem_pthread.dylib) + 136  [0x18c047c08]
    +     1740 thread_trampoline  (in ddjit-fix) + 24  [0x102c568a0]
    +       1740 run_guest  (in ddjit-fix) + 4112  [0x102c13b78]
    +         1740 service_local  (in ddjit-fix) + 9140  [0x102c229bc]
    +           1740 svc_proc  (in ddjit-fix) + 3316  [0x102c30144]
    +             1740 futex_op  (in ddjit-fix) + 2544  [0x102c52ecc]
    +               1740 _pthread_cond_wait  (in libsystem_pthread.dylib) + 984  [0x18c0480dc]
    +                 1740 __psynch_cvwait  (in libsystem_kernel.dylib) + 8  [0x18c0084f8]
    1740 Thread_51021563
    + 1740 thread_start  (in libsystem_pthread.dylib) + 8  [0x18c042ba8]
    +   1740 _pthread_start  (in libsystem_pthread.dylib) + 136  [0x18c047c08]
    +     1740 thread_trampoline  (in ddjit-fix) + 24  [0x102c568a0]
    +       1740 run_guest  (in ddjit-fix) + 4112  [0x102c13b78]
    +         1740 service_local  (in ddjit-fix) + 9140  [0x102c229bc]
    +           1740 svc_proc  (in ddjit-fix) + 3316  [0x102c30144]
    +             1740 futex_op  (in ddjit-fix) + 2544  [0x102c52ecc]
    +               1740 _pthread_cond_wait  (in libsystem_pthread.dylib) + 984  [0x18c0480dc]
    +                 1740 __psynch_cvwait  (in libsystem_kernel.dylib) + 8  [0x18c0084f8]
    1740 Thread_51021564
    + 1740 thread_start  (in libsystem_pthread.dylib) + 8  [0x18c042ba8]
    +   1740 _pthread_start  (in libsystem_pthread.dylib) + 136  [0x18c047c08]
    +     1740 thread_trampoline  (in ddjit-fix) + 24  [0x102c568a0]
    +       1740 run_guest  (in ddjit-fix) + 4112  [0x102c13b78]
    +         1740 service_local  (in ddjit-fix) + 9140  [0x102c229bc]
    +           1740 svc_proc  (in ddjit-fix) + 3316  [0x102c30144]
    +             1740 futex_op  (in ddjit-fix) + 2544  [0x102c52ecc]
    +               1740 _pthread_cond_wait  (in libsystem_pthread.dylib) + 984  [0x18c0480dc]
    +                 1740 __psynch_cvwait  (in libsystem_kernel.dylib) + 8  [0x18c0084f8]
    1740 Thread_51021565
    + 1740 thread_start  (in libsystem_pthread.dylib) + 8  [0x18c042ba8]
    +   1740 _pthread_start  (in libsystem_pthread.dylib) + 136  [0x18c047c08]
    +     1740 thread_trampoline  (in ddjit-fix) + 24  [0x102c568a0]
    +       1740 run_guest  (in ddjit-fix) + 4112  [0x102c13b78]
    +         1740 service_local  (in ddjit-fix) + 9140  [0x102c229bc]
    +           1740 svc_proc  (in ddjit-fix) + 3316  [0x102c30144]
    +             1740 futex_op  (in ddjit-fix) + 2544  [0x102c52ecc]
    +               1740 _pthread_cond_wait  (in libsystem_pthread.dylib) + 984  [0x18c0480dc]
    +                 1740 __psynch_cvwait  (in libsystem_kernel.dylib) + 8  [0x18c0084f8]
    1740 Thread_51021566
    + 1740 thread_start  (in libsystem_pthread.dylib) + 8  [0x18c042ba8]
    +   1740 _pthread_start  (in libsystem_pthread.dylib) + 136  [0x18c047c08]
    +     1740 thread_trampoline  (in ddjit-fix) + 24  [0x102c568a0]
    +       1740 run_guest  (in ddjit-fix) + 4112  [0x102c13b78]
    +         1740 service_local  (in ddjit-fix) + 9140  [0x102c229bc]
    +           1740 svc_proc  (in ddjit-fix) + 3316  [0x102c30144]
    +             1740 futex_op  (in ddjit-fix) + 2544  [0x102c52ecc]
    +               1740 _pthread_cond_wait  (in libsystem_pthread.dylib) + 984  [0x18c0480dc]
    +                 1740 __psynch_cvwait  (in libsystem_kernel.dylib) + 8  [0x18c0084f8]
    1740 Thread_51021567
    + 1740 thread_start  (in libsystem_pthread.dylib) + 8  [0x18c042ba8]
    +   1740 _pthread_start  (in libsystem_pthread.dylib) + 136  [0x18c047c08]
    +     1740 thread_trampoline  (in ddjit-fix) + 24  [0x102c568a0]
    +       1740 run_guest  (in ddjit-fix) + 4112  [0x102c13b78]
    +         1740 service_local  (in ddjit-fix) + 9140  [0x102c229bc]
    +           1740 svc_proc  (in ddjit-fix) + 3316  [0x102c30144]
    +             1740 futex_op  (in ddjit-fix) + 2544  [0x102c52ecc]
    +               1740 _pthread_cond_wait  (in libsystem_pthread.dylib) + 984  [0x18c0480dc]
    +                 1740 __psynch_cvwait  (in libsystem_kernel.dylib) + 8  [0x18c0084f8]
    1740 Thread_51021568
    + 1740 thread_start  (in libsystem_pthread.dylib) + 8  [0x18c042ba8]
    +   1740 _pthread_start  (in libsystem_pthread.dylib) + 136  [0x18c047c08]
    +     1740 thread_trampoline  (in ddjit-fix) + 24  [0x102c568a0]
    +       1740 run_guest  (in ddjit-fix) + 4112  [0x102c13b78]
    +         1740 service_local  (in ddjit-fix) + 9140  [0x102c229bc]
    +           1740 svc_proc  (in ddjit-fix) + 3316  [0x102c30144]
    +             1740 futex_op  (in ddjit-fix) + 2544  [0x102c52ecc]
    +               1740 _pthread_cond_wait  (in libsystem_pthread.dylib) + 984  [0x18c0480dc]
    +                 1740 __psynch_cvwait  (in libsystem_kernel.dylib) + 8  [0x18c0084f8]
    1740 Thread_51021569
    + 1740 thread_start  (in libsystem_pthread.dylib) + 8  [0x18c042ba8]
    +   1740 _pthread_start  (in libsystem_pthread.dylib) + 136  [0x18c047c08]
    +     1740 thread_trampoline  (in ddjit-fix) + 24  [0x102c568a0]
    +       1740 run_guest  (in ddjit-fix) + 4112  [0x102c13b78]
    +         1740 service_local  (in ddjit-fix) + 9140  [0x102c229bc]
    +           1740 svc_proc  (in ddjit-fix) + 3316  [0x102c30144]
    +             1740 futex_op  (in ddjit-fix) + 2544  [0x102c52ecc]
    +               1740 _pthread_cond_wait  (in libsystem_pthread.dylib) + 984  [0x18c0480dc]
    +                 1740 __psynch_cvwait  (in libsystem_kernel.dylib) + 8  [0x18c0084f8]
    1740 Thread_51021570
    + 1740 thread_start  (in libsystem_pthread.dylib) + 8  [0x18c042ba8]
    +   1740 _pthread_start  (in libsystem_pthread.dylib) + 136  [0x18c047c08]
    +     1740 thread_trampoline  (in ddjit-fix) + 24  [0x102c568a0]
    +       1740 run_guest  (in ddjit-fix) + 4112  [0x102c13b78]
    +         1740 service_local  (in ddjit-fix) + 9140  [0x102c229bc]
    +           1740 svc_proc  (in ddjit-fix) + 3316  [0x102c30144]
    +             1740 futex_op  (in ddjit-fix) + 2544  [0x102c52ecc]
    +               1740 _pthread_cond_wait  (in libsystem_pthread.dylib) + 984  [0x18c0480dc]
    +                 1740 __psynch_cvwait  (in libsystem_kernel.dylib) + 8  [0x18c0084f8]
    1740 Thread_51021571
    + 1740 thread_start  (in libsystem_pthread.dylib) + 8  [0x18c042ba8]
    +   1740 _pthread_start  (in libsystem_pthread.dylib) + 136  [0x18c047c08]
    +     1740 thread_trampoline  (in ddjit-fix) + 24  [0x102c568a0]
    +       1740 run_guest  (in ddjit-fix) + 4112  [0x102c13b78]
    +         1740 service_local  (in ddjit-fix) + 9140  [0x102c229bc]
    +           1740 svc_proc  (in ddjit-fix) + 3316  [0x102c30144]
    +             1740 futex_op  (in ddjit-fix) + 2544  [0x102c52ecc]
    +               1740 _pthread_cond_wait  (in libsystem_pthread.dylib) + 984  [0x18c0480dc]
    +                 1740 __psynch_cvwait  (in libsystem_kernel.dylib) + 8  [0x18c0084f8]
    1740 Thread_51021572
    + 1740 thread_start  (in libsystem_pthread.dylib) + 8  [0x18c042ba8]
    +   1740 _pthread_start  (in libsystem_pthread.dylib) + 136  [0x18c047c08]
    +     1740 thread_trampoline  (in ddjit-fix) + 24  [0x102c568a0]
    +       1740 run_guest  (in ddjit-fix) + 4112  [0x102c13b78]
    +         1740 service_local  (in ddjit-fix) + 9140  [0x102c229bc]
    +           1740 svc_proc  (in ddjit-fix) + 3316  [0x102c30144]
    +             1740 futex_op  (in ddjit-fix) + 2544  [0x102c52ecc]
    +               1740 _pthread_cond_wait  (in libsystem_pthread.dylib) + 984  [0x18c0480dc]
    +                 1740 __psynch_cvwait  (in libsystem_kernel.dylib) + 8  [0x18c0084f8]
    1740 Thread_51021573
    + 1740 thread_start  (in libsystem_pthread.dylib) + 8  [0x18c042ba8]
    +   1740 _pthread_start  (in libsystem_pthread.dylib) + 136  [0x18c047c08]
    +     1740 thread_trampoline  (in ddjit-fix) + 24  [0x102c568a0]
    +       1740 run_guest  (in ddjit-fix) + 4112  [0x102c13b78]
    +         1740 service_local  (in ddjit-fix) + 9216  [0x102c22a08]
    +           1740 svc_event  (in ddjit-fix) + 7440  [0x102c372fc]
    +             1740 poll  (in libsystem_kernel.dylib) + 8  [0x18c00d6c0]
    1740 Thread_51021574
      1740 thread_start  (in libsystem_pthread.dylib) + 8  [0x18c042ba8]
        1740 _pthread_start  (in libsystem_pthread.dylib) + 136  [0x18c047c08]
          1740 thread_trampoline  (in ddjit-fix) + 24  [0x102c568a0]
            1740 run_guest  (in ddjit-fix) + 4112  [0x102c13b78]
              1740 service_local  (in ddjit-fix) + 9216  [0x102c22a08]
                1740 svc_event  (in ddjit-fix) + 5084  [0x102c369c8]
                  1740 kevent  (in libsystem_kernel.dylib) + 8  [0x18c00af30]

Total number in stack (recursive counted multiple, when >=5):
        52       run_guest  (in ddjit-fix) + 4112  [0x102c13b78]
        51       _pthread_start  (in libsystem_pthread.dylib) + 136  [0x18c047c08]
        51       thread_start  (in libsystem_pthread.dylib) + 8  [0x18c042ba8]
        51       thread_trampoline  (in ddjit-fix) + 24  [0x102c568a0]
        47       __psynch_cvwait  (in libsystem_kernel.dylib) + 0  [0x18c0084f0]
        47       _pthread_cond_wait  (in libsystem_pthread.dylib) + 984  [0x18c0480dc]
        47       service_local  (in ddjit-fix) + 9140  [0x102c229bc]
        47       svc_proc  (in ddjit-fix) + 3316  [0x102c30144]
        30       futex_op  (in ddjit-fix) + 2544  [0x102c52ecc]
        17       futex_op  (in ddjit-fix) + 2108  [0x102c52d18]

Sort by top of stack, same collapsed (when >= 5):
        __psynch_cvwait  (in libsystem_kernel.dylib)        81780
        kevent  (in libsystem_kernel.dylib)        3480
        __pselect  (in libsystem_kernel.dylib)        1740
        poll  (in libsystem_kernel.dylib)        1740
        read  (in libsystem_kernel.dylib)        1740

Binary Images:
       0x102c08000 -        0x102c6afc7 +ddjit-fix (0) <C8805963-9142-3BB7-8287-2DEB088B5067> /Users/*/ddjit-fix
       0x18bbf0000 -        0x18bc434bb  libobjc.A.dylib (951.1) <9E66CFF2-3EBD-3242-8166-D5D0C204755B> /usr/lib/libobjc.A.dylib
       0x18bc44000 -        0x18bc74bcb  libdyld.dylib (1340) <D0CBB392-9301-3174-8904-D869F1D973CF> /usr/lib/system/libdyld.dylib
       0x18bc75000 -        0x18bd14713  dyld (1.0.0 - 1340) <044CD67E-3A0A-3CA4-8BB3-A9687D5328FE> /usr/lib/dyld
       0x18bd15000 -        0x18bd181d0  libsystem_blocks.dylib (96) <F1D9FC62-B5CE-3FB6-B264-B1933396C05F> /usr/lib/system/libsystem_blocks.dylib
       0x18bd19000 -        0x18bd6e07f  libxpc.dylib (3089.80.10) <3B264F68-2825-3790-8796-4B49581D6425> /usr/lib/system/libxpc.dylib
       0x18bd6f000 -        0x18bd8f95f  libsystem_trace.dylib (1815.80.2) <2CE5667A-97C5-35F3-8124-BB48185D0D3D> /usr/lib/system/libsystem_trace.dylib
       0x18bd90000 -        0x18be3cccf  libcorecrypto.dylib (1922.80.7) <A6FB5220-05F1-36A3-93CA-E45F15C98D3A> /usr/lib/system/libcorecrypto.dylib
       0x18be3d000 -        0x18be88c67  libsystem_malloc.dylib (792.80.2) <102061AD-AC62-30E9-A960-0CC2E38A2D5D> /usr/lib/system/libsystem_malloc.dylib
       0x18be89000 -        0x18becfe5f  libdispatch.dylib (1542.0.4) <4C58AB31-F363-3E75-A8F8-302105812DBF> /usr/lib/system/libdispatch.dylib
       0x18bed0000 -        0x18bed2feb  libsystem_featureflags.dylib (101) <36BE75BA-0B53-3ACA-ABAF-C639D711C90B> /usr/lib/system/libsystem_featureflags.dylib
       0x18bed3000 -        0x18bf55047  libsystem_c.dylib (1725.40.4) <EB569350-0696-3397-838E-0344948107C0> /usr/lib/system/libsystem_c.dylib
       0x18bf56000 -        0x18bfe8ea3  libc++.1.dylib (2000.67) <652836CA-32B1-3388-A72A-D6B90DDDA958> /usr/lib/libc++.1.dylib
       0x18bfe9000 -        0x18c00392f  libc++abi.dylib (2000.67) <580BCE60-F6A6-3764-BFE9-57A0DB800C54> /usr/lib/libc++abi.dylib
       0x18c004000 -        0x18c04049f  libsystem_kernel.dylib (12377.91.3) <78EC33A6-6330-3836-8900-EB90836936E8> /usr/lib/system/libsystem_kernel.dylib
       0x18c041000 -        0x18c04dacb  libsystem_pthread.dylib (539.80.3) <0596A7B6-BCE2-3F06-A2E8-3EAAB5371ED8> /usr/lib/system/libsystem_pthread.dylib
       0x18c04e000 -        0x18c0564af  libsystem_platform.dylib (359.80.2) <62C9CD37-272D-3D2D-9A1C-6F4EF24F7EC7> /usr/lib/system/libsystem_platform.dylib
       0x18c057000 -        0x18c086e23  libsystem_info.dylib (600) <05CCB208-0B54-38D8-B736-6C7043F446AA> /usr/lib/system/libsystem_info.dylib
       0x18c087000 -        0x18c5d02bf  com.apple.CoreFoundation (6.9 - 4302) <646518BB-A6E8-3DA7-AB32-9D97BCBDC25D> /System/Library/Frameworks/CoreFoundation.framework/Versions/A/CoreFoundation
       0x18c5d1000 -        0x18c8ec7bf  com.apple.LaunchServices (1141.1 - 1141.1) <F97A8838-1235-37F9-984E-5685FBBFB23B> /System/Library/Frameworks/CoreServices.framework/Versions/A/Frameworks/LaunchServices.framework/Versions/A/LaunchServices
       0x18c8ed000 -        0x18cad0d3f  com.apple.gpusw.MetalTools (1.0 - 1) <15A3C78C-DDC1-3B6B-82C6-A2066EEEBEDD> /System/Library/PrivateFrameworks/MetalTools.framework/Versions/A/MetalTools
       0x18cad1000 -        0x18d2b013f  libBLAS.dylib (1545.81.3) <564BF0A2-5703-303C-8C04-C7192B02F86D> /System/Library/Frameworks/Accelerate.framework/Versions/A/Frameworks/vecLib.framework/Versions/A/libBLAS.dylib
       0x18d2b1000 -        0x18d3c5adf  com.apple.Lexicon-framework (1.0 - 195.1.5) <6FAB22BC-822D-3CFC-88FA-6AB1FDA096E4> /System/Library/PrivateFrameworks/Lexicon.framework/Versions/A/Lexicon
       0x18d3c6000 -        0x18d538237  libSparse.dylib (184.80.2) <540DC1AE-7285-3272-9F22-7095E8ED1899> /System/Library/Frameworks/Accelerate.framework/Versions/A/Frameworks/vecLib.framework/Versions/A/libSparse.dylib
       0x18d539000 -        0x18d5cc6fb  com.apple.SystemConfiguration (1.21 - 1.21) <03D1F2EA-F649-3B3B-8BA0-69FFFE117405> /System/Library/Frameworks/SystemConfiguration.framework/Versions/A/SystemConfiguration
       0x18d5cd000 -        0x18d601fbb  libCRFSuite.dylib (55) <B9E5C113-D809-3E9B-ADED-BF338771D129> /usr/lib/libCRFSuite.dylib
       0x18d8da000 -        0x18e87dc1f  com.apple.Foundation (6.9 - 4302) <187E7913-B154-30A7-8070-852767AAC3CF> /System/Library/Frameworks/Foundation.framework/Versions/C/Foundation
       0x18ea3c000 -        0x18eb5fedf  com.apple.CoreDisplay (291.3 - 291.3) <545E233D-9D22-3997-9564-BC3E5A03E764> /System/Library/Frameworks/CoreDisplay.framework/Versions/A/CoreDisplay
       0x18eb60000 -        0x18ef2a4ff  com.apple.audio.AudioToolboxCore (1.0 - 1556.418.1) <2D1BAF76-D7C0-3E10-98B9-021ECBF3339C> /System/Library/PrivateFrameworks/AudioToolboxCore.framework/Versions/A/AudioToolboxCore
       0x18ef2b000 -        0x18f1578bf  com.apple.CoreText (877.3.0.1 - 877.3.0.1) <EB907A00-507D-36E0-A2D0-625D2B830957> /System/Library/Frameworks/CoreText.framework/Versions/A/CoreText
       0x18f158000 -        0x18f90939f  com.apple.audio.CoreAudio (5.0 - 5.0) <16B7552A-EAD3-374C-A642-5A11A7523189> /System/Library/Frameworks/CoreAudio.framework/Versions/A/CoreAudio
       0x18f90a000 -        0x18fd2e83f  com.apple.security (7.0 - 61901.80.25) <F2DC6225-1517-3285-8262-CF24DDE3678E> /System/Library/Frameworks/Security.framework/Versions/A/Security
       0x18fd2f000 -        0x19000056b  libicucore.A.dylib (76142.3.1.1) <255E234A-2B69-30EF-954B-2FF5A99A285E> /usr/lib/libicucore.A.dylib
       0x190001000 -        0x19000b397  libsystem_darwin.dylib (1725.40.4) <EAC9A3D8-2048-3E6A-BA11-77D1C25C0EF3> /usr/lib/system/libsystem_darwin.dylib
       0x19000c000 -        0x19030539f  com.apple.CoreServices.CarbonCore (1333 - 1333) <F5924C0D-5C7C-3587-9A43-C7048C2865AC> /System/Library/Frameworks/CoreServices.framework/Versions/A/Frameworks/CarbonCore.framework/Versions/A/CarbonCore
       0x190306000 -        0x1903464cb  com.apple.CoreServicesInternal (505 - 505) <BBD8DD43-3E71-3344-99FF-D3C698DD0305> /System/Library/PrivateFrameworks/CoreServicesInternal.framework/Versions/A/CoreServicesInternal
       0x190347000 -        0x190386bbf  com.apple.CSStore (1141.1 - 1141.1) <31ABD7AC-0E11-3DC4-B501-B064A1249992> /System/Library/PrivateFrameworks/CoreServicesStore.framework/Versions/A/CoreServicesStore
       0x190387000 -        0x19047163f  com.apple.framework.IOKit (2.0.2 - 100222.80.4) <D3872802-A97B-3B16-B110-3828CD151702> /System/Library/Frameworks/IOKit.framework/Versions/A/IOKit
       0x190472000 -        0x190483ff3  libsystem_notify.dylib (344.0.1) <73D7BFA7-9433-3ECD-929F-06220C37F214> /usr/lib/system/libsystem_notify.dylib
       0x191dc8000 -        0x191dde1df  com.apple.UniformTypeIdentifiers (709 - 709) <EC5271F7-8C18-347C-9DAA-8590E068E8FF> /System/Library/Frameworks/UniformTypeIdentifiers.framework/Versions/A/UniformTypeIdentifiers
       0x1922bd000 -        0x192391e5f  libboringssl.dylib (532.80.2) <BD4F0F25-2ABF-38B1-A9C6-2C7DB0BFB44B> /usr/lib/libboringssl.dylib
       0x192392000 -        0x19274da3f  com.apple.CFNetwork (1.0 - 3860.400.51) <708EB37B-5A66-3845-8BC8-29F429A3BC4E> /System/Library/Frameworks/CFNetwork.framework/Versions/A/CFNetwork
       0x19274e000 -        0x192768fdb  libsystem_networkextension.dylib (2205.81.1) <645A9697-79B5-3E35-A642-5FFDD53CB6A7> /usr/lib/system/libsystem_networkextension.dylib
       0x192769000 -        0x19276a067  libenergytrace.dylib (23) <6983B383-07F2-39CE-A1B3-BCB8B2AEF1B4> /usr/lib/libenergytrace.dylib
       0x19276b000 -        0x1927eb87f  libMobileGestalt.dylib (1462.80.9) <F0CE855D-F582-396D-843F-956572409B32> /usr/lib/libMobileGestalt.dylib
       0x1927ec000 -        0x192803ff3  libsystem_asl.dylib (406) <2A30FE38-5014-334B-941B-579054EA8C1E> /usr/lib/system/libsystem_asl.dylib
       0x192804000 -        0x192828c77  com.apple.TCC (1.0 - 1) <2BE6A2E2-A205-35D1-A802-FFAA38E1A91A> /System/Library/PrivateFrameworks/TCC.framework/Versions/A/TCC
       0x192829000 -        0x192defeff  com.apple.SkyLight (1.600.0 - 920.9.17) <0FDB8257-4BAD-3259-B1D8-0EF23EC53232> /System/Library/PrivateFrameworks/SkyLight.framework/Versions/A/SkyLight
       0x192df0000 -        0x193549f5f  com.apple.CoreGraphics (2.0 - 1965.3.5) <B8CC9D87-245A-3618-B5BC-510DB3AB3D7D> /System/Library/Frameworks/CoreGraphics.framework/Versions/A/CoreGraphics
       0x19354a000 -        0x1936f524b  com.apple.ColorSync (4.13.0 - 3813.3.3) <46D2669A-6F71-3861-B4F9-08C5BF79F880> /System/Library/Frameworks/ColorSync.framework/Versions/A/ColorSync
       0x193b54000 -        0x193f3eddf  com.apple.CoreData (120 - 1525) <2AEC49EA-6D54-31A7-A5CC-464FC045E850> /System/Library/Frameworks/CoreData.framework/Versions/A/CoreData
       0x193f3f000 -        0x193f5ac1f  com.apple.ProtocolBuffer (1 - 310.23.11.13.1) <900999B5-252D-3CC0-ABC3-BF6341749462> /System/Library/PrivateFrameworks/ProtocolBuffer.framework/Versions/A/ProtocolBuffer
       0x193f5b000 -        0x1941423f3  libsqlite3.dylib (381) <4B2A53D8-FDF5-3D5E-8FDE-3D87C905D5CB> /usr/lib/libsqlite3.dylib
       0x1941e4000 -        0x1942d4fbf  com.apple.BaseBoard (732.1.1 - 732.1.1) <B44000BE-3B72-32DD-9D19-F8EF38BC41BB> /System/Library/PrivateFrameworks/BaseBoard.framework/Versions/A/BaseBoard
       0x1942d5000 -        0x1943400df  com.apple.RunningBoardServices (1.0 - 1008.80.2) <5E2ACA43-C13C-38CC-BBCB-063FE8FBC21D> /System/Library/PrivateFrameworks/RunningBoardServices.framework/Versions/A/RunningBoardServices
       0x194341000 -        0x1943b55f7  com.apple.AE (944 - 944) <C2E75873-78F4-33BE-B63B-D211345BAC66> /System/Library/Frameworks/CoreServices.framework/Versions/A/Frameworks/AE.framework/Versions/A/AE
       0x1943b6000 -        0x1943c7507  libdns_services.dylib (2881.80.4.0.1) <27DAB64C-4397-3D9A-8C31-774B6B218868> /usr/lib/libdns_services.dylib
       0x1943c8000 -        0x1943d03b7  libsystem_symptoms.dylib (2158.80.11) <ED7EEE1F-0CA6-30CF-9A27-7440EE0661BC> /usr/lib/system/libsystem_symptoms.dylib
       0x1943d1000 -        0x1958a6f3f  com.apple.Network (1.0 - 5569.81.5) <CACE282D-F415-3C6F-89FC-1365CA16706C> /System/Library/Frameworks/Network.framework/Versions/A/Network
       0x1958a7000 -        0x1958d6d5f  com.apple.analyticsd (1.0 - 1) <5DC2D1D6-8EB5-36B9-981D-BAEA1E9476D9> /System/Library/PrivateFrameworks/CoreAnalytics.framework/Versions/A/CoreAnalytics
       0x1958d7000 -        0x1958d88d3  libDiagnosticMessagesClient.dylib (113) <DD4A6220-3407-350B-8D5F-FA1ADCB39952> /usr/lib/libDiagnosticMessagesClient.dylib
       0x1958d9000 -        0x19593ea7f  com.apple.spotlight.metadata.utilities (1.0 - 2400.22.400) <85E8979D-486F-3546-ACEC-06D355251996> /System/Library/PrivateFrameworks/MetadataUtilities.framework/Versions/A/MetadataUtilities
       0x19593f000 -        0x1959caa1f  com.apple.Metadata (26.3 - 2400.22.400) <2D1C8E95-68CA-3095-A49B-5C945F183DBF> /System/Library/Frameworks/CoreServices.framework/Versions/A/Frameworks/Metadata.framework/Versions/A/Metadata
       0x1959cb000 -        0x1959d421b  com.apple.DiskArbitration (2.7 - 2.7) <B701A629-BD07-3576-91A4-F8B1F722FD53> /System/Library/Frameworks/DiskArbitration.framework/Versions/A/DiskArbitration
       0x1959d5000 -        0x195e0b5f7  com.apple.vImage (8.1 - 632) <A50F1C82-677F-3E79-9B0B-43D39D30113C> /System/Library/Frameworks/Accelerate.framework/Versions/A/Frameworks/vImage.framework/Versions/A/vImage
       0x195e0c000 -        0x19622d37f  com.apple.QuartzCore (1194.10.15 - 1194.10.15) <69E28FBA-4743-3B08-A63F-620335513F7C> /System/Library/Frameworks/QuartzCore.framework/Versions/A/QuartzCore
       0x19622e000 -        0x19628003f  libFontRegistry.dylib (408.2.0.1) <686EE750-F52F-3D79-BF53-A5A47DFA0980> /System/Library/Frameworks/ApplicationServices.framework/Versions/A/Frameworks/ATS.framework/Versions/A/Resources/libFontRegistry.dylib
       0x19654d000 -        0x19655aaff  com.apple.OpenDirectory (26.3 - 646) <867BD0BC-3AAE-37D3-B9BC-8D9D26D1A693> /System/Library/Frameworks/OpenDirectory.framework/Versions/A/OpenDirectory
       0x19655b000 -        0x196579137  com.apple.CFOpenDirectory (26.3 - 646) <1D13D354-A6E4-3D09-8767-178BBCCE7160> /System/Library/Frameworks/OpenDirectory.framework/Versions/A/Frameworks/CFOpenDirectory.framework/Versions/A/CFOpenDirectory
       0x19657a000 -        0x19658792b  com.apple.CoreServices.FSEvents (1407.80.2 - 1407.80.2) <F8754C4B-98C2-3620-906B-867CF819D573> /System/Library/Frameworks/CoreServices.framework/Versions/A/Frameworks/FSEvents.framework/Versions/A/FSEvents
       0x196588000 -        0x1965b10ff  com.apple.coreservices.SharedFileList (225 - 225) <EAA673A4-01C4-3DD7-8902-88DBCA5ACC44> /System/Library/Frameworks/CoreServices.framework/Versions/A/Frameworks/SharedFileList.framework/Versions/A/SharedFileList
       0x1965b2000 -        0x1965b50af  libapp_launch_measurement.dylib (17) <E586AFBF-3D19-363E-844B-ADF95B70C5FE> /usr/lib/libapp_launch_measurement.dylib
       0x1965b6000 -        0x1965ff69f  com.apple.CoreAutoLayout (1.0 - 34) <6F184B7A-746A-36C0-B719-55D72DC851BB> /System/Library/PrivateFrameworks/CoreAutoLayout.framework/Versions/A/CoreAutoLayout
       0x196600000 -        0x1966e6a5b  libxml2.2.dylib (39.10) <9322DDA4-E883-3780-A6A7-BEE37F52CD1D> /usr/lib/libxml2.2.dylib
       0x1966e7000 -        0x19676b01f  com.apple.CoreVideo (1.8 - 726.2) <67098F59-D15B-3748-BCB9-C8041CE75424> /System/Library/Frameworks/CoreVideo.framework/Versions/A/CoreVideo
       0x19676c000 -        0x19676ef5f  com.apple.loginsupport (3.0 - 264.3.1) <71298A1B-E10D-30A6-B573-7C9BE5744467> /System/Library/PrivateFrameworks/login.framework/Versions/A/Frameworks/loginsupport.framework/Versions/A/loginsupport
       0x1967ad000 -        0x1967d94df  com.apple.UserManagement (1.0 - 1) <541127CD-DCC7-398E-9D5F-E60E970BB70D> /System/Library/PrivateFrameworks/UserManagement.framework/Versions/A/UserManagement
       0x198392000 -        0x1983ca2bb  libsystem_containermanager.dylib (725.80.5) <1DDF96F6-6A8A-33F5-8691-8D3356620687> /usr/lib/system/libsystem_containermanager.dylib
       0x1983cb000 -        0x1983e749f  com.apple.IOSurface (393.3.2 - 393.3.2) <ED424459-9711-3A8F-858E-142088C61B60> /System/Library/Frameworks/IOSurface.framework/Versions/A/IOSurface
       0x1983e8000 -        0x1983f201f  com.apple.IOAccelerator (487.0.2 - 487.0.2) <307B667F-29EB-3CD3-B7F8-13083B4DB1AB> /System/Library/PrivateFrameworks/IOAccelerator.framework/Versions/A/IOAccelerator
       0x1983f3000 -        0x1986d6b9f  com.apple.Metal (371.5 - 371.5) <295341EE-1E42-3550-BD7E-D6B108112BCD> /System/Library/Frameworks/Metal.framework/Versions/A/Metal
       0x1986d7000 -        0x1986ffd7f  com.apple.audio.caulk (1.0 - 214) <67D6BCC2-F024-388E-B546-B1C2FE6F0DDC> /System/Library/PrivateFrameworks/caulk.framework/Versions/A/caulk
       0x198700000 -        0x1988bcfbf  com.apple.CoreMedia (1.0 - 3300.7.1.5.1) <BC6763E1-95CE-3468-B7A4-529DFCFC75EA> /System/Library/Frameworks/CoreMedia.framework/Versions/A/CoreMedia
       0x1988bd000 -        0x198b8ea9f  libFontParser.dylib (435.2.0.1) <7172761E-55AC-34C9-880E-47EB02EE5AC5> /System/Library/PrivateFrameworks/FontServices.framework/libFontParser.dylib
       0x198eec000 -        0x19923ab1f  com.apple.ImageIO (3.3.0 - 2784.3.4) <AEAEEEC1-C9BB-3338-B807-BBBFA7270FA1> /System/Library/Frameworks/ImageIO.framework/Versions/A/ImageIO
       0x19923b000 -        0x1997329df  com.apple.CoreImage (19.0.0 - 1592.80.2) <15BD3884-9208-3178-ACC7-8015DBF81493> /System/Library/Frameworks/CoreImage.framework/Versions/A/CoreImage
       0x199733000 -        0x1997e759f  com.apple.MetalPerformanceShaders.MPSCore (1.0 - 1) <7946CBB0-6AC7-3748-BC29-AAB73F4BE22F> /System/Library/Frameworks/MetalPerformanceShaders.framework/Versions/A/Frameworks/MPSCore.framework/Versions/A/MPSCore
       0x1997e8000 -        0x1997ec66f  libsystem_configuration.dylib (1385.80.4) <E5837A49-4BF9-3D25-8671-A6174223010A> /usr/lib/system/libsystem_configuration.dylib
       0x1997ed000 -        0x1997f36a7  libsystem_sandbox.dylib (2680.80.20) <8875D51A-D22D-3A6B-9A17-8D565C96262C> /usr/lib/system/libsystem_sandbox.dylib
       0x1997f4000 -        0x1997f517f  com.apple.AggregateDictionary (1.0 - 1) <A3D1EC6F-A05D-3304-B76F-71D387D1211E> /System/Library/PrivateFrameworks/AggregateDictionary.framework/Versions/A/AggregateDictionary
       0x1997f6000 -        0x1997fa59f  com.apple.AppleSystemInfo (3.1.5 - 3.1.5) <7566E13C-3993-39D3-BE5B-1F199AE3B75E> /System/Library/PrivateFrameworks/AppleSystemInfo.framework/Versions/A/AppleSystemInfo
       0x1997fb000 -        0x1997fc44f  liblangid.dylib (140) <3FF4383E-F460-3EEE-BF4E-3CEC36E85223> /usr/lib/liblangid.dylib
       0x1997fd000 -        0x19991ec5f  com.apple.CoreNLP (1.0 - 313) <C0892436-8659-3777-B045-47008F325656> /System/Library/PrivateFrameworks/CoreNLP.framework/Versions/A/CoreNLP
       0x19991f000 -        0x1999259bf  com.apple.LinguisticData (1.0 - 483.10) <52B8AC2F-033F-38B8-A8CA-CC4EA962700B> /System/Library/PrivateFrameworks/LinguisticData.framework/Versions/A/LinguisticData
       0x199926000 -        0x19a90d573  libBNNS.dylib (1860.81.1) <C9713301-568D-30CC-9EDF-ACF28AC686CF> /System/Library/Frameworks/Accelerate.framework/Versions/A/Frameworks/vecLib.framework/Versions/A/libBNNS.dylib
       0x19a90e000 -        0x19aa4743f  libvDSP.dylib (1123.80.6) <6EBE55CA-86CC-3BE2-B08E-DE16B3CD241A> /System/Library/Frameworks/Accelerate.framework/Versions/A/Frameworks/vecLib.framework/Versions/A/libvDSP.dylib
       0x19aa7e000 -        0x19aa8f643  com.apple.IOMobileFramebuffer (343.0.0 - 343.0.0) <4AEA2926-6908-34BD-9DE1-C3DB527A2C96> /System/Library/PrivateFrameworks/IOMobileFramebuffer.framework/Versions/A/IOMobileFramebuffer
       0x19ac8f000 -        0x19aca685f  com.apple.MobileKeyBag (2.0 - 1.0) <5627A8E0-F88A-3782-AD44-0E86692C1D95> /System/Library/PrivateFrameworks/MobileKeyBag.framework/Versions/A/MobileKeyBag
       0x19aca7000 -        0x19acb519f  com.apple.AssertionServices (1.0 - 1008.80.2) <A8EEEADF-31FD-3864-8A58-1AD15FCDD2E1> /System/Library/PrivateFrameworks/AssertionServices.framework/Versions/A/AssertionServices
       0x19acb6000 -        0x19ad48ebf  com.apple.securityfoundation (6.0 - 55293) <C44B4193-0CA3-3428-88E3-2F0FE536E172> /System/Library/Frameworks/SecurityFoundation.framework/Versions/A/SecurityFoundation
       0x19ad49000 -        0x19ad7abff  com.apple.coreservices.BackgroundTaskManagement (1.0 - 104) <7BB3D657-C9C4-3C3F-813D-E1CB09D70679> /System/Library/PrivateFrameworks/BackgroundTaskManagement.framework/Versions/A/BackgroundTaskManagement
       0x19ad86000 -        0x19ad891fb  libquarantine.dylib (196.40.3) <84049E82-ACDC-39F3-A2D7-6ECB912B825A> /usr/lib/system/libquarantine.dylib
       0x19ad8a000 -        0x19ad95323  libCheckFix.dylib (33) <0A61336F-1415-3E48-93D3-1A15A9EF3AF0> /usr/lib/libCheckFix.dylib
       0x19ad96000 -        0x19adad6db  libcoretls.dylib (187.80.1) <18114049-42B5-38B8-997F-B0989E680C7D> /usr/lib/libcoretls.dylib
       0x19adae000 -        0x19adbf2eb  libbsm.0.dylib (90) <8068587D-B142-38EC-8386-93F296956286> /usr/lib/libbsm.0.dylib
       0x19adc0000 -        0x19ae20edb  libmecab.dylib (1121) <B076B7F6-0A81-367E-9F65-F4CAF22BB4C0> /usr/lib/libmecab.dylib
       0x19ae21000 -        0x19ae2343b  libgermantok.dylib (31) <152FE5FE-9E55-3635-8254-635B60AEED43> /usr/lib/libgermantok.dylib
       0x19ae24000 -        0x19ae3847f  libLinearAlgebra.dylib (1545.81.3) <1EDCFF88-F2BE-30DC-BFA7-57910ACFE520> /System/Library/Frameworks/Accelerate.framework/Versions/A/Frameworks/vecLib.framework/Versions/A/libLinearAlgebra.dylib
       0x19ae39000 -        0x19b085b7f  com.apple.MetalPerformanceShaders.MPSNeuralNetwork (1.0 - 1) <3DE709B6-4214-33FA-9BD2-B573C155BFEA> /System/Library/Frameworks/MetalPerformanceShaders.framework/Versions/A/Frameworks/MPSNeuralNetwork.framework/Versions/A/MPSNeuralNetwork
       0x19b086000 -        0x19b0da6bf  com.apple.MetalPerformanceShaders.MPSRayIntersector (1.0 - 1) <24304BCD-61A8-3476-B846-EE05A63A0D16> /System/Library/Frameworks/MetalPerformanceShaders.framework/Versions/A/Frameworks/MPSRayIntersector.framework/Versions/A/MPSRayIntersector
       0x19b271000 -        0x19b2a247f  com.apple.MetalPerformanceShaders.MPSMatrix (1.0 - 1) <B4837302-DC97-3D70-96E0-221AC7CE39F0> /System/Library/Frameworks/MetalPerformanceShaders.framework/Versions/A/Frameworks/MPSMatrix.framework/Versions/A/MPSMatrix
       0x19b2a3000 -        0x19b467ebf  com.apple.MetalPerformanceShaders.MPSNDArray (1.0 - 1) <6E99C598-E6C7-3A95-B240-928E4AD4C27D> /System/Library/Frameworks/MetalPerformanceShaders.framework/Versions/A/Frameworks/MPSNDArray.framework/Versions/A/MPSNDArray
       0x19b468000 -        0x19b4fc7bf  com.apple.MetalPerformanceShaders.MPSImage (1.0 - 1) <39FA708C-6D38-36E7-89B2-8E8482AC7CA9> /System/Library/Frameworks/MetalPerformanceShaders.framework/Versions/A/Frameworks/MPSImage.framework/Versions/A/MPSImage
       0x19b4fd000 -        0x19b508343  com.apple.AppleFSCompression (174 - 1.0) <0634E802-D138-3EC4-BDBF-116A76242920> /System/Library/PrivateFrameworks/AppleFSCompression.framework/Versions/A/AppleFSCompression
       0x19b509000 -        0x19b515983  libbz2.1.0.dylib (47) <1701C215-5001-3C8F-B688-FB5257761C7C> /usr/lib/libbz2.1.0.dylib
       0x19b516000 -        0x19b51d00b  libsystem_coreservices.dylib (191.3.3) <94151A03-8600-3318-8719-103E2D5E83A5> /usr/lib/system/libsystem_coreservices.dylib
       0x19b51e000 -        0x19b5502bf  com.apple.CoreServices.OSServices (1141.1 - 1141.1) <343A1CEB-1677-33E5-8D4B-7423DEC58316> /System/Library/Frameworks/CoreServices.framework/Versions/A/Frameworks/OSServices.framework/Versions/A/OSServices
       0x19ba60000 -        0x19ba6f18f  libz.1.dylib (100) <995A8B0F-E8BA-347F-A403-1023361B58DE> /usr/lib/libz.1.dylib
       0x19ba70000 -        0x19baad8b7  libsystem_m.dylib (3309) <9B88F30F-0BEF-391B-A358-8D1E2B08CCBE> /usr/lib/system/libsystem_m.dylib
       0x19baae000 -        0x19baaec9b  libcharset.1.dylib (113) <C89EE3DE-04DA-3C9D-92A4-CE56625E1B9A> /usr/lib/libcharset.1.dylib
       0x19baaf000 -        0x19bab2537  libmacho.dylib (1030.6.3) <D84C5B4C-6EE5-3B2D-8B96-DCA5B83EC11D> /usr/lib/system/libmacho.dylib
       0x19bab3000 -        0x19bacbdfb  libkxld.dylib (12377.91.3) <7D797DED-11BB-3615-AD4A-B8CEF47CEE43> /usr/lib/system/libkxld.dylib
       0x19bacc000 -        0x19bad961f  libcommonCrypto.dylib (600035) <04C03765-D34A-311F-AE1E-CFBB1E627E54> /usr/lib/system/libcommonCrypto.dylib
       0x19bada000 -        0x19bae3b0b  libunwind.dylib (1900.125) <F8A54A94-01E7-32FD-8CBD-A6E62CE80120> /usr/lib/system/libunwind.dylib
       0x19bae4000 -        0x19baeb319  liboah.dylib (367.3) <5315C55D-09E5-394B-A9E5-672B23847BF7> /usr/lib/liboah.dylib
       0x19baec000 -        0x19baf66ff  libcopyfile.dylib (230.0.1.0.1) <4EBDFB06-9F51-3FEF-A4D8-B1AFB9D0E823> /usr/lib/system/libcopyfile.dylib
       0x19baf7000 -        0x19bafa95f  libcompiler_rt.dylib (103.3) <55AFEF28-E352-38B8-ACD6-60B67AA83B68> /usr/lib/system/libcompiler_rt.dylib
       0x19bafb000 -        0x19baffa1b  libsystem_collections.dylib (1725.40.4) <17BD45DA-1D82-3A90-9F18-5D569A5693B5> /usr/lib/system/libsystem_collections.dylib
       0x19bb00000 -        0x19bb034bf  libsystem_secinit.dylib (168.40.2) <0928D7E4-5DB0-3B75-9DF5-08EC8E9C033B> /usr/lib/system/libsystem_secinit.dylib
       0x19bb04000 -        0x19bb06b57  libremovefile.dylib (84) <D854E7F8-C351-331B-9A26-BE66F9B8996D> /usr/lib/system/libremovefile.dylib
       0x19bb07000 -        0x19bb07f27  libkeymgr.dylib (31) <18ED97A3-6DD7-3EC2-AB38-E16A862BE1A7> /usr/lib/system/libkeymgr.dylib
       0x19bb08000 -        0x19bb10f8f  libsystem_dnssd.dylib (2881.80.4.0.1) <A3401BB5-786C-32DC-A9A0-E8405AE9E0CD> /usr/lib/system/libsystem_dnssd.dylib
       0x19bb11000 -        0x19bb160b3  libcache.dylib (95) <EA56E91F-7683-3AA5-AF72-185994622502> /usr/lib/system/libcache.dylib
       0x19bb17000 -        0x19bb18cf3  libSystem.B.dylib (1356) <44B9EC51-9AC9-3D3B-A7F8-DEB02133130A> /usr/lib/libSystem.B.dylib
       0x19bb19000 -        0x19bb1b03f  libfakelink.dylib (5) <7C244DA6-8C2F-3E66-BE8E-AEFA05DFD0EB> /usr/lib/libfakelink.dylib
       0x19bb1c000 -        0x19bb1ca63  com.apple.SoftLinking (1.0 - 67) <9E5D4C80-C0A3-3F6C-8185-0FE3E0C01004> /System/Library/PrivateFrameworks/SoftLinking.framework/Versions/A/SoftLinking
       0x19bb52000 -        0x19bb591bb  libiconv.2.dylib (113) <91928A6D-E098-3B69-B8BB-024C1AED3F71> /usr/lib/libiconv.2.dylib
       0x19bb6d000 -        0x19bc64b7f  libarchive.2.dylib (160.60.3) <980CBA3C-08C6-39E5-BF56-75C2589FC55B> /usr/lib/libarchive.2.dylib
       0x19bc65000 -        0x19bccc7cf  com.apple.SearchKit (1.4.2 - 1.4.2) <7D22A101-B83E-3645-B57E-23C5DCCB9FD4> /System/Library/Frameworks/CoreServices.framework/Versions/A/Frameworks/SearchKit.framework/Versions/A/SearchKit
       0x19bccd000 -        0x19bcd50ff  libThaiTokenizer.dylib (28) <180E7D93-7AB6-3D9C-ABEA-A559E87149E9> /usr/lib/libThaiTokenizer.dylib
       0x19bcd6000 -        0x19bcf9b67  com.apple.applesauce (1.0 - 17.1) <122E6050-C663-3F97-A1B7-152CC75ED245> /System/Library/PrivateFrameworks/AppleSauce.framework/Versions/A/AppleSauce
       0x19bcfa000 -        0x19bd1222b  libapple_nghttp2.dylib (37) <8CD32C25-599A-38F7-AE08-1066E92ACC77> /usr/lib/libapple_nghttp2.dylib
       0x19bd13000 -        0x19bd39dcf  libSparseBLAS.dylib (1545.81.3) <E9E24E7F-E646-37EA-A519-B0317EDC7C93> /System/Library/Frameworks/Accelerate.framework/Versions/A/Frameworks/vecLib.framework/Versions/A/libSparseBLAS.dylib
       0x19bd3a000 -        0x19bd3b63f  com.apple.MetalPerformanceShaders.MetalPerformanceShaders (1.0 - 1) <7F88DED0-627A-3CCC-85EE-ECDB75EDDE44> /System/Library/Frameworks/MetalPerformanceShaders.framework/Versions/A/MetalPerformanceShaders
       0x19bd3c000 -        0x19bd4202f  libpam.2.dylib (35) <22AC6D45-CC44-35F8-A8BB-A19B2FA672AB> /usr/lib/libpam.2.dylib
       0x19bd43000 -        0x19be1414f  libcompression.dylib (190.40.2) <23B871E6-DCDD-3B96-9A12-A71956C7B8B8> /usr/lib/libcompression.dylib
       0x19be15000 -        0x19be191f7  libQuadrature.dylib (8) <398729C1-1FC1-3D03-A8E3-8BF23633F2F2> /System/Library/Frameworks/Accelerate.framework/Versions/A/Frameworks/vecLib.framework/Versions/A/libQuadrature.dylib
       0x19be1a000 -        0x19d08559f  libLAPACK.dylib (1545.81.3) <3FAAACBF-A8BA-3F64-BA51-9D8AEF63865F> /System/Library/Frameworks/Accelerate.framework/Versions/A/Frameworks/vecLib.framework/Versions/A/libLAPACK.dylib
       0x19d086000 -        0x19d0dd75f  com.apple.DictionaryServices (1.2 - 373) <86707711-20C7-3291-9980-E4A705779A93> /System/Library/Frameworks/CoreServices.framework/Versions/A/Frameworks/DictionaryServices.framework/Versions/A/DictionaryServices
       0x19d0de000 -        0x19d0fc88f  liblzma.5.dylib (21) <FC6DCDF3-5995-3B58-B7C4-D051C8DA1078> /usr/lib/liblzma.5.dylib
       0x19d0fd000 -        0x19d0fe86f  libcoretls_cfhelpers.dylib (187.80.1) <E73C2CF5-8828-3C09-9709-6FD6A1BFABD2> /usr/lib/libcoretls_cfhelpers.dylib
       0x19d0ff000 -        0x19d16ed23  com.apple.APFS (2632.80.1 - 2632.80.1) <FB56436F-A54C-39FE-93C8-6126ED3CBE06> /System/Library/PrivateFrameworks/APFS.framework/Versions/A/APFS
       0x19d16f000 -        0x19d17d65b  libxar.1.dylib (501) <17ABD5B4-4168-35BB-883C-7C05E0222CB9> /usr/lib/libxar.1.dylib
       0x19d17e000 -        0x19d1818bb  libutil.dylib (73) <F2A7228B-0166-3073-8E64-5D768EA1916A> /usr/lib/libutil.dylib
       0x19d182000 -        0x19d1ace37  libxslt.1.dylib (21.13) <7D50C051-EA26-33B6-A0CF-8F55C66D75FB> /usr/lib/libxslt.1.dylib
       0x19d1b5000 -        0x19d22f107  libvMisc.dylib (1123.80.6) <196E2EBC-C3FB-341D-8434-F41016DC7D58> /System/Library/Frameworks/Accelerate.framework/Versions/A/Frameworks/vecLib.framework/Versions/A/libvMisc.dylib
       0x19d230000 -        0x19d2c04ff  libate.dylib (3.0.9) <7CE7E760-0CBE-35D8-9BC9-408CEBEEC8F9> /usr/lib/libate.dylib
       0x19d2ca000 -        0x19d2dd49f  com.apple.CrashReporterSupport (10.13 - 15138) <4BC3F138-9AB3-341B-B8E4-41E205A17446> /System/Library/PrivateFrameworks/CrashReporterSupport.framework/Versions/A/CrashReporterSupport
       0x19d421000 -        0x19d46281f  com.apple.pluginkit.framework (1.0 - 1) <1703231D-AD76-34E0-8554-AB7516D250A6> /System/Library/PrivateFrameworks/PlugInKit.framework/Versions/A/PlugInKit
       0x19d4d9000 -        0x19d521ee7  com.apple.AppleVAFramework (6.2.10 - 6.2.10) <3371B6E3-D5B1-39FD-A01A-C4AC3A5F9AB2> /System/Library/PrivateFrameworks/AppleVA.framework/Versions/A/AppleVA
       0x19d522000 -        0x19d53cd17  libexpat.1.dylib (45) <EA037ED9-9231-336B-B34A-6D1E4572A673> /usr/lib/libexpat.1.dylib
       0x19d53d000 -        0x19d546bab  libheimdal-asn1.dylib (710.0.1) <80BC30C5-A36C-32FE-A229-D811538D2CBF> /usr/lib/libheimdal-asn1.dylib
       0x19d665000 -        0x19d72781f  com.apple.MediaExperience (1.0 - 1) <71583743-16EE-3710-A817-7578D95710AE> /System/Library/PrivateFrameworks/MediaExperience.framework/Versions/A/MediaExperience
       0x19d754000 -        0x19d76381f  com.apple.GraphVisualizer (1.0 - 307) <B4F4AB5F-8A32-34A2-87F6-F960B831576E> /System/Library/PrivateFrameworks/GraphVisualizer.framework/Versions/A/GraphVisualizer
       0x19d764000 -        0x19d7a461f  com.apple.OTSVG (1.0 - 877.3.0.1) <193C67AB-6D1B-39AE-BA5F-FC5A01A3D496> /System/Library/PrivateFrameworks/OTSVG.framework/Versions/A/OTSVG
       0x19d7a5000 -        0x19d7b1c5f  com.apple.xpc.AppServerSupport (1.0 - 3089.80.10) <3B17D32E-406A-3F63-9A05-3600EA639945> /System/Library/PrivateFrameworks/AppServerSupport.framework/Versions/A/AppServerSupport
       0x19d7b2000 -        0x19d7b8bdf  libspindump.dylib (412.0.1) <C1B32465-98DD-3033-8BFC-EFC0B3205225> /usr/lib/libspindump.dylib
       0x19d7b9000 -        0x19d879f3f  com.apple.Heimdal (4.0 - 2.0) <220BDA49-10B5-3B84-92E1-4F215343EB64> /System/Library/PrivateFrameworks/Heimdal.framework/Versions/A/Heimdal
       0x19db40000 -        0x19db84da7  com.apple.AppleJPEG (1.0 - 1) <54D9430E-9FF9-39FD-8088-B9E2BF558B48> /System/Library/PrivateFrameworks/AppleJPEG.framework/Versions/A/AppleJPEG
       0x19db85000 -        0x19dd5718f  libJP2.dylib (2784.3.7) <A3566B1B-5C73-346D-A299-77711BB7822E> /System/Library/Frameworks/ImageIO.framework/Versions/A/Resources/libJP2.dylib
       0x19dd58000 -        0x19dd59e37  com.apple.WatchdogClient.framework (1.0 - 323.80.7) <90799AEF-3884-3CD7-BAB9-DAE0B2118FB6> /System/Library/PrivateFrameworks/WatchdogClient.framework/Versions/A/WatchdogClient
       0x19dd5a000 -        0x19dd9febf  com.apple.MultitouchSupport.framework (9430.5 - 9430.5) <40D691BB-9166-31E0-959E-351863FF09A0> /System/Library/PrivateFrameworks/MultitouchSupport.framework/Versions/A/MultitouchSupport
       0x19dda0000 -        0x19e315f1f  com.apple.VideoToolbox (1.0 - 3300.7.1.5.1) <7550E54C-1021-3DFE-A5F3-161E1D5B109E> /System/Library/Frameworks/VideoToolbox.framework/Versions/A/VideoToolbox
       0x19e316000 -        0x19e33b6d7  libAudioToolboxUtility.dylib (1556.418.1) <74DDD6F9-F92D-3BAA-919E-2EBCC7BE0BB4> /usr/lib/libAudioToolboxUtility.dylib
       0x19e33c000 -        0x19e367077  libPng.dylib (2784.3.7) <C5FC4D16-2285-3EF1-85FF-25A837CAC02B> /System/Library/Frameworks/ImageIO.framework/Versions/A/Resources/libPng.dylib
       0x19e368000 -        0x19e3c9c67  libTIFF.dylib (2784.3.7) <418A0AEE-D3B8-3D1F-BAF9-DD4992BDDBBB> /System/Library/Frameworks/ImageIO.framework/Versions/A/Resources/libTIFF.dylib
       0x19e3ca000 -        0x19e3e9d2b  com.apple.IOPresentment (67 - 67) <D1431263-C011-3735-911B-57FCC6A8D8F0> /System/Library/PrivateFrameworks/IOPresentment.framework/Versions/A/IOPresentment
       0x19e3ea000 -        0x19e3ee803  com.apple.GPUWrangler (8.1.12 - 8.1.12) <16796BF6-20AE-3970-804E-4411E5916C36> /System/Library/PrivateFrameworks/GPUWrangler.framework/Versions/A/GPUWrangler
       0x19e3ef000 -        0x19e3f194b  libRadiance.dylib (2784.3.7) <27ED1BD0-43D9-359D-BB98-8EFC37EF961C> /System/Library/Frameworks/ImageIO.framework/Versions/A/Resources/libRadiance.dylib
       0x19e3f2000 -        0x19e3f7653  com.apple.DSExternalDisplay (3.1 - 380) <4A9C6533-7E84-32B7-A203-3D9A380CA20E> /System/Library/PrivateFrameworks/DSExternalDisplay.framework/Versions/A/DSExternalDisplay
       0x19e3f8000 -        0x19e4230ff  libJPEG.dylib (2784.3.7) <415AE428-CA88-3227-822C-0769797CC15B> /System/Library/Frameworks/ImageIO.framework/Versions/A/Resources/libJPEG.dylib
       0x19e452000 -        0x19e457a5b  libGIF.dylib (2784.3.7) <64C67EB5-5A28-307B-B60E-274FD6204B30> /System/Library/Frameworks/ImageIO.framework/Versions/A/Resources/libGIF.dylib
       0x19e458000 -        0x19e4681bf  com.apple.CMCaptureCore (1.0 - 665.81.8) <710EA6AB-022E-3761-9D2B-C57E4557F3E2> /System/Library/PrivateFrameworks/CMCaptureCore.framework/Versions/A/CMCaptureCore
       0x19f40f000 -        0x19f47e2a3  libusrtcp.dylib (5569.81.5) <DB7A00EC-9A65-3BF4-BF00-7140D3695DD5> /usr/lib/libusrtcp.dylib
       0x19f47f000 -        0x19fa0d6df  libswiftCore.dylib (6.2.4 - 6.2.4.1.4) <EF17EAAC-5E38-3D8F-9849-A68224788FA6> /usr/lib/swift/libswiftCore.dylib
       0x19fac0000 -        0x19fb16e1f  libSessionUtility.dylib (398.303) <58FE2B57-736E-3699-A562-0ED3860CA0D7> /System/Library/PrivateFrameworks/AudioSession.framework/libSessionUtility.dylib
       0x19fb17000 -        0x19fcf1edf  com.apple.audio.toolbox.AudioToolbox (1.14 - 1.14) <7DEE28E3-513B-366B-B5A5-9364BAC13D05> /System/Library/Frameworks/AudioToolbox.framework/Versions/A/AudioToolbox
       0x19fcf2000 -        0x19fd7015f  com.apple.audio.AudioSession (1.0 - 398.303) <B5F56459-60CE-38CD-9CBA-A4FAA0CAC06B> /System/Library/PrivateFrameworks/AudioSession.framework/Versions/A/AudioSession
       0x19fd71000 -        0x19fd89b1f  libAudioStatistics.dylib (262.202) <092A32F2-26E3-394D-A6B5-EE325B63BA30> /usr/lib/libAudioStatistics.dylib
       0x19fe00000 -        0x19fe1c0a3  libresolv.9.dylib (93) <BA9529D6-9D20-3B20-9027-9F5E05EF798A> /usr/lib/libresolv.9.dylib
       0x19fe1d000 -        0x19fe2f7d7  libsasl2.2.dylib (215) <D0F77A8D-AC14-3D2F-8DC5-11F93F09AF05> /usr/lib/libsasl2.2.dylib
       0x1a0028000 -        0x1a0108a0f  libSMC.dylib (38) <4FC6F40D-7C6A-3A87-A3EB-15E23927855C> /usr/lib/libSMC.dylib
       0x1a0168000 -        0x1a0174a17  com.apple.NetAuth (6.2 - 6.2) <1AEB3F84-0E3C-3EE1-8752-ECD2DCA06327> /System/Library/PrivateFrameworks/NetAuth.framework/Versions/A/NetAuth
       0x1a0183000 -        0x1a019047f  com.apple.perfdata (1.0 - 122) <3ABD2E5A-E972-34CA-8570-119E2E3DC3AE> /System/Library/PrivateFrameworks/perfdata.framework/Versions/A/perfdata
       0x1a0191000 -        0x1a019ed9f  libperfcheck.dylib (46) <0B04C7B7-8C72-3DAF-9F20-B374F7CA66EE> /usr/lib/libperfcheck.dylib
       0x1a019f000 -        0x1a01b01c7  com.apple.Kerberos (3.0 - 1) <29D91C4B-EF56-36D7-8B6E-A2FD173FC016> /System/Library/Frameworks/Kerberos.framework/Versions/A/Kerberos
       0x1a01b1000 -        0x1a0202aaf  com.apple.GSS (4.0 - 2.0) <80057AF7-854F-3E8D-8211-6B9123F2E7B4> /System/Library/Frameworks/GSS.framework/Versions/A/GSS
       0x1a0203000 -        0x1a0213da7  com.apple.CommonAuth (4.0 - 2.0) <42297637-45CB-32AB-B82D-BCB5EF41AAF0> /System/Library/PrivateFrameworks/CommonAuth.framework/Versions/A/CommonAuth
       0x1a0214000 -        0x1a02f2c7f  com.apple.MobileAssets (1.0 - 1837.80.27.0.1) <EF91F303-8A75-3ACB-9DA9-1AD3A147B3FA> /System/Library/PrivateFrameworks/MobileAsset.framework/Versions/A/MobileAsset
       0x1a0384000 -        0x1a03930b0  com.apple.CorePhoneNumbers (1.0 - 1) <2EEEB81B-0D2B-3F1B-B3A0-AD259A5E0516> /System/Library/PrivateFrameworks/CorePhoneNumbers.framework/Versions/A/CorePhoneNumbers
       0x1a1cef000 -        0x1a1de504f  com.apple.combine (1.0 - 3023) <D189CEB2-496E-3843-A5A2-020EE51B0E79> /System/Library/Frameworks/Combine.framework/Versions/A/Combine
       0x1a3fbe000 -        0x1a3fbe86f  com.apple.Accelerate.vecLib (3.11 - vecLib 3.11) <9C60DDF6-DB11-3382-9A90-5ECBF65AFFE2> /System/Library/Frameworks/Accelerate.framework/Versions/A/Frameworks/vecLib.framework/Versions/A/vecLib
       0x1a3fe4000 -        0x1a3fe498f  com.apple.CoreServices (1226 - 1226) <32A74A0A-3F86-3F02-98AF-51FB14BCC672> /System/Library/Frameworks/CoreServices.framework/Versions/A/CoreServices
       0x1a425b000 -        0x1a425b417  com.apple.Accelerate (1.11 - Accelerate 1.11) <501534A5-AC58-30C7-A4A5-3238694755F7> /System/Library/Frameworks/Accelerate.framework/Versions/A/Accelerate
       0x1a510f000 -        0x1a511e8bf  com.apple.SymptomDiagnosticReporter (1.0 - 411.80.3) <F4AFD7F9-6846-388E-A67F-5BE15D04792D> /System/Library/PrivateFrameworks/SymptomDiagnosticReporter.framework/Versions/A/SymptomDiagnosticReporter
       0x1a511f000 -        0x1a514ee7f  com.apple.PowerLog (1.0 - 1) <8B23076C-BB1E-380F-818D-DBE95406317C> /System/Library/PrivateFrameworks/PowerLog.framework/Versions/A/PowerLog
       0x1a515c000 -        0x1a521039f  com.apple.DiscRecording (9.0.3 - 9030.4.5) <12E01599-0C72-3DC4-91FD-74B159DAA3F8> /System/Library/Frameworks/DiscRecording.framework/Versions/A/DiscRecording
       0x1a5211000 -        0x1a524228f  com.apple.MediaKit (16 - 938) <5DFAE7C5-C6D7-317F-A3DC-34242AA73E77> /System/Library/PrivateFrameworks/MediaKit.framework/Versions/A/MediaKit
       0x1a5d0e000 -        0x1a5d24f90  libswiftDispatch.dylib (56) <078361EC-4DAA-33B3-B150-0A44C3E77CDD> /usr/lib/swift/libswiftDispatch.dylib
       0x1a6072000 -        0x1a60fecdf  com.apple.BoardServices (1.0 - 732.1.1) <16A1B6FF-1A9F-31FB-B748-EAA50B44F2B8> /System/Library/PrivateFrameworks/BoardServices.framework/Versions/A/BoardServices
       0x1a613f000 -        0x1a614c51f  com.apple.GraphicsServices (1.0 - 1.0) <59EEBD80-284A-3EF7-898A-AB3AD3BAD60A> /System/Library/PrivateFrameworks/GraphicsServices.framework/Versions/A/GraphicsServices
       0x1a6455000 -        0x1a64777a1  com.apple.DebugSymbols (216 - 217) <27C1590B-8AF0-3CAD-95EA-DDAADE07C037> /System/Library/PrivateFrameworks/DebugSymbols.framework/Versions/A/DebugSymbols
       0x1a6478000 -        0x1a658ef67  com.apple.CoreSymbolication (16.0 - 64572.108.2) <19C10993-319A-3609-B4EB-5692C746DE90> /System/Library/PrivateFrameworks/CoreSymbolication.framework/Versions/A/CoreSymbolication
       0x1a658f000 -        0x1a65992ff  com.apple.CoreTime (334.0.16.1 - 334.0.16.1) <A9E04DF2-47FF-3F79-B959-68E9B0A44370> /System/Library/PrivateFrameworks/CoreTime.framework/Versions/A/CoreTime
       0x1a7e45000 -        0x1a7eb61df  com.apple.BackBoardServices (1.0 - 1.0) <E974F144-2ECC-34B6-AF3C-60CCA887F86B> /System/Library/PrivateFrameworks/BackBoardServices.framework/Versions/A/BackBoardServices
       0x1a7eb7000 -        0x1a7ef2a7f  com.apple.LDAPFramework (2.4.28 - 194.5) <8A779B71-B768-3782-BFEA-DF575CE71860> /System/Library/Frameworks/LDAP.framework/Versions/A/LDAP
       0x1a7ef3000 -        0x1a7ef47a7  com.apple.TrustEvaluationAgent (2.0 - 38) <0C598FBB-A611-35CF-B375-A35DB12CF3B2> /System/Library/PrivateFrameworks/TrustEvaluationAgent.framework/Versions/A/TrustEvaluationAgent
       0x1a8021000 -        0x1a80deb5f  com.apple.DiskImagesFramework (681.60.1 - 681.60.1) <7AFA86B6-A0D7-37AE-B7CE-8D51629F99FB> /System/Library/PrivateFrameworks/DiskImages.framework/Versions/A/DiskImages
       0x1a811f000 -        0x1a8135e3f  com.apple.RemoteServiceDiscovery (1.0 - 202.80.2) <D2A83392-79C5-319B-A543-14E20F175FA5> /System/Library/PrivateFrameworks/RemoteServiceDiscovery.framework/Versions/A/RemoteServiceDiscovery
       0x1a8136000 -        0x1a814cc9f  com.apple.xpc.RemoteXPC (1.0 - 3089.80.10) <D14DDF8E-F1D9-398E-B9B3-5799854E6186> /System/Library/PrivateFrameworks/RemoteXPC.framework/Versions/A/RemoteXPC
       0x1a81e1000 -        0x1a826229f  libcurl.4.dylib (162) <7DAF1527-FDB0-3672-8A4F-E75B925F3FEA> /usr/lib/libcurl.4.dylib
       0x1a8269000 -        0x1a82ac3df  com.apple.AppSupport (1.0.0 - 29) <7BE1EBF8-7242-3342-B88E-FC23A3895588> /System/Library/PrivateFrameworks/AppSupport.framework/Versions/A/AppSupport
       0x1a8584000 -        0x1a8586f3f  com.apple.InternationalTextSearch (1.0 - 1) <4B08A856-FD3D-316F-9BB6-6D43497EE253> /System/Library/PrivateFrameworks/InternationalTextSearch.framework/Versions/A/InternationalTextSearch
       0x1a8b37000 -        0x1a8b373f7  libHeimdalProxy.dylib (88) <D22AFF6A-3024-32F9-981C-F81B8A989809> /System/Library/Frameworks/Kerberos.framework/Versions/A/Libraries/libHeimdalProxy.dylib
       0x1a8b62000 -        0x1a8b80c5f  com.apple.StreamingZip (1.0 - 1) <26A0BEC4-FA01-38C3-A2A4-DDEF58CFF91F> /System/Library/PrivateFrameworks/StreamingZip.framework/Versions/A/StreamingZip
       0x1a8bd4000 -        0x1a8bd760d  libswiftObjectiveC.dylib (951.1) <32F3A126-27F7-3F2D-975F-6A35735C240C> /usr/lib/swift/libswiftObjectiveC.dylib
       0x1a8bd8000 -        0x1a8bf52bf  libswiftos.dylib (1076.40.2) <68F1B6A7-A220-3BF6-9104-FE09847ACD74> /usr/lib/swift/libswiftos.dylib
       0x1a9b8e000 -        0x1a9c1cebf  com.apple.proactive.support.ProactiveSupport (1.0 - 415.1) <D475519B-DB21-3169-A170-4FA2082B994B> /System/Library/PrivateFrameworks/ProactiveSupport.framework/Versions/A/ProactiveSupport
       0x1a9d1a000 -        0x1a9d5565f  com.apple.ASEProcessing (1.50.5 - 1.50.5) <519706AF-8BDC-3F74-A5CD-BAC561CDDEFD> /System/Library/PrivateFrameworks/ASEProcessing.framework/Versions/A/ASEProcessing
       0x1aaf66000 -        0x1ab03349f  com.apple.audio.midi.CoreMIDI (2.0 - 88) <349E1842-7521-35A6-ACA9-E80329EC86A8> /System/Library/Frameworks/CoreMIDI.framework/Versions/A/CoreMIDI
       0x1abc25000 -        0x1abc297bf  com.apple.IOSurfaceAccelerator (1.0.0 - 1.0.0) <F6B04959-AC2A-3FD6-8683-84BD1DF0151C> /System/Library/PrivateFrameworks/IOSurfaceAccelerator.framework/Versions/A/IOSurfaceAccelerator
       0x1b0989000 -        0x1b099be5f  com.apple.HID (1.0 - 1) <4231332C-5487-32E4-9F39-69F58D8CDD95> /System/Library/PrivateFrameworks/HID.framework/Versions/A/HID
       0x1b53b8000 -        0x1b53c771f  com.apple.NetFS (6.0 - 4.0) <EB27EA43-1677-38DA-9C3C-C4EAD8BE70CA> /System/Library/Frameworks/NetFS.framework/Versions/A/NetFS
       0x1b58f6000 -        0x1b58f8a9f  libswiftDarwin.dylib (347.40.2) <38299193-F09E-32C2-9D02-41145E95B937> /usr/lib/swift/libswiftDarwin.dylib
       0x1b794c000 -        0x1b7a3d03f  libquic.dylib (5569.81.5) <A7793D8C-9436-3AA1-AEE1-C096E3AF3B69> /usr/lib/libquic.dylib
       0x1b7a49000 -        0x1b7a716bf  com.apple.private.SystemPolicy (1.0 - 1) <6E6D7AC0-63CC-37F5-9853-30DCAFF669AC> /System/Library/PrivateFrameworks/SystemPolicy.framework/Versions/A/SystemPolicy
       0x1b8915000 -        0x1b89a1f1f  com.apple.LoggingSupport (1.0 - 1815.80.2) <3B369836-295B-3C26-A2DA-A8036FDE4774> /System/Library/PrivateFrameworks/LoggingSupport.framework/Versions/A/LoggingSupport
       0x1b89a2000 -        0x1b89aea4b  com.apple.MallocStackLogging (1.0 - 64573.4.1) <C3EBC9BA-52FB-3624-B38F-595D3806224C> /System/Library/PrivateFrameworks/MallocStackLogging.framework/Versions/A/MallocStackLogging
       0x1b89d4000 -        0x1b8a2aeff  libmis.dylib (463.0.8) <529134B9-CD55-3EB9-9029-4BBD2AF7F1A4> /usr/lib/libmis.dylib
       0x1b8a2b000 -        0x1b8a2ec7f  com.apple.gpusw.GPURawCounter (34 - 34) <06667B12-6C26-3603-BD41-D218C434CD87> /System/Library/PrivateFrameworks/GPURawCounter.framework/Versions/A/GPURawCounter
       0x1b8a2f000 -        0x1b8a4eb53  libswiftCoreAudio.dylib (411.417) <2D95FC1B-7C4E-37B6-961A-2EFF7ED1B6BA> /usr/lib/swift/libswiftCoreAudio.dylib
       0x1b8a4f000 -        0x1b8a55387  libswiftCoreFoundation.dylib (2401) <6C11227E-B1B0-3F04-964B-7C6056F9C092> /usr/lib/swift/libswiftCoreFoundation.dylib
       0x1b8a61000 -        0x1b8aa7742  libswiftXPC.dylib (105.0.14) <D3B538A0-EF2F-31B2-A402-4DEE6A6AF2F4> /usr/lib/swift/libswiftXPC.dylib
       0x1b8aa9000 -        0x1b8aa98a3  libswiftIOKit.dylib (1) <65B73C62-BE48-3F5C-B9CB-559E88F6CCB2> /usr/lib/swift/libswiftIOKit.dylib
       0x1baa71000 -        0x1baab6123  libbootpolicy.dylib (289.0.1) <B76B88AD-CBA4-3C41-B0EC-0CCB1B982DDF> /usr/lib/libbootpolicy.dylib
       0x1bc50e000 -        0x1bc5259c3  libswiftsimd.dylib (23) <C6F52DF2-8CD3-3C9D-991D-1318248286D6> /usr/lib/swift/libswiftsimd.dylib
       0x1bdbba000 -        0x1bdbc337f  com.apple.IOAccelMemoryInfo (1.0 - 1) <5B7B2120-3E80-3187-8C92-2B68C2C60CBC> /System/Library/PrivateFrameworks/IOAccelMemoryInfo.framework/Versions/A/IOAccelMemoryInfo
       0x1bf1e0000 -        0x1bf1e91f7  libswiftCoreMIDI.dylib (6) <D7AC1755-2FFB-3301-9B7B-84F58EDE35DB> /usr/lib/swift/libswiftCoreMIDI.dylib
       0x1bf997000 -        0x1bf99dc9f  com.apple.MSUDataAccessor (1.0 - 1) <F5D53986-F5D5-37CD-B036-FBAC893F7DB6> /System/Library/PrivateFrameworks/MSUDataAccessor.framework/Versions/A/MSUDataAccessor
       0x1bfda0000 -        0x1bfe011df  com.apple.SoftwareUpdateCoreSupport (1.0 - 1) <63AC95BD-9446-31BA-9DF2-44B0E4FCA200> /System/Library/PrivateFrameworks/SoftwareUpdateCoreSupport.framework/Versions/A/SoftwareUpdateCoreSupport
       0x1c389c000 -        0x1c38f2cff  com.apple.biome.BiomeFoundation (1.0 - 200.6) <713156C1-0B57-3241-95EB-F78A7A7F6C5E> /System/Library/PrivateFrameworks/BiomeFoundation.framework/Versions/A/BiomeFoundation
       0x1c66b1000 -        0x1c66bd49a  libswiftMetal.dylib (371.5) <E81FF6C4-7BA2-32A8-B7EE-5C34A4393939> /usr/lib/swift/libswiftMetal.dylib
       0x1c66be000 -        0x1c66c4d5f  libswiftCompression.dylib (8) <1B2FA4F2-D8D3-300E-A5AA-029CC18F1764> /usr/lib/swift/libswiftCompression.dylib
       0x1c759d000 -        0x1c76491df  libFDR.dylib (1499.80.8) <46532F9A-DBF7-39C8-9F1B-E9C781923009> /usr/lib/libFDR.dylib
       0x1c76d1000 -        0x1c7c84c1f  com.apple.biome.BiomeStreams (1.0 - 200.6) <7082DF7D-F028-383A-8AEE-76EF17830EA5> /System/Library/PrivateFrameworks/BiomeStreams.framework/Versions/A/BiomeStreams
       0x1c8155000 -        0x1c8169b7f  com.apple.SoftwareUpdateCoreConnect (1.0 - 1) <DF76C5F0-96BA-36EB-A189-3F26D113072D> /System/Library/PrivateFrameworks/SoftwareUpdateCoreConnect.framework/Versions/A/SoftwareUpdateCoreConnect
       0x1ca626000 -        0x1ca690ebf  com.apple.osanalytics.OSAnalytics (1.0 - 1) <197141D3-6E12-3BF3-A266-6AA9D8296810> /System/Library/PrivateFrameworks/OSAnalytics.framework/Versions/A/OSAnalytics
       0x1cb9ca000 -        0x1cb9cbf73  libswiftQuartzCore.dylib (5) <27F395B3-E527-3C6E-94F8-5993A92E4FA8> /usr/lib/swift/libswiftQuartzCore.dylib
       0x1cbdc0000 -        0x1cbdc59a7  com.apple.kperf (1.0 - 1) <FCF94F65-C917-3393-AD61-296F785F29AD> /System/Library/PrivateFrameworks/kperf.framework/Versions/A/kperf
       0x1cbec7000 -        0x1cbecc45f  com.apple.MobileSystemServices (1.0 - 1) <276A340E-9F3C-3253-9DE8-EDFCB9EA9D42> /System/Library/PrivateFrameworks/MobileSystemServices.framework/Versions/A/MobileSystemServices
       0x1cd3b3000 -        0x1cd3d55ff  libamsupport.dylib (434.40.3) <6FDEB6DA-32AA-3F83-805C-CE920057BF63> /usr/lib/libamsupport.dylib
       0x1cd792000 -        0x1cd7efe3f  com.apple.biome.BiomePubSub (1.0 - 200.6) <80452CAD-7E3A-3AE8-985C-DD2ED185BE66> /System/Library/PrivateFrameworks/BiomePubSub.framework/Versions/A/BiomePubSub
       0x1cd7f0000 -        0x1cd83363f  com.apple.biome.BiomeStorage (1.0 - 200.6) <121DE42E-EADA-393B-B2CC-237B33243A6B> /System/Library/PrivateFrameworks/BiomeStorage.framework/Versions/A/BiomeStorage
       0x1d0238000 -        0x1d024656c  libswiftUniformTypeIdentifiers.dylib (877.3.5) <A399C880-3891-3519-9A53-864989F91725> /usr/lib/swift/libswiftUniformTypeIdentifiers.dylib
       0x1d0247000 -        0x1d030672b  libswiftAccelerate.dylib (77) <657650AF-BAA7-3150-88D5-F61A6CF01343> /usr/lib/swift/libswiftAccelerate.dylib
       0x1d0447000 -        0x1d04580df  libpartition2_dynamic.dylib (3476.80.22) <2ADCDFB3-E656-3A44-A0E2-A079529F1D32> /usr/lib/libpartition2_dynamic.dylib
       0x1d099a000 -        0x1d09a521f  com.apple.AFKUser (1.0 - 1) <6389217F-A473-3E6F-AFE5-19FA620A13C7> /System/Library/PrivateFrameworks/AFKUser.framework/Versions/A/AFKUser
       0x1d428f000 -        0x1d42eec6a  libswiftCoreMedia.dylib (3300.7.1.5.1) <C34B4F94-C852-30E5-BEBA-0A6113E87408> /usr/lib/swift/libswiftCoreMedia.dylib
       0x1d5a36000 -        0x1d5a37aab  libswiftOSLog.dylib (10) <A041250D-A03A-3C9C-92D1-E2AD9106B4A2> /usr/lib/swift/libswiftOSLog.dylib
       0x1d9a91000 -        0x1d9b939ff  com.apple.Symbolication (16.0 - 64573.4.1) <AC9A66D0-E4EA-3EDB-BA81-2AC7A2921B9E> /System/Library/PrivateFrameworks/Symbolication.framework/Versions/A/Symbolication
       0x1ddfbf000 -        0x1ddfcf4bf  com.apple.OSLog (1.0 - 1815.80.2) <56A5141A-6825-3E28-95E9-6E64CDFBCD3B> /System/Library/Frameworks/OSLog.framework/Versions/A/OSLog
       0x1de2c2000 -        0x1de3c5e14  com.apple.InternalSwiftProtobuf (1.0 - 1.26.0) <34F52035-0665-3F6E-BAD2-C818C0DBE02B> /System/Library/PrivateFrameworks/InternalSwiftProtobuf.framework/Versions/A/InternalSwiftProtobuf
       0x1de48a000 -        0x1de4952ff  com.apple.HIDDisplay (1.0 - 1) <924A2F01-F833-3909-AA54-6FF65E96DB4D> /System/Library/PrivateFrameworks/HIDDisplay.framework/Versions/A/HIDDisplay
       0x1e6162000 -        0x1e6162b03  com.apple.FeatureFlags (1.0 - 101) <5F5F5289-C923-33F1-AF39-B84D4D2A0D9B> /System/Library/PrivateFrameworks/FeatureFlags.framework/Versions/A/FeatureFlags
       0x1ef2c5000 -        0x1ef2c765f  com.apple.ConfigProfileHelper (18.0 - 1800) <F2961F85-7FA7-358F-B9C4-66241B1067F7> /System/Library/PrivateFrameworks/ConfigProfileHelper.framework/Versions/A/ConfigProfileHelper
       0x23020a000 -        0x230211367  libCoreFSCache.dylib (351) <53B943E7-6BDA-3172-B99B-E18F0CF19D0E> /System/Library/Frameworks/OpenGL.framework/Versions/A/Libraries/libCoreFSCache.dylib
       0x230212000 -        0x23021794f  libCoreVMClient.dylib (351) <B318E19A-D202-3BBF-B188-4364E1D8D237> /System/Library/Frameworks/OpenGL.framework/Versions/A/Libraries/libCoreVMClient.dylib
       0x230218000 -        0x230228397  com.apple.opengl (23.0.2 - 23.0.2) <200FC998-40D9-3B8F-9FB3-0B46276595FB> /System/Library/Frameworks/OpenGL.framework/Versions/A/OpenGL
       0x230229000 -        0x23022b7af  libCVMSPluginSupport.dylib (23.0.2) <71A6AC3F-04DC-3162-A9AE-F23C96DFC12F> /System/Library/Frameworks/OpenGL.framework/Versions/A/Libraries/libCVMSPluginSupport.dylib
       0x23022c000 -        0x230234757  libGFXShared.dylib (23.0.2) <2C6E8FF8-7511-3A00-9E44-EB882DAD5BE5> /System/Library/Frameworks/OpenGL.framework/Versions/A/Libraries/libGFXShared.dylib
       0x230235000 -        0x2302683c3  libGLImage.dylib (23.0.2) <D4FE1910-DF80-353F-BC43-1DCB6B3FFF48> /System/Library/Frameworks/OpenGL.framework/Versions/A/Libraries/libGLImage.dylib
       0x230269000 -        0x2302a32ff  libGLU.dylib (23.0.2) <35E8E60E-D58E-3529-933E-BA58446471A1> /System/Library/Frameworks/OpenGL.framework/Versions/A/Libraries/libGLU.dylib
       0x2303f8000 -        0x230401bcf  libGL.dylib (23.0.2) <14960E1F-ACFB-34D5-BE67-3222082221F6> /System/Library/Frameworks/OpenGL.framework/Versions/A/Libraries/libGL.dylib
       0x2321b8000 -        0x2322edbff  com.apple.ExtensionFoundation (97 - 97) <45D3C2CD-887C-3A5B-8206-643158B51F13> /System/Library/Frameworks/ExtensionFoundation.framework/Versions/A/ExtensionFoundation
       0x233520000 -        0x23356276f  com.apple.LightweightCodeRequirements (1.0 - 1) <F10DCA1B-50A6-304F-9498-829308A80703> /System/Library/Frameworks/LightweightCodeRequirements.framework/Versions/A/LightweightCodeRequirements
       0x234382000 -        0x2343a017f  com.apple.MPSBenchmarkLoop (1.0 - 1) <02D1C58E-7546-3976-B0C0-8C923793DB82> /System/Library/Frameworks/MetalPerformanceShaders.framework/Versions/A/Frameworks/MPSBenchmarkLoop.framework/Versions/A/MPSBenchmarkLoop
       0x2343a1000 -        0x2343b515f  com.apple.MPSFunctions (1.0 - 1) <B0D335C1-68E0-3F10-A341-CEF08730D07A> /System/Library/Frameworks/MetalPerformanceShaders.framework/Versions/A/Frameworks/MPSFunctions.framework/Versions/A/MPSFunctions
       0x2343b6000 -        0x2343bab9f  com.apple.MPSHost (1.0 - 1) <61CC9FE9-C216-3880-A2D6-880FEE38A016> /System/Library/Frameworks/MetalPerformanceShaders.framework/Versions/A/Frameworks/MPSHost.framework/Versions/A/MPSHost
       0x23a6c0000 -        0x23a82d6a6  com.apple.SwiftData (1.0 - 133) <646A867A-2FCD-3CFE-A325-74BB26E7C67F> /System/Library/Frameworks/SwiftData.framework/Versions/A/SwiftData
       0x240ad4000 -        0x240ae8a5f  com.apple.AppleDeviceQuerySupport (1.0 - 396.80.5) <A9B64CDD-8CA1-33CD-A1F1-913E678FC1C4> /System/Library/PrivateFrameworks/AppleDeviceQuerySupport.framework/Versions/A/AppleDeviceQuerySupport
       0x2411ab000 -        0x241222d7f  com.apple.AppleKeyStore (1.0 - 1.0) <68DB8815-1B01-39DD-9E59-71504C8C6AF9> /System/Library/PrivateFrameworks/AppleKeyStore.framework/Versions/A/AppleKeyStore
       0x241aa2000 -        0x241abaf9f  com.apple.private.AppleMobileFileIntegrity-fmk (1.0 - 1) <83864800-32DC-357E-8706-6130F7DE9BA2> /System/Library/PrivateFrameworks/AppleMobileFileIntegrity.framework/Versions/A/AppleMobileFileIntegrity
       0x241f9d000 -        0x241faf95f  com.apple.AtomicsInternal (1.1.0 - 112) <A2BC743C-1068-3466-816A-CDD1FCCE2079> /System/Library/PrivateFrameworks/AtomicsInternal.framework/Versions/A/AtomicsInternal
       0x24205d000 -        0x2420894df  com.apple.imgaudio.AudioAnalytics (1.0 - 1) <4E90474D-2D10-3331-89C2-BD007CE76462> /System/Library/PrivateFrameworks/AudioAnalytics.framework/Versions/A/AudioAnalytics
       0x242649000 -        0x24269107f  com.apple.BackBoardHIDEventFoundation (1.0 - 1) <0D50AF87-F942-38FE-BB99-5C746A179239> /System/Library/PrivateFrameworks/BackBoardHIDEventFoundation.framework/Versions/A/BackBoardHIDEventFoundation
       0x242716000 -        0x24272fd1f  com.apple.biome.BiomeDSL (1.0 - 200.6) <9E11C390-C8F0-3DF7-BC46-6168209C74E3> /System/Library/PrivateFrameworks/BiomeDSL.framework/Versions/A/BiomeDSL
       0x242730000 -        0x242f77b7f  com.apple.BiomeLibrary (246.32) <DF416BD3-77A9-3134-87B6-D1F5B8C8F377> /System/Library/PrivateFrameworks/BiomeLibrary.framework/Versions/A/BiomeLibrary
       0x242f78000 -        0x242f7db1f  com.apple.biome.BiomeSync (1.0 - 200.6) <A5DA86A9-02A2-3464-BF87-1B1BC5436DD6> /System/Library/PrivateFrameworks/BiomeSync.framework/Versions/A/BiomeSync
       0x244589000 -        0x24460d47f  com.apple.biome.CascadeSets (1.0 - 200.6) <48B948F4-D6FE-32D4-9715-7442F098E1C9> /System/Library/PrivateFrameworks/CascadeSets.framework/Versions/A/CascadeSets
       0x24594a000 -        0x245a86b9f  com.apple.CollectionsInternal (1.2.0 - 112) <BB509319-66C5-3E9A-8055-3985A745E74D> /System/Library/PrivateFrameworks/CollectionsInternal.framework/Versions/A/CollectionsInternal
       0x24bedd000 -        0x24bef22df  com.apple.DeviceRecovery (1.0 - 1) <C1AC367C-FEA1-3AB2-A3C5-B9CD5BCCB882> /System/Library/PrivateFrameworks/DeviceRecovery.framework/Versions/A/DeviceRecovery
       0x24dff0000 -        0x24dff32ff  com.apple.FontServices (1.0 - 1) <20DF125E-B14E-3CD9-85A7-2A247DFCA37E> /System/Library/PrivateFrameworks/FontServices.framework/Versions/A/FontServices
       0x24dff4000 -        0x24e0e3dff  libXTFontStaticRegistryData.dylib (335.3.0.1) <65512F61-6F82-3210-ACF2-2400FA078DE9> /System/Library/PrivateFrameworks/FontServices.framework/libXTFontStaticRegistryData.dylib
       0x24e0e5000 -        0x24e0f113f  com.apple.FramePacing (1.0 - 1) <B4D9E492-938B-38B2-BD07-81E5D50CE3FC> /System/Library/PrivateFrameworks/FramePacing.framework/Versions/A/FramePacing
       0x24f226000 -        0x24f22bf8f  libGPUCompilerUtils.dylib (32023.864) <091B86A2-9012-3E63-947A-3288F3FEEE9C> /System/Library/PrivateFrameworks/GPUCompiler.framework/Versions/32023/Libraries/libGPUCompilerUtils.dylib
       0x2537d9000 -        0x253819c6b  libllvm-flatbuffers.dylib (32023.864) <C72364A7-F7BF-3DCF-85B5-CD80A5328082> /System/Library/PrivateFrameworks/GPUCompiler.framework/Versions/32023/Libraries/libllvm-flatbuffers.dylib
       0x25a91a000 -        0x25aa1401f  com.apple.InstalledContentLibrary (1.0 - 1.0) <93078811-3A2B-3026-AD78-DB392877C3B3> /System/Library/PrivateFrameworks/InstalledContentLibrary.framework/Versions/A/InstalledContentLibrary
       0x25cffb000 -        0x25d68a57f  com.apple.IntelligencePlatformLibrary (246.32) <E59C7007-71F8-3E92-B501-2869D8ADD92A> /System/Library/PrivateFrameworks/IntelligencePlatformLibrary.framework/Versions/A/IntelligencePlatformLibrary
       0x25f122000 -        0x25f7ec783  com.apple.MIL (3510.2 - 3510.2.1) <82B4A9C6-FBC0-39F0-A80A-8D3C852F75FE> /System/Library/PrivateFrameworks/MIL.framework/Versions/A/MIL
       0x26299b000 -        0x2629f0abf  com.apple.MessageSecurity (1.0 - 195.80.13) <52BC59EA-91F0-3F96-8532-111ABB30B2D0> /System/Library/PrivateFrameworks/MessageSecurity.framework/Versions/A/MessageSecurity
       0x267858000 -        0x267971227  com.apple.ParsingInternal (0.0.1 - 112) <75C94AB2-C1A1-3640-A6C6-F37825F8D94D> /System/Library/PrivateFrameworks/ParsingInternal.framework/Versions/A/ParsingInternal
       0x26aa20000 -        0x26aa4055f  com.apple.accessibility.PhotosensitivityProcessing (1.0 - 1) <ED0A0B95-C0C0-3C80-A789-AD2C33E53E38> /System/Library/PrivateFrameworks/PhotosensitivityProcessing.framework/Versions/A/PhotosensitivityProcessing
       0x26ae03000 -        0x26ae33e1f  com.apple.PoirotSQLite (1.0 - 1) <527B667D-4BD8-3892-9C8B-46CC76255479> /System/Library/PrivateFrameworks/PoirotSQLite.framework/Versions/A/PoirotSQLite
       0x26ae34000 -        0x26ae9dd01  com.apple.PoirotSchematizer (1.0 - 1) <242B9C9B-A35D-3F88-B904-8A14946C4E6F> /System/Library/PrivateFrameworks/PoirotSchematizer.framework/Versions/A/PoirotSchematizer
       0x26ae9e000 -        0x26aeca120  com.apple.PoirotUDFs (1.0 - 1) <B4EF3FA0-5438-3B43-A150-B00620E06AC7> /System/Library/PrivateFrameworks/PoirotUDFs.framework/Versions/A/PoirotUDFs
       0x26bb35000 -        0x26bc7a9bf  com.apple.ProDisplayLibrary (10.4.27 - 10.4.27) <ADA26C22-CAA5-3775-845E-8E4801A59D12> /System/Library/PrivateFrameworks/ProDisplayLibrary.framework/Versions/A/ProDisplayLibrary
       0x26cac9000 -        0x26cad150f  com.apple.ReflectionInternal (1.0.0 - 112) <0994D500-6C5E-3043-BEF9-62112BC8E9FA> /System/Library/PrivateFrameworks/ReflectionInternal.framework/Versions/A/ReflectionInternal
       0x26d955000 -        0x26d968c77  com.apple.RuntimeInternal (1.0.0 - 112) <499C3BA4-61D1-385D-ACCE-55CE192DA093> /System/Library/PrivateFrameworks/RuntimeInternal.framework/Versions/A/RuntimeInternal
       0x26db8e000 -        0x26dbf897f  com.apple.SILManager (53.15 - 53.15) <826C163D-5FBC-3EF6-8246-D8AA4DE83F33> /System/Library/PrivateFrameworks/SILManager.framework/Versions/A/SILManager
       0x278401000 -        0x27842dd87  com.apple.security.SwiftASN1Internal (1.0 - 1) <0E6E79DC-D0A7-32D1-BC70-6ADA8509EC6D> /System/Library/PrivateFrameworks/SwiftASN1Internal.framework/Versions/A/SwiftASN1Internal
       0x27b9dc000 -        0x27ba113bf  com.apple.tightbeam (1.0 - 483.60.5) <898213AF-E560-3564-8177-E41E57BF7AD0> /System/Library/PrivateFrameworks/Tightbeam.framework/Versions/A/Tightbeam
       0x27fbfb000 -        0x27fbfc257  com.apple.VideoToolboxParavirtualizationSupport (63.4.3 - 63.4.3) <9F8B337B-B84D-3B6D-A5E7-57B632725768> /System/Library/PrivateFrameworks/VideoToolboxParavirtualizationSupport.framework/Versions/A/VideoToolboxParavirtualizationSupport
       0x289c15000 -        0x289caf06f  libAppleArchive.dylib (443.0.1) <2AE223D5-2CCB-3F4D-AC4C-CDAEC45C56C0> /usr/lib/libAppleArchive.dylib
       0x289d74000 -        0x289d7e0df  libCoreEntitlements.dylib (80.0.1) <AC5E67FC-A07B-3C78-8D0C-BC9F01CA59A0> /usr/lib/libCoreEntitlements.dylib
       0x28a089000 -        0x28a09089f  libReverseProxyDevice.dylib (104.40.3) <78AB176E-149F-3895-8C85-6FB80F8AD1A5> /usr/lib/libReverseProxyDevice.dylib
       0x28a091000 -        0x28a098319  libRosetta.dylib (367.3) <5315C55D-09E5-394B-A9E5-672B23847BF7> /usr/lib/libRosetta.dylib
       0x28a116000 -        0x28a11f45f  libTLE.dylib (80.0.1) <24503359-C4C3-31C4-B875-7FF5B265D45F> /usr/lib/libTLE.dylib
       0x28a34f000 -        0x28a45f6e7  libcrypto.46.dylib (109) <B45F9D52-2FC2-3A8B-AAE8-F01C8A6A2AC3> /usr/lib/libcrypto.46.dylib
       0x28a599000 -        0x28a5b4497  libhvf.dylib (9) <A4449D9B-9541-3D75-9719-2F1584ED9DE7> /usr/lib/libhvf.dylib
       0x28af6f000 -        0x28afa729f  libssl.48.dylib (109) <4EE2560A-CEAB-3A03-9ABC-F01830B3757D> /usr/lib/libssl.48.dylib
       0x28afe2000 -        0x28b00d2ff  libswiftPrespecialized.dylib (0) <E2989747-CF1D-34D5-B527-C2CE0F05241F> /usr/lib/libswiftPrespecialized.dylib
       0x28b2a9000 -        0x28b2bb4ef  libswiftDistributed.dylib (6.2.4 - 6.2.4.1.4) <CDF06E7B-4428-392C-83E3-D30169FEF489> /usr/lib/swift/libswiftDistributed.dylib
       0x28b2d2000 -        0x28b2e3097  libswiftObservation.dylib (6.2.4 - 6.2.4.1.4) <02960C1F-8598-38EA-A669-1908D80A4814> /usr/lib/swift/libswiftObservation.dylib
       0x28b411000 -        0x28b41882f  libswiftSynchronization.dylib (6.2.4 - 6.2.4.1.4) <F39C66C7-F334-370C-BE5B-5376D3CF61AA> /usr/lib/swift/libswiftSynchronization.dylib
       0x28b419000 -        0x28b431f67  libswiftSystem.dylib (72.2) <E6B54113-12C7-3250-A299-C29A601F7C67> /usr/lib/swift/libswiftSystem.dylib
       0x28b433000 -        0x28b449a21  libswiftVideoToolbox.dylib (3300.7.1.5.1) <A410B093-AEAB-3A80-8C27-AA420B01628A> /usr/lib/swift/libswiftVideoToolbox.dylib
       0x28b44b000 -        0x28b44d517  libswift_Builtin_float.dylib (6.2.4 - 6.2.4.1.4) <A57D5CE9-7BEF-3715-8DA8-67B9C1C3797D> /usr/lib/swift/libswift_Builtin_float.dylib
       0x28b44e000 -        0x28b4d771f  libswift_Concurrency.dylib (6.2.4 - 6.2.4.1.4) <9910770A-7FB2-36CC-8370-971A86578FD7> /usr/lib/swift/libswift_Concurrency.dylib
       0x28b4d8000 -        0x28b4db623  libswift_DarwinFoundation1.dylib (347.40.2) <75F15389-99C8-3500-BCAD-7C1115346F89> /usr/lib/swift/libswift_DarwinFoundation1.dylib
       0x28b4dc000 -        0x28b4dce1b  libswift_DarwinFoundation2.dylib (347.40.2) <DB1180C0-FBA6-34DF-92F7-D47882293C4F> /usr/lib/swift/libswift_DarwinFoundation2.dylib
       0x28b4dd000 -        0x28b4dd7a7  libswift_DarwinFoundation3.dylib (347.40.2) <572CF0F8-D9D3-30B5-914B-66459028E86D> /usr/lib/swift/libswift_DarwinFoundation3.dylib
       0x28b519000 -        0x28b5b8e07  libswift_RegexParser.dylib (6.2.4 - 6.2.4.1.4) <54D9763D-C016-3166-84EE-5A8453840BE7> /usr/lib/swift/libswift_RegexParser.dylib
       0x28b5b9000 -        0x28b645ef7  libswift_StringProcessing.dylib (6.2.4 - 6.2.4.1.4) <9EE92499-A59D-3C6D-8755-5AEE651DC7DC> /usr/lib/swift/libswift_StringProcessing.dylib
       0x28b7a1000 -        0x28b7a4deb  libsystem_darwindirectory.dylib (122) <9AD833C7-D009-39FF-8D04-D57C937D9EAC> /usr/lib/system/libsystem_darwindirectory.dylib
       0x28b7a5000 -        0x28b7ae34b  libsystem_eligibility.dylib (289.80.56) <0E973CB5-A124-3716-9841-1EA67809AF06> /usr/lib/system/libsystem_eligibility.dylib
       0x28b7af000 -        0x28b7b6873  libsystem_sanitizers.dylib (25) <90C45178-3954-3108-9F2F-44E528DF5E44> /usr/lib/system/libsystem_sanitizers.dylib
       0x28b7b7000 -        0x28b7b7bb7  libsystem_trial.dylib (474.2.0.5.2) <E776BAEB-B36B-3EA2-BEFE-3E2F7999E235> /usr/lib/system/libsystem_trial.dylib

==== SAMPLE pid 15552 ====
Sampling process 15552 for 2 seconds with 1 millisecond of run time between samples
Sampling completed, processing symbols...
Sample analysis of process 15552 written to file /tmp/ddjit-fix_2026-07-08_165122_Vo5y.sample.txt

Analysis of sampling ddjit-fix (pid 15552) every 1 millisecond
Process:         ddjit-fix [15552]
Path:            /Users/USER/*/ddjit-fix
Load Address:    0x102c08000
Identifier:      ddjit-fix
Version:         0
Code Type:       ARM64
Platform:        macOS
Parent Process:  ddjit-fix [15549]
Target Type:     live task

Date/Time:       2026-07-08 16:51:22.850 -0700
Launch Time:     2026-07-08 16:49:56.029 -0700
OS Version:      macOS 26.3.1 (25D2128)
Report Version:  7
Analysis Tool:   /usr/bin/sample

Physical footprint:         47.5M
Physical footprint (peak):  47.5M
Idle exit:                  untracked
----

Call graph:
    1710 Thread_51021518   DispatchQueue_1: com.apple.main-thread  (serial)
      1710 start  (in dyld) + 7184  [0x18bc7dd54]
        1710 dd_run  (in ddjit-fix) + 780  [0x102c09d50]
          1710 run_loaded  (in ddjit-fix) + 964  [0x102c0dacc]
            1710 run_guest  (in ddjit-fix) + 4112  [0x102c13b78]
              1710 service_local  (in ddjit-fix) + 9276  [0x102c22a44]
                1710 svc_rare  (in ddjit-fix) + 2344  [0x102c386e4]
                  1710 fd_reset_emul  (in ddjit-fix) + 44  [0x102c3d5a8]
                    1710 _sigtramp  (in libsystem_platform.dylib) + 56  [0x18c051764]
                      1710 nonpie_guard  (in ddjit-fix) + 516  [0x102c08e40]

Total number in stack (recursive counted multiple, when >=5):

Sort by top of stack, same collapsed (when >= 5):
        nonpie_guard  (in ddjit-fix)        1710

Binary Images:
       0x102c08000 -        0x102c6afc7 +ddjit-fix (0) <C8805963-9142-3BB7-8287-2DEB088B5067> /Users/*/ddjit-fix
       0x18bbf0000 -        0x18bc434bb  libobjc.A.dylib (951.1) <9E66CFF2-3EBD-3242-8166-D5D0C204755B> /usr/lib/libobjc.A.dylib
       0x18bc44000 -        0x18bc74bcb  libdyld.dylib (1340) <D0CBB392-9301-3174-8904-D869F1D973CF> /usr/lib/system/libdyld.dylib
       0x18bc75000 -        0x18bd14713  dyld (1.0.0 - 1340) <044CD67E-3A0A-3CA4-8BB3-A9687D5328FE> /usr/lib/dyld
       0x18bd15000 -        0x18bd181d0  libsystem_blocks.dylib (96) <F1D9FC62-B5CE-3FB6-B264-B1933396C05F> /usr/lib/system/libsystem_blocks.dylib
       0x18bd19000 -        0x18bd6e07f  libxpc.dylib (3089.80.10) <3B264F68-2825-3790-8796-4B49581D6425> /usr/lib/system/libxpc.dylib
       0x18bd6f000 -        0x18bd8f95f  libsystem_trace.dylib (1815.80.2) <2CE5667A-97C5-35F3-8124-BB48185D0D3D> /usr/lib/system/libsystem_trace.dylib
       0x18bd90000 -        0x18be3cccf  libcorecrypto.dylib (1922.80.7) <A6FB5220-05F1-36A3-93CA-E45F15C98D3A> /usr/lib/system/libcorecrypto.dylib
       0x18be3d000 -        0x18be88c67  libsystem_malloc.dylib (792.80.2) <102061AD-AC62-30E9-A960-0CC2E38A2D5D> /usr/lib/system/libsystem_malloc.dylib
       0x18be89000 -        0x18becfe5f  libdispatch.dylib (1542.0.4) <4C58AB31-F363-3E75-A8F8-302105812DBF> /usr/lib/system/libdispatch.dylib
       0x18bed0000 -        0x18bed2feb  libsystem_featureflags.dylib (101) <36BE75BA-0B53-3ACA-ABAF-C639D711C90B> /usr/lib/system/libsystem_featureflags.dylib
       0x18bed3000 -        0x18bf55047  libsystem_c.dylib (1725.40.4) <EB569350-0696-3397-838E-0344948107C0> /usr/lib/system/libsystem_c.dylib
       0x18bf56000 -        0x18bfe8ea3  libc++.1.dylib (2000.67) <652836CA-32B1-3388-A72A-D6B90DDDA958> /usr/lib/libc++.1.dylib
       0x18bfe9000 -        0x18c00392f  libc++abi.dylib (2000.67) <580BCE60-F6A6-3764-BFE9-57A0DB800C54> /usr/lib/libc++abi.dylib
       0x18c004000 -        0x18c04049f  libsystem_kernel.dylib (12377.91.3) <78EC33A6-6330-3836-8900-EB90836936E8> /usr/lib/system/libsystem_kernel.dylib
       0x18c041000 -        0x18c04dacb  libsystem_pthread.dylib (539.80.3) <0596A7B6-BCE2-3F06-A2E8-3EAAB5371ED8> /usr/lib/system/libsystem_pthread.dylib
       0x18c04e000 -        0x18c0564af  libsystem_platform.dylib (359.80.2) <62C9CD37-272D-3D2D-9A1C-6F4EF24F7EC7> /usr/lib/system/libsystem_platform.dylib
       0x18c057000 -        0x18c086e23  libsystem_info.dylib (600) <05CCB208-0B54-38D8-B736-6C7043F446AA> /usr/lib/system/libsystem_info.dylib
       0x18c087000 -        0x18c5d02bf  com.apple.CoreFoundation (6.9 - 4302) <646518BB-A6E8-3DA7-AB32-9D97BCBDC25D> /System/Library/Frameworks/CoreFoundation.framework/Versions/A/CoreFoundation
       0x18c5d1000 -        0x18c8ec7bf  com.apple.LaunchServices (1141.1 - 1141.1) <F97A8838-1235-37F9-984E-5685FBBFB23B> /System/Library/Frameworks/CoreServices.framework/Versions/A/Frameworks/LaunchServices.framework/Versions/A/LaunchServices
       0x18c8ed000 -        0x18cad0d3f  com.apple.gpusw.MetalTools (1.0 - 1) <15A3C78C-DDC1-3B6B-82C6-A2066EEEBEDD> /System/Library/PrivateFrameworks/MetalTools.framework/Versions/A/MetalTools
       0x18cad1000 -        0x18d2b013f  libBLAS.dylib (1545.81.3) <564BF0A2-5703-303C-8C04-C7192B02F86D> /System/Library/Frameworks/Accelerate.framework/Versions/A/Frameworks/vecLib.framework/Versions/A/libBLAS.dylib
       0x18d2b1000 -        0x18d3c5adf  com.apple.Lexicon-framework (1.0 - 195.1.5) <6FAB22BC-822D-3CFC-88FA-6AB1FDA096E4> /System/Library/PrivateFrameworks/Lexicon.framework/Versions/A/Lexicon
       0x18d3c6000 -        0x18d538237  libSparse.dylib (184.80.2) <540DC1AE-7285-3272-9F22-7095E8ED1899> /System/Library/Frameworks/Accelerate.framework/Versions/A/Frameworks/vecLib.framework/Versions/A/libSparse.dylib
       0x18d539000 -        0x18d5cc6fb  com.apple.SystemConfiguration (1.21 - 1.21) <03D1F2EA-F649-3B3B-8BA0-69FFFE117405> /System/Library/Frameworks/SystemConfiguration.framework/Versions/A/SystemConfiguration
       0x18d5cd000 -        0x18d601fbb  libCRFSuite.dylib (55) <B9E5C113-D809-3E9B-ADED-BF338771D129> /usr/lib/libCRFSuite.dylib
       0x18d8da000 -        0x18e87dc1f  com.apple.Foundation (6.9 - 4302) <187E7913-B154-30A7-8070-852767AAC3CF> /System/Library/Frameworks/Foundation.framework/Versions/C/Foundation
       0x18ea3c000 -        0x18eb5fedf  com.apple.CoreDisplay (291.3 - 291.3) <545E233D-9D22-3997-9564-BC3E5A03E764> /System/Library/Frameworks/CoreDisplay.framework/Versions/A/CoreDisplay
       0x18eb60000 -        0x18ef2a4ff  com.apple.audio.AudioToolboxCore (1.0 - 1556.418.1) <2D1BAF76-D7C0-3E10-98B9-021ECBF3339C> /System/Library/PrivateFrameworks/AudioToolboxCore.framework/Versions/A/AudioToolboxCore
       0x18ef2b000 -        0x18f1578bf  com.apple.CoreText (877.3.0.1 - 877.3.0.1) <EB907A00-507D-36E0-A2D0-625D2B830957> /System/Library/Frameworks/CoreText.framework/Versions/A/CoreText
       0x18f158000 -        0x18f90939f  com.apple.audio.CoreAudio (5.0 - 5.0) <16B7552A-EAD3-374C-A642-5A11A7523189> /System/Library/Frameworks/CoreAudio.framework/Versions/A/CoreAudio
       0x18f90a000 -        0x18fd2e83f  com.apple.security (7.0 - 61901.80.25) <F2DC6225-1517-3285-8262-CF24DDE3678E> /System/Library/Frameworks/Security.framework/Versions/A/Security
       0x18fd2f000 -        0x19000056b  libicucore.A.dylib (76142.3.1.1) <255E234A-2B69-30EF-954B-2FF5A99A285E> /usr/lib/libicucore.A.dylib
       0x190001000 -        0x19000b397  libsystem_darwin.dylib (1725.40.4) <EAC9A3D8-2048-3E6A-BA11-77D1C25C0EF3> /usr/lib/system/libsystem_darwin.dylib
       0x19000c000 -        0x19030539f  com.apple.CoreServices.CarbonCore (1333 - 1333) <F5924C0D-5C7C-3587-9A43-C7048C2865AC> /System/Library/Frameworks/CoreServices.framework/Versions/A/Frameworks/CarbonCore.framework/Versions/A/CarbonCore
       0x190306000 -        0x1903464cb  com.apple.CoreServicesInternal (505 - 505) <BBD8DD43-3E71-3344-99FF-D3C698DD0305> /System/Library/PrivateFrameworks/CoreServicesInternal.framework/Versions/A/CoreServicesInternal
       0x190347000 -        0x190386bbf  com.apple.CSStore (1141.1 - 1141.1) <31ABD7AC-0E11-3DC4-B501-B064A1249992> /System/Library/PrivateFrameworks/CoreServicesStore.framework/Versions/A/CoreServicesStore
       0x190387000 -        0x19047163f  com.apple.framework.IOKit (2.0.2 - 100222.80.4) <D3872802-A97B-3B16-B110-3828CD151702> /System/Library/Frameworks/IOKit.framework/Versions/A/IOKit
       0x190472000 -        0x190483ff3  libsystem_notify.dylib (344.0.1) <73D7BFA7-9433-3ECD-929F-06220C37F214> /usr/lib/system/libsystem_notify.dylib
       0x191dc8000 -        0x191dde1df  com.apple.UniformTypeIdentifiers (709 - 709) <EC5271F7-8C18-347C-9DAA-8590E068E8FF> /System/Library/Frameworks/UniformTypeIdentifiers.framework/Versions/A/UniformTypeIdentifiers
       0x1922bd000 -        0x192391e5f  libboringssl.dylib (532.80.2) <BD4F0F25-2ABF-38B1-A9C6-2C7DB0BFB44B> /usr/lib/libboringssl.dylib
       0x192392000 -        0x19274da3f  com.apple.CFNetwork (1.0 - 3860.400.51) <708EB37B-5A66-3845-8BC8-29F429A3BC4E> /System/Library/Frameworks/CFNetwork.framework/Versions/A/CFNetwork
       0x19274e000 -        0x192768fdb  libsystem_networkextension.dylib (2205.81.1) <645A9697-79B5-3E35-A642-5FFDD53CB6A7> /usr/lib/system/libsystem_networkextension.dylib
       0x192769000 -        0x19276a067  libenergytrace.dylib (23) <6983B383-07F2-39CE-A1B3-BCB8B2AEF1B4> /usr/lib/libenergytrace.dylib
       0x19276b000 -        0x1927eb87f  libMobileGestalt.dylib (1462.80.9) <F0CE855D-F582-396D-843F-956572409B32> /usr/lib/libMobileGestalt.dylib
       0x1927ec000 -        0x192803ff3  libsystem_asl.dylib (406) <2A30FE38-5014-334B-941B-579054EA8C1E> /usr/lib/system/libsystem_asl.dylib
       0x192804000 -        0x192828c77  com.apple.TCC (1.0 - 1) <2BE6A2E2-A205-35D1-A802-FFAA38E1A91A> /System/Library/PrivateFrameworks/TCC.framework/Versions/A/TCC
       0x192829000 -        0x192defeff  com.apple.SkyLight (1.600.0 - 920.9.17) <0FDB8257-4BAD-3259-B1D8-0EF23EC53232> /System/Library/PrivateFrameworks/SkyLight.framework/Versions/A/SkyLight
       0x192df0000 -        0x193549f5f  com.apple.CoreGraphics (2.0 - 1965.3.5) <B8CC9D87-245A-3618-B5BC-510DB3AB3D7D> /System/Library/Frameworks/CoreGraphics.framework/Versions/A/CoreGraphics
       0x19354a000 -        0x1936f524b  com.apple.ColorSync (4.13.0 - 3813.3.3) <46D2669A-6F71-3861-B4F9-08C5BF79F880> /System/Library/Frameworks/ColorSync.framework/Versions/A/ColorSync
       0x193b54000 -        0x193f3eddf  com.apple.CoreData (120 - 1525) <2AEC49EA-6D54-31A7-A5CC-464FC045E850> /System/Library/Frameworks/CoreData.framework/Versions/A/CoreData
       0x193f3f000 -        0x193f5ac1f  com.apple.ProtocolBuffer (1 - 310.23.11.13.1) <900999B5-252D-3CC0-ABC3-BF6341749462> /System/Library/PrivateFrameworks/ProtocolBuffer.framework/Versions/A/ProtocolBuffer
       0x193f5b000 -        0x1941423f3  libsqlite3.dylib (381) <4B2A53D8-FDF5-3D5E-8FDE-3D87C905D5CB> /usr/lib/libsqlite3.dylib
       0x1941e4000 -        0x1942d4fbf  com.apple.BaseBoard (732.1.1 - 732.1.1) <B44000BE-3B72-32DD-9D19-F8EF38BC41BB> /System/Library/PrivateFrameworks/BaseBoard.framework/Versions/A/BaseBoard
       0x1942d5000 -        0x1943400df  com.apple.RunningBoardServices (1.0 - 1008.80.2) <5E2ACA43-C13C-38CC-BBCB-063FE8FBC21D> /System/Library/PrivateFrameworks/RunningBoardServices.framework/Versions/A/RunningBoardServices
       0x194341000 -        0x1943b55f7  com.apple.AE (944 - 944) <C2E75873-78F4-33BE-B63B-D211345BAC66> /System/Library/Frameworks/CoreServices.framework/Versions/A/Frameworks/AE.framework/Versions/A/AE
       0x1943b6000 -        0x1943c7507  libdns_services.dylib (2881.80.4.0.1) <27DAB64C-4397-3D9A-8C31-774B6B218868> /usr/lib/libdns_services.dylib
       0x1943c8000 -        0x1943d03b7  libsystem_symptoms.dylib (2158.80.11) <ED7EEE1F-0CA6-30CF-9A27-7440EE0661BC> /usr/lib/system/libsystem_symptoms.dylib
       0x1943d1000 -        0x1958a6f3f  com.apple.Network (1.0 - 5569.81.5) <CACE282D-F415-3C6F-89FC-1365CA16706C> /System/Library/Frameworks/Network.framework/Versions/A/Network
       0x1958a7000 -        0x1958d6d5f  com.apple.analyticsd (1.0 - 1) <5DC2D1D6-8EB5-36B9-981D-BAEA1E9476D9> /System/Library/PrivateFrameworks/CoreAnalytics.framework/Versions/A/CoreAnalytics
       0x1958d7000 -        0x1958d88d3  libDiagnosticMessagesClient.dylib (113) <DD4A6220-3407-350B-8D5F-FA1ADCB39952> /usr/lib/libDiagnosticMessagesClient.dylib
       0x1958d9000 -        0x19593ea7f  com.apple.spotlight.metadata.utilities (1.0 - 2400.22.400) <85E8979D-486F-3546-ACEC-06D355251996> /System/Library/PrivateFrameworks/MetadataUtilities.framework/Versions/A/MetadataUtilities
       0x19593f000 -        0x1959caa1f  com.apple.Metadata (26.3 - 2400.22.400) <2D1C8E95-68CA-3095-A49B-5C945F183DBF> /System/Library/Frameworks/CoreServices.framework/Versions/A/Frameworks/Metadata.framework/Versions/A/Metadata
       0x1959cb000 -        0x1959d421b  com.apple.DiskArbitration (2.7 - 2.7) <B701A629-BD07-3576-91A4-F8B1F722FD53> /System/Library/Frameworks/DiskArbitration.framework/Versions/A/DiskArbitration
       0x1959d5000 -        0x195e0b5f7  com.apple.vImage (8.1 - 632) <A50F1C82-677F-3E79-9B0B-43D39D30113C> /System/Library/Frameworks/Accelerate.framework/Versions/A/Frameworks/vImage.framework/Versions/A/vImage
       0x195e0c000 -        0x19622d37f  com.apple.QuartzCore (1194.10.15 - 1194.10.15) <69E28FBA-4743-3B08-A63F-620335513F7C> /System/Library/Frameworks/QuartzCore.framework/Versions/A/QuartzCore
       0x19622e000 -        0x19628003f  libFontRegistry.dylib (408.2.0.1) <686EE750-F52F-3D79-BF53-A5A47DFA0980> /System/Library/Frameworks/ApplicationServices.framework/Versions/A/Frameworks/ATS.framework/Versions/A/Resources/libFontRegistry.dylib
       0x19654d000 -        0x19655aaff  com.apple.OpenDirectory (26.3 - 646) <867BD0BC-3AAE-37D3-B9BC-8D9D26D1A693> /System/Library/Frameworks/OpenDirectory.framework/Versions/A/OpenDirectory
       0x19655b000 -        0x196579137  com.apple.CFOpenDirectory (26.3 - 646) <1D13D354-A6E4-3D09-8767-178BBCCE7160> /System/Library/Frameworks/OpenDirectory.framework/Versions/A/Frameworks/CFOpenDirectory.framework/Versions/A/CFOpenDirectory
       0x19657a000 -        0x19658792b  com.apple.CoreServices.FSEvents (1407.80.2 - 1407.80.2) <F8754C4B-98C2-3620-906B-867CF819D573> /System/Library/Frameworks/CoreServices.framework/Versions/A/Frameworks/FSEvents.framework/Versions/A/FSEvents
       0x196588000 -        0x1965b10ff  com.apple.coreservices.SharedFileList (225 - 225) <EAA673A4-01C4-3DD7-8902-88DBCA5ACC44> /System/Library/Frameworks/CoreServices.framework/Versions/A/Frameworks/SharedFileList.framework/Versions/A/SharedFileList
       0x1965b2000 -        0x1965b50af  libapp_launch_measurement.dylib (17) <E586AFBF-3D19-363E-844B-ADF95B70C5FE> /usr/lib/libapp_launch_measurement.dylib
       0x1965b6000 -        0x1965ff69f  com.apple.CoreAutoLayout (1.0 - 34) <6F184B7A-746A-36C0-B719-55D72DC851BB> /System/Library/PrivateFrameworks/CoreAutoLayout.framework/Versions/A/CoreAutoLayout
       0x196600000 -        0x1966e6a5b  libxml2.2.dylib (39.10) <9322DDA4-E883-3780-A6A7-BEE37F52CD1D> /usr/lib/libxml2.2.dylib
       0x1966e7000 -        0x19676b01f  com.apple.CoreVideo (1.8 - 726.2) <67098F59-D15B-3748-BCB9-C8041CE75424> /System/Library/Frameworks/CoreVideo.framework/Versions/A/CoreVideo
       0x19676c000 -        0x19676ef5f  com.apple.loginsupport (3.0 - 264.3.1) <71298A1B-E10D-30A6-B573-7C9BE5744467> /System/Library/PrivateFrameworks/login.framework/Versions/A/Frameworks/loginsupport.framework/Versions/A/loginsupport
       0x1967ad000 -        0x1967d94df  com.apple.UserManagement (1.0 - 1) <541127CD-DCC7-398E-9D5F-E60E970BB70D> /System/Library/PrivateFrameworks/UserManagement.framework/Versions/A/UserManagement
       0x198392000 -        0x1983ca2bb  libsystem_containermanager.dylib (725.80.5) <1DDF96F6-6A8A-33F5-8691-8D3356620687> /usr/lib/system/libsystem_containermanager.dylib
       0x1983cb000 -        0x1983e749f  com.apple.IOSurface (393.3.2 - 393.3.2) <ED424459-9711-3A8F-858E-142088C61B60> /System/Library/Frameworks/IOSurface.framework/Versions/A/IOSurface
       0x1983e8000 -        0x1983f201f  com.apple.IOAccelerator (487.0.2 - 487.0.2) <307B667F-29EB-3CD3-B7F8-13083B4DB1AB> /System/Library/PrivateFrameworks/IOAccelerator.framework/Versions/A/IOAccelerator
       0x1983f3000 -        0x1986d6b9f  com.apple.Metal (371.5 - 371.5) <295341EE-1E42-3550-BD7E-D6B108112BCD> /System/Library/Frameworks/Metal.framework/Versions/A/Metal
       0x1986d7000 -        0x1986ffd7f  com.apple.audio.caulk (1.0 - 214) <67D6BCC2-F024-388E-B546-B1C2FE6F0DDC> /System/Library/PrivateFrameworks/caulk.framework/Versions/A/caulk
       0x198700000 -        0x1988bcfbf  com.apple.CoreMedia (1.0 - 3300.7.1.5.1) <BC6763E1-95CE-3468-B7A4-529DFCFC75EA> /System/Library/Frameworks/CoreMedia.framework/Versions/A/CoreMedia
       0x1988bd000 -        0x198b8ea9f  libFontParser.dylib (435.2.0.1) <7172761E-55AC-34C9-880E-47EB02EE5AC5> /System/Library/PrivateFrameworks/FontServices.framework/libFontParser.dylib
       0x198eec000 -        0x19923ab1f  com.apple.ImageIO (3.3.0 - 2784.3.4) <AEAEEEC1-C9BB-3338-B807-BBBFA7270FA1> /System/Library/Frameworks/ImageIO.framework/Versions/A/ImageIO
       0x19923b000 -        0x1997329df  com.apple.CoreImage (19.0.0 - 1592.80.2) <15BD3884-9208-3178-ACC7-8015DBF81493> /System/Library/Frameworks/CoreImage.framework/Versions/A/CoreImage
       0x199733000 -        0x1997e759f  com.apple.MetalPerformanceShaders.MPSCore (1.0 - 1) <7946CBB0-6AC7-3748-BC29-AAB73F4BE22F> /System/Library/Frameworks/MetalPerformanceShaders.framework/Versions/A/Frameworks/MPSCore.framework/Versions/A/MPSCore
       0x1997e8000 -        0x1997ec66f  libsystem_configuration.dylib (1385.80.4) <E5837A49-4BF9-3D25-8671-A6174223010A> /usr/lib/system/libsystem_configuration.dylib
       0x1997ed000 -        0x1997f36a7  libsystem_sandbox.dylib (2680.80.20) <8875D51A-D22D-3A6B-9A17-8D565C96262C> /usr/lib/system/libsystem_sandbox.dylib
       0x1997f4000 -        0x1997f517f  com.apple.AggregateDictionary (1.0 - 1) <A3D1EC6F-A05D-3304-B76F-71D387D1211E> /System/Library/PrivateFrameworks/AggregateDictionary.framework/Versions/A/AggregateDictionary
       0x1997f6000 -        0x1997fa59f  com.apple.AppleSystemInfo (3.1.5 - 3.1.5) <7566E13C-3993-39D3-BE5B-1F199AE3B75E> /System/Library/PrivateFrameworks/AppleSystemInfo.framework/Versions/A/AppleSystemInfo
       0x1997fb000 -        0x1997fc44f  liblangid.dylib (140) <3FF4383E-F460-3EEE-BF4E-3CEC36E85223> /usr/lib/liblangid.dylib
       0x1997fd000 -        0x19991ec5f  com.apple.CoreNLP (1.0 - 313) <C0892436-8659-3777-B045-47008F325656> /System/Library/PrivateFrameworks/CoreNLP.framework/Versions/A/CoreNLP
       0x19991f000 -        0x1999259bf  com.apple.LinguisticData (1.0 - 483.10) <52B8AC2F-033F-38B8-A8CA-CC4EA962700B> /System/Library/PrivateFrameworks/LinguisticData.framework/Versions/A/LinguisticData
       0x199926000 -        0x19a90d573  libBNNS.dylib (1860.81.1) <C9713301-568D-30CC-9EDF-ACF28AC686CF> /System/Library/Frameworks/Accelerate.framework/Versions/A/Frameworks/vecLib.framework/Versions/A/libBNNS.dylib
       0x19a90e000 -        0x19aa4743f  libvDSP.dylib (1123.80.6) <6EBE55CA-86CC-3BE2-B08E-DE16B3CD241A> /System/Library/Frameworks/Accelerate.framework/Versions/A/Frameworks/vecLib.framework/Versions/A/libvDSP.dylib
       0x19aa7e000 -        0x19aa8f643  com.apple.IOMobileFramebuffer (343.0.0 - 343.0.0) <4AEA2926-6908-34BD-9DE1-C3DB527A2C96> /System/Library/PrivateFrameworks/IOMobileFramebuffer.framework/Versions/A/IOMobileFramebuffer
       0x19ac8f000 -        0x19aca685f  com.apple.MobileKeyBag (2.0 - 1.0) <5627A8E0-F88A-3782-AD44-0E86692C1D95> /System/Library/PrivateFrameworks/MobileKeyBag.framework/Versions/A/MobileKeyBag
       0x19aca7000 -        0x19acb519f  com.apple.AssertionServices (1.0 - 1008.80.2) <A8EEEADF-31FD-3864-8A58-1AD15FCDD2E1> /System/Library/PrivateFrameworks/AssertionServices.framework/Versions/A/AssertionServices
       0x19acb6000 -        0x19ad48ebf  com.apple.securityfoundation (6.0 - 55293) <C44B4193-0CA3-3428-88E3-2F0FE536E172> /System/Library/Frameworks/SecurityFoundation.framework/Versions/A/SecurityFoundation
       0x19ad49000 -        0x19ad7abff  com.apple.coreservices.BackgroundTaskManagement (1.0 - 104) <7BB3D657-C9C4-3C3F-813D-E1CB09D70679> /System/Library/PrivateFrameworks/BackgroundTaskManagement.framework/Versions/A/BackgroundTaskManagement
       0x19ad86000 -        0x19ad891fb  libquarantine.dylib (196.40.3) <84049E82-ACDC-39F3-A2D7-6ECB912B825A> /usr/lib/system/libquarantine.dylib
       0x19ad8a000 -        0x19ad95323  libCheckFix.dylib (33) <0A61336F-1415-3E48-93D3-1A15A9EF3AF0> /usr/lib/libCheckFix.dylib
       0x19ad96000 -        0x19adad6db  libcoretls.dylib (187.80.1) <18114049-42B5-38B8-997F-B0989E680C7D> /usr/lib/libcoretls.dylib
       0x19adae000 -        0x19adbf2eb  libbsm.0.dylib (90) <8068587D-B142-38EC-8386-93F296956286> /usr/lib/libbsm.0.dylib
       0x19adc0000 -        0x19ae20edb  libmecab.dylib (1121) <B076B7F6-0A81-367E-9F65-F4CAF22BB4C0> /usr/lib/libmecab.dylib
       0x19ae21000 -        0x19ae2343b  libgermantok.dylib (31) <152FE5FE-9E55-3635-8254-635B60AEED43> /usr/lib/libgermantok.dylib
       0x19ae24000 -        0x19ae3847f  libLinearAlgebra.dylib (1545.81.3) <1EDCFF88-F2BE-30DC-BFA7-57910ACFE520> /System/Library/Frameworks/Accelerate.framework/Versions/A/Frameworks/vecLib.framework/Versions/A/libLinearAlgebra.dylib
       0x19ae39000 -        0x19b085b7f  com.apple.MetalPerformanceShaders.MPSNeuralNetwork (1.0 - 1) <3DE709B6-4214-33FA-9BD2-B573C155BFEA> /System/Library/Frameworks/MetalPerformanceShaders.framework/Versions/A/Frameworks/MPSNeuralNetwork.framework/Versions/A/MPSNeuralNetwork
       0x19b086000 -        0x19b0da6bf  com.apple.MetalPerformanceShaders.MPSRayIntersector (1.0 - 1) <24304BCD-61A8-3476-B846-EE05A63A0D16> /System/Library/Frameworks/MetalPerformanceShaders.framework/Versions/A/Frameworks/MPSRayIntersector.framework/Versions/A/MPSRayIntersector
       0x19b271000 -        0x19b2a247f  com.apple.MetalPerformanceShaders.MPSMatrix (1.0 - 1) <B4837302-DC97-3D70-96E0-221AC7CE39F0> /System/Library/Frameworks/MetalPerformanceShaders.framework/Versions/A/Frameworks/MPSMatrix.framework/Versions/A/MPSMatrix
       0x19b2a3000 -        0x19b467ebf  com.apple.MetalPerformanceShaders.MPSNDArray (1.0 - 1) <6E99C598-E6C7-3A95-B240-928E4AD4C27D> /System/Library/Frameworks/MetalPerformanceShaders.framework/Versions/A/Frameworks/MPSNDArray.framework/Versions/A/MPSNDArray
       0x19b468000 -        0x19b4fc7bf  com.apple.MetalPerformanceShaders.MPSImage (1.0 - 1) <39FA708C-6D38-36E7-89B2-8E8482AC7CA9> /System/Library/Frameworks/MetalPerformanceShaders.framework/Versions/A/Frameworks/MPSImage.framework/Versions/A/MPSImage
       0x19b4fd000 -        0x19b508343  com.apple.AppleFSCompression (174 - 1.0) <0634E802-D138-3EC4-BDBF-116A76242920> /System/Library/PrivateFrameworks/AppleFSCompression.framework/Versions/A/AppleFSCompression
       0x19b509000 -        0x19b515983  libbz2.1.0.dylib (47) <1701C215-5001-3C8F-B688-FB5257761C7C> /usr/lib/libbz2.1.0.dylib
       0x19b516000 -        0x19b51d00b  libsystem_coreservices.dylib (191.3.3) <94151A03-8600-3318-8719-103E2D5E83A5> /usr/lib/system/libsystem_coreservices.dylib
       0x19b51e000 -        0x19b5502bf  com.apple.CoreServices.OSServices (1141.1 - 1141.1) <343A1CEB-1677-33E5-8D4B-7423DEC58316> /System/Library/Frameworks/CoreServices.framework/Versions/A/Frameworks/OSServices.framework/Versions/A/OSServices
       0x19ba60000 -        0x19ba6f18f  libz.1.dylib (100) <995A8B0F-E8BA-347F-A403-1023361B58DE> /usr/lib/libz.1.dylib
       0x19ba70000 -        0x19baad8b7  libsystem_m.dylib (3309) <9B88F30F-0BEF-391B-A358-8D1E2B08CCBE> /usr/lib/system/libsystem_m.dylib
       0x19baae000 -        0x19baaec9b  libcharset.1.dylib (113) <C89EE3DE-04DA-3C9D-92A4-CE56625E1B9A> /usr/lib/libcharset.1.dylib
       0x19baaf000 -        0x19bab2537  libmacho.dylib (1030.6.3) <D84C5B4C-6EE5-3B2D-8B96-DCA5B83EC11D> /usr/lib/system/libmacho.dylib
       0x19bab3000 -        0x19bacbdfb  libkxld.dylib (12377.91.3) <7D797DED-11BB-3615-AD4A-B8CEF47CEE43> /usr/lib/system/libkxld.dylib
       0x19bacc000 -        0x19bad961f  libcommonCrypto.dylib (600035) <04C03765-D34A-311F-AE1E-CFBB1E627E54> /usr/lib/system/libcommonCrypto.dylib
       0x19bada000 -        0x19bae3b0b  libunwind.dylib (1900.125) <F8A54A94-01E7-32FD-8CBD-A6E62CE80120> /usr/lib/system/libunwind.dylib
       0x19bae4000 -        0x19baeb319  liboah.dylib (367.3) <5315C55D-09E5-394B-A9E5-672B23847BF7> /usr/lib/liboah.dylib
       0x19baec000 -        0x19baf66ff  libcopyfile.dylib (230.0.1.0.1) <4EBDFB06-9F51-3FEF-A4D8-B1AFB9D0E823> /usr/lib/system/libcopyfile.dylib
       0x19baf7000 -        0x19bafa95f  libcompiler_rt.dylib (103.3) <55AFEF28-E352-38B8-ACD6-60B67AA83B68> /usr/lib/system/libcompiler_rt.dylib
       0x19bafb000 -        0x19baffa1b  libsystem_collections.dylib (1725.40.4) <17BD45DA-1D82-3A90-9F18-5D569A5693B5> /usr/lib/system/libsystem_collections.dylib
       0x19bb00000 -        0x19bb034bf  libsystem_secinit.dylib (168.40.2) <0928D7E4-5DB0-3B75-9DF5-08EC8E9C033B> /usr/lib/system/libsystem_secinit.dylib
       0x19bb04000 -        0x19bb06b57  libremovefile.dylib (84) <D854E7F8-C351-331B-9A26-BE66F9B8996D> /usr/lib/system/libremovefile.dylib
       0x19bb07000 -        0x19bb07f27  libkeymgr.dylib (31) <18ED97A3-6DD7-3EC2-AB38-E16A862BE1A7> /usr/lib/system/libkeymgr.dylib
       0x19bb08000 -        0x19bb10f8f  libsystem_dnssd.dylib (2881.80.4.0.1) <A3401BB5-786C-32DC-A9A0-E8405AE9E0CD> /usr/lib/system/libsystem_dnssd.dylib
       0x19bb11000 -        0x19bb160b3  libcache.dylib (95) <EA56E91F-7683-3AA5-AF72-185994622502> /usr/lib/system/libcache.dylib
       0x19bb17000 -        0x19bb18cf3  libSystem.B.dylib (1356) <44B9EC51-9AC9-3D3B-A7F8-DEB02133130A> /usr/lib/libSystem.B.dylib
       0x19bb19000 -        0x19bb1b03f  libfakelink.dylib (5) <7C244DA6-8C2F-3E66-BE8E-AEFA05DFD0EB> /usr/lib/libfakelink.dylib
       0x19bb1c000 -        0x19bb1ca63  com.apple.SoftLinking (1.0 - 67) <9E5D4C80-C0A3-3F6C-8185-0FE3E0C01004> /System/Library/PrivateFrameworks/SoftLinking.framework/Versions/A/SoftLinking
       0x19bb52000 -        0x19bb591bb  libiconv.2.dylib (113) <91928A6D-E098-3B69-B8BB-024C1AED3F71> /usr/lib/libiconv.2.dylib
       0x19bb6d000 -        0x19bc64b7f  libarchive.2.dylib (160.60.3) <980CBA3C-08C6-39E5-BF56-75C2589FC55B> /usr/lib/libarchive.2.dylib
       0x19bc65000 -        0x19bccc7cf  com.apple.SearchKit (1.4.2 - 1.4.2) <7D22A101-B83E-3645-B57E-23C5DCCB9FD4> /System/Library/Frameworks/CoreServices.framework/Versions/A/Frameworks/SearchKit.framework/Versions/A/SearchKit
       0x19bccd000 -        0x19bcd50ff  libThaiTokenizer.dylib (28) <180E7D93-7AB6-3D9C-ABEA-A559E87149E9> /usr/lib/libThaiTokenizer.dylib
       0x19bcd6000 -        0x19bcf9b67  com.apple.applesauce (1.0 - 17.1) <122E6050-C663-3F97-A1B7-152CC75ED245> /System/Library/PrivateFrameworks/AppleSauce.framework/Versions/A/AppleSauce
       0x19bcfa000 -        0x19bd1222b  libapple_nghttp2.dylib (37) <8CD32C25-599A-38F7-AE08-1066E92ACC77> /usr/lib/libapple_nghttp2.dylib
       0x19bd13000 -        0x19bd39dcf  libSparseBLAS.dylib (1545.81.3) <E9E24E7F-E646-37EA-A519-B0317EDC7C93> /System/Library/Frameworks/Accelerate.framework/Versions/A/Frameworks/vecLib.framework/Versions/A/libSparseBLAS.dylib
       0x19bd3a000 -        0x19bd3b63f  com.apple.MetalPerformanceShaders.MetalPerformanceShaders (1.0 - 1) <7F88DED0-627A-3CCC-85EE-ECDB75EDDE44> /System/Library/Frameworks/MetalPerformanceShaders.framework/Versions/A/MetalPerformanceShaders
       0x19bd3c000 -        0x19bd4202f  libpam.2.dylib (35) <22AC6D45-CC44-35F8-A8BB-A19B2FA672AB> /usr/lib/libpam.2.dylib
       0x19bd43000 -        0x19be1414f  libcompression.dylib (190.40.2) <23B871E6-DCDD-3B96-9A12-A71956C7B8B8> /usr/lib/libcompression.dylib
       0x19be15000 -        0x19be191f7  libQuadrature.dylib (8) <398729C1-1FC1-3D03-A8E3-8BF23633F2F2> /System/Library/Frameworks/Accelerate.framework/Versions/A/Frameworks/vecLib.framework/Versions/A/libQuadrature.dylib
       0x19be1a000 -        0x19d08559f  libLAPACK.dylib (1545.81.3) <3FAAACBF-A8BA-3F64-BA51-9D8AEF63865F> /System/Library/Frameworks/Accelerate.framework/Versions/A/Frameworks/vecLib.framework/Versions/A/libLAPACK.dylib
       0x19d086000 -        0x19d0dd75f  com.apple.DictionaryServices (1.2 - 373) <86707711-20C7-3291-9980-E4A705779A93> /System/Library/Frameworks/CoreServices.framework/Versions/A/Frameworks/DictionaryServices.framework/Versions/A/DictionaryServices
       0x19d0de000 -        0x19d0fc88f  liblzma.5.dylib (21) <FC6DCDF3-5995-3B58-B7C4-D051C8DA1078> /usr/lib/liblzma.5.dylib
       0x19d0fd000 -        0x19d0fe86f  libcoretls_cfhelpers.dylib (187.80.1) <E73C2CF5-8828-3C09-9709-6FD6A1BFABD2> /usr/lib/libcoretls_cfhelpers.dylib
       0x19d0ff000 -        0x19d16ed23  com.apple.APFS (2632.80.1 - 2632.80.1) <FB56436F-A54C-39FE-93C8-6126ED3CBE06> /System/Library/PrivateFrameworks/APFS.framework/Versions/A/APFS
       0x19d16f000 -        0x19d17d65b  libxar.1.dylib (501) <17ABD5B4-4168-35BB-883C-7C05E0222CB9> /usr/lib/libxar.1.dylib
       0x19d17e000 -        0x19d1818bb  libutil.dylib (73) <F2A7228B-0166-3073-8E64-5D768EA1916A> /usr/lib/libutil.dylib
       0x19d182000 -        0x19d1ace37  libxslt.1.dylib (21.13) <7D50C051-EA26-33B6-A0CF-8F55C66D75FB> /usr/lib/libxslt.1.dylib
       0x19d1b5000 -        0x19d22f107  libvMisc.dylib (1123.80.6) <196E2EBC-C3FB-341D-8434-F41016DC7D58> /System/Library/Frameworks/Accelerate.framework/Versions/A/Frameworks/vecLib.framework/Versions/A/libvMisc.dylib
       0x19d230000 -        0x19d2c04ff  libate.dylib (3.0.9) <7CE7E760-0CBE-35D8-9BC9-408CEBEEC8F9> /usr/lib/libate.dylib
       0x19d2ca000 -        0x19d2dd49f  com.apple.CrashReporterSupport (10.13 - 15138) <4BC3F138-9AB3-341B-B8E4-41E205A17446> /System/Library/PrivateFrameworks/CrashReporterSupport.framework/Versions/A/CrashReporterSupport
       0x19d421000 -        0x19d46281f  com.apple.pluginkit.framework (1.0 - 1) <1703231D-AD76-34E0-8554-AB7516D250A6> /System/Library/PrivateFrameworks/PlugInKit.framework/Versions/A/PlugInKit
       0x19d4d9000 -        0x19d521ee7  com.apple.AppleVAFramework (6.2.10 - 6.2.10) <3371B6E3-D5B1-39FD-A01A-C4AC3A5F9AB2> /System/Library/PrivateFrameworks/AppleVA.framework/Versions/A/AppleVA
       0x19d522000 -        0x19d53cd17  libexpat.1.dylib (45) <EA037ED9-9231-336B-B34A-6D1E4572A673> /usr/lib/libexpat.1.dylib
       0x19d53d000 -        0x19d546bab  libheimdal-asn1.dylib (710.0.1) <80BC30C5-A36C-32FE-A229-D811538D2CBF> /usr/lib/libheimdal-asn1.dylib
       0x19d665000 -        0x19d72781f  com.apple.MediaExperience (1.0 - 1) <71583743-16EE-3710-A817-7578D95710AE> /System/Library/PrivateFrameworks/MediaExperience.framework/Versions/A/MediaExperience
       0x19d754000 -        0x19d76381f  com.apple.GraphVisualizer (1.0 - 307) <B4F4AB5F-8A32-34A2-87F6-F960B831576E> /System/Library/PrivateFrameworks/GraphVisualizer.framework/Versions/A/GraphVisualizer
       0x19d764000 -        0x19d7a461f  com.apple.OTSVG (1.0 - 877.3.0.1) <193C67AB-6D1B-39AE-BA5F-FC5A01A3D496> /System/Library/PrivateFrameworks/OTSVG.framework/Versions/A/OTSVG
       0x19d7a5000 -        0x19d7b1c5f  com.apple.xpc.AppServerSupport (1.0 - 3089.80.10) <3B17D32E-406A-3F63-9A05-3600EA639945> /System/Library/PrivateFrameworks/AppServerSupport.framework/Versions/A/AppServerSupport
       0x19d7b2000 -        0x19d7b8bdf  libspindump.dylib (412.0.1) <C1B32465-98DD-3033-8BFC-EFC0B3205225> /usr/lib/libspindump.dylib
       0x19d7b9000 -        0x19d879f3f  com.apple.Heimdal (4.0 - 2.0) <220BDA49-10B5-3B84-92E1-4F215343EB64> /System/Library/PrivateFrameworks/Heimdal.framework/Versions/A/Heimdal
       0x19db40000 -        0x19db84da7  com.apple.AppleJPEG (1.0 - 1) <54D9430E-9FF9-39FD-8088-B9E2BF558B48> /System/Library/PrivateFrameworks/AppleJPEG.framework/Versions/A/AppleJPEG
       0x19db85000 -        0x19dd5718f  libJP2.dylib (2784.3.7) <A3566B1B-5C73-346D-A299-77711BB7822E> /System/Library/Frameworks/ImageIO.framework/Versions/A/Resources/libJP2.dylib
       0x19dd58000 -        0x19dd59e37  com.apple.WatchdogClient.framework (1.0 - 323.80.7) <90799AEF-3884-3CD7-BAB9-DAE0B2118FB6> /System/Library/PrivateFrameworks/WatchdogClient.framework/Versions/A/WatchdogClient
       0x19dd5a000 -        0x19dd9febf  com.apple.MultitouchSupport.framework (9430.5 - 9430.5) <40D691BB-9166-31E0-959E-351863FF09A0> /System/Library/PrivateFrameworks/MultitouchSupport.framework/Versions/A/MultitouchSupport
       0x19dda0000 -        0x19e315f1f  com.apple.VideoToolbox (1.0 - 3300.7.1.5.1) <7550E54C-1021-3DFE-A5F3-161E1D5B109E> /System/Library/Frameworks/VideoToolbox.framework/Versions/A/VideoToolbox
       0x19e316000 -        0x19e33b6d7  libAudioToolboxUtility.dylib (1556.418.1) <74DDD6F9-F92D-3BAA-919E-2EBCC7BE0BB4> /usr/lib/libAudioToolboxUtility.dylib
       0x19e33c000 -        0x19e367077  libPng.dylib (2784.3.7) <C5FC4D16-2285-3EF1-85FF-25A837CAC02B> /System/Library/Frameworks/ImageIO.framework/Versions/A/Resources/libPng.dylib
       0x19e368000 -        0x19e3c9c67  libTIFF.dylib (2784.3.7) <418A0AEE-D3B8-3D1F-BAF9-DD4992BDDBBB> /System/Library/Frameworks/ImageIO.framework/Versions/A/Resources/libTIFF.dylib
       0x19e3ca000 -        0x19e3e9d2b  com.apple.IOPresentment (67 - 67) <D1431263-C011-3735-911B-57FCC6A8D8F0> /System/Library/PrivateFrameworks/IOPresentment.framework/Versions/A/IOPresentment
       0x19e3ea000 -        0x19e3ee803  com.apple.GPUWrangler (8.1.12 - 8.1.12) <16796BF6-20AE-3970-804E-4411E5916C36> /System/Library/PrivateFrameworks/GPUWrangler.framework/Versions/A/GPUWrangler
       0x19e3ef000 -        0x19e3f194b  libRadiance.dylib (2784.3.7) <27ED1BD0-43D9-359D-BB98-8EFC37EF961C> /System/Library/Frameworks/ImageIO.framework/Versions/A/Resources/libRadiance.dylib
       0x19e3f2000 -        0x19e3f7653  com.apple.DSExternalDisplay (3.1 - 380) <4A9C6533-7E84-32B7-A203-3D9A380CA20E> /System/Library/PrivateFrameworks/DSExternalDisplay.framework/Versions/A/DSExternalDisplay
       0x19e3f8000 -        0x19e4230ff  libJPEG.dylib (2784.3.7) <415AE428-CA88-3227-822C-0769797CC15B> /System/Library/Frameworks/ImageIO.framework/Versions/A/Resources/libJPEG.dylib
       0x19e452000 -        0x19e457a5b  libGIF.dylib (2784.3.7) <64C67EB5-5A28-307B-B60E-274FD6204B30> /System/Library/Frameworks/ImageIO.framework/Versions/A/Resources/libGIF.dylib
       0x19e458000 -        0x19e4681bf  com.apple.CMCaptureCore (1.0 - 665.81.8) <710EA6AB-022E-3761-9D2B-C57E4557F3E2> /System/Library/PrivateFrameworks/CMCaptureCore.framework/Versions/A/CMCaptureCore
       0x19f40f000 -        0x19f47e2a3  libusrtcp.dylib (5569.81.5) <DB7A00EC-9A65-3BF4-BF00-7140D3695DD5> /usr/lib/libusrtcp.dylib
       0x19f47f000 -        0x19fa0d6df  libswiftCore.dylib (6.2.4 - 6.2.4.1.4) <EF17EAAC-5E38-3D8F-9849-A68224788FA6> /usr/lib/swift/libswiftCore.dylib
       0x19fac0000 -        0x19fb16e1f  libSessionUtility.dylib (398.303) <58FE2B57-736E-3699-A562-0ED3860CA0D7> /System/Library/PrivateFrameworks/AudioSession.framework/libSessionUtility.dylib
       0x19fb17000 -        0x19fcf1edf  com.apple.audio.toolbox.AudioToolbox (1.14 - 1.14) <7DEE28E3-513B-366B-B5A5-9364BAC13D05> /System/Library/Frameworks/AudioToolbox.framework/Versions/A/AudioToolbox
       0x19fcf2000 -        0x19fd7015f  com.apple.audio.AudioSession (1.0 - 398.303) <B5F56459-60CE-38CD-9CBA-A4FAA0CAC06B> /System/Library/PrivateFrameworks/AudioSession.framework/Versions/A/AudioSession
       0x19fd71000 -        0x19fd89b1f  libAudioStatistics.dylib (262.202) <092A32F2-26E3-394D-A6B5-EE325B63BA30> /usr/lib/libAudioStatistics.dylib
       0x19fe00000 -        0x19fe1c0a3  libresolv.9.dylib (93) <BA9529D6-9D20-3B20-9027-9F5E05EF798A> /usr/lib/libresolv.9.dylib
       0x19fe1d000 -        0x19fe2f7d7  libsasl2.2.dylib (215) <D0F77A8D-AC14-3D2F-8DC5-11F93F09AF05> /usr/lib/libsasl2.2.dylib
       0x1a0028000 -        0x1a0108a0f  libSMC.dylib (38) <4FC6F40D-7C6A-3A87-A3EB-15E23927855C> /usr/lib/libSMC.dylib
       0x1a0168000 -        0x1a0174a17  com.apple.NetAuth (6.2 - 6.2) <1AEB3F84-0E3C-3EE1-8752-ECD2DCA06327> /System/Library/PrivateFrameworks/NetAuth.framework/Versions/A/NetAuth
       0x1a0183000 -        0x1a019047f  com.apple.perfdata (1.0 - 122) <3ABD2E5A-E972-34CA-8570-119E2E3DC3AE> /System/Library/PrivateFrameworks/perfdata.framework/Versions/A/perfdata
       0x1a0191000 -        0x1a019ed9f  libperfcheck.dylib (46) <0B04C7B7-8C72-3DAF-9F20-B374F7CA66EE> /usr/lib/libperfcheck.dylib
       0x1a019f000 -        0x1a01b01c7  com.apple.Kerberos (3.0 - 1) <29D91C4B-EF56-36D7-8B6E-A2FD173FC016> /System/Library/Frameworks/Kerberos.framework/Versions/A/Kerberos
       0x1a01b1000 -        0x1a0202aaf  com.apple.GSS (4.0 - 2.0) <80057AF7-854F-3E8D-8211-6B9123F2E7B4> /System/Library/Frameworks/GSS.framework/Versions/A/GSS
       0x1a0203000 -        0x1a0213da7  com.apple.CommonAuth (4.0 - 2.0) <42297637-45CB-32AB-B82D-BCB5EF41AAF0> /System/Library/PrivateFrameworks/CommonAuth.framework/Versions/A/CommonAuth
       0x1a0214000 -        0x1a02f2c7f  com.apple.MobileAssets (1.0 - 1837.80.27.0.1) <EF91F303-8A75-3ACB-9DA9-1AD3A147B3FA> /System/Library/PrivateFrameworks/MobileAsset.framework/Versions/A/MobileAsset
       0x1a0384000 -        0x1a03930b0  com.apple.CorePhoneNumbers (1.0 - 1) <2EEEB81B-0D2B-3F1B-B3A0-AD259A5E0516> /System/Library/PrivateFrameworks/CorePhoneNumbers.framework/Versions/A/CorePhoneNumbers
       0x1a1cef000 -        0x1a1de504f  com.apple.combine (1.0 - 3023) <D189CEB2-496E-3843-A5A2-020EE51B0E79> /System/Library/Frameworks/Combine.framework/Versions/A/Combine
       0x1a3fbe000 -        0x1a3fbe86f  com.apple.Accelerate.vecLib (3.11 - vecLib 3.11) <9C60DDF6-DB11-3382-9A90-5ECBF65AFFE2> /System/Library/Frameworks/Accelerate.framework/Versions/A/Frameworks/vecLib.framework/Versions/A/vecLib
       0x1a3fe4000 -        0x1a3fe498f  com.apple.CoreServices (1226 - 1226) <32A74A0A-3F86-3F02-98AF-51FB14BCC672> /System/Library/Frameworks/CoreServices.framework/Versions/A/CoreServices
       0x1a425b000 -        0x1a425b417  com.apple.Accelerate (1.11 - Accelerate 1.11) <501534A5-AC58-30C7-A4A5-3238694755F7> /System/Library/Frameworks/Accelerate.framework/Versions/A/Accelerate
       0x1a510f000 -        0x1a511e8bf  com.apple.SymptomDiagnosticReporter (1.0 - 411.80.3) <F4AFD7F9-6846-388E-A67F-5BE15D04792D> /System/Library/PrivateFrameworks/SymptomDiagnosticReporter.framework/Versions/A/SymptomDiagnosticReporter
       0x1a511f000 -        0x1a514ee7f  com.apple.PowerLog (1.0 - 1) <8B23076C-BB1E-380F-818D-DBE95406317C> /System/Library/PrivateFrameworks/PowerLog.framework/Versions/A/PowerLog
       0x1a515c000 -        0x1a521039f  com.apple.DiscRecording (9.0.3 - 9030.4.5) <12E01599-0C72-3DC4-91FD-74B159DAA3F8> /System/Library/Frameworks/DiscRecording.framework/Versions/A/DiscRecording
       0x1a5211000 -        0x1a524228f  com.apple.MediaKit (16 - 938) <5DFAE7C5-C6D7-317F-A3DC-34242AA73E77> /System/Library/PrivateFrameworks/MediaKit.framework/Versions/A/MediaKit
       0x1a5d0e000 -        0x1a5d24f90  libswiftDispatch.dylib (56) <078361EC-4DAA-33B3-B150-0A44C3E77CDD> /usr/lib/swift/libswiftDispatch.dylib
       0x1a6072000 -        0x1a60fecdf  com.apple.BoardServices (1.0 - 732.1.1) <16A1B6FF-1A9F-31FB-B748-EAA50B44F2B8> /System/Library/PrivateFrameworks/BoardServices.framework/Versions/A/BoardServices
       0x1a613f000 -        0x1a614c51f  com.apple.GraphicsServices (1.0 - 1.0) <59EEBD80-284A-3EF7-898A-AB3AD3BAD60A> /System/Library/PrivateFrameworks/GraphicsServices.framework/Versions/A/GraphicsServices
       0x1a6455000 -        0x1a64777a1  com.apple.DebugSymbols (216 - 217) <27C1590B-8AF0-3CAD-95EA-DDAADE07C037> /System/Library/PrivateFrameworks/DebugSymbols.framework/Versions/A/DebugSymbols
       0x1a6478000 -        0x1a658ef67  com.apple.CoreSymbolication (16.0 - 64572.108.2) <19C10993-319A-3609-B4EB-5692C746DE90> /System/Library/PrivateFrameworks/CoreSymbolication.framework/Versions/A/CoreSymbolication
       0x1a658f000 -        0x1a65992ff  com.apple.CoreTime (334.0.16.1 - 334.0.16.1) <A9E04DF2-47FF-3F79-B959-68E9B0A44370> /System/Library/PrivateFrameworks/CoreTime.framework/Versions/A/CoreTime
       0x1a7e45000 -        0x1a7eb61df  com.apple.BackBoardServices (1.0 - 1.0) <E974F144-2ECC-34B6-AF3C-60CCA887F86B> /System/Library/PrivateFrameworks/BackBoardServices.framework/Versions/A/BackBoardServices
       0x1a7eb7000 -        0x1a7ef2a7f  com.apple.LDAPFramework (2.4.28 - 194.5) <8A779B71-B768-3782-BFEA-DF575CE71860> /System/Library/Frameworks/LDAP.framework/Versions/A/LDAP
       0x1a7ef3000 -        0x1a7ef47a7  com.apple.TrustEvaluationAgent (2.0 - 38) <0C598FBB-A611-35CF-B375-A35DB12CF3B2> /System/Library/PrivateFrameworks/TrustEvaluationAgent.framework/Versions/A/TrustEvaluationAgent
       0x1a8021000 -        0x1a80deb5f  com.apple.DiskImagesFramework (681.60.1 - 681.60.1) <7AFA86B6-A0D7-37AE-B7CE-8D51629F99FB> /System/Library/PrivateFrameworks/DiskImages.framework/Versions/A/DiskImages
       0x1a811f000 -        0x1a8135e3f  com.apple.RemoteServiceDiscovery (1.0 - 202.80.2) <D2A83392-79C5-319B-A543-14E20F175FA5> /System/Library/PrivateFrameworks/RemoteServiceDiscovery.framework/Versions/A/RemoteServiceDiscovery
       0x1a8136000 -        0x1a814cc9f  com.apple.xpc.RemoteXPC (1.0 - 3089.80.10) <D14DDF8E-F1D9-398E-B9B3-5799854E6186> /System/Library/PrivateFrameworks/RemoteXPC.framework/Versions/A/RemoteXPC
       0x1a81e1000 -        0x1a826229f  libcurl.4.dylib (162) <7DAF1527-FDB0-3672-8A4F-E75B925F3FEA> /usr/lib/libcurl.4.dylib
       0x1a8269000 -        0x1a82ac3df  com.apple.AppSupport (1.0.0 - 29) <7BE1EBF8-7242-3342-B88E-FC23A3895588> /System/Library/PrivateFrameworks/AppSupport.framework/Versions/A/AppSupport
       0x1a8584000 -        0x1a8586f3f  com.apple.InternationalTextSearch (1.0 - 1) <4B08A856-FD3D-316F-9BB6-6D43497EE253> /System/Library/PrivateFrameworks/InternationalTextSearch.framework/Versions/A/InternationalTextSearch
       0x1a8b37000 -        0x1a8b373f7  libHeimdalProxy.dylib (88) <D22AFF6A-3024-32F9-981C-F81B8A989809> /System/Library/Frameworks/Kerberos.framework/Versions/A/Libraries/libHeimdalProxy.dylib
       0x1a8b62000 -        0x1a8b80c5f  com.apple.StreamingZip (1.0 - 1) <26A0BEC4-FA01-38C3-A2A4-DDEF58CFF91F> /System/Library/PrivateFrameworks/StreamingZip.framework/Versions/A/StreamingZip
       0x1a8bd4000 -        0x1a8bd760d  libswiftObjectiveC.dylib (951.1) <32F3A126-27F7-3F2D-975F-6A35735C240C> /usr/lib/swift/libswiftObjectiveC.dylib
       0x1a8bd8000 -        0x1a8bf52bf  libswiftos.dylib (1076.40.2) <68F1B6A7-A220-3BF6-9104-FE09847ACD74> /usr/lib/swift/libswiftos.dylib
       0x1a9b8e000 -        0x1a9c1cebf  com.apple.proactive.support.ProactiveSupport (1.0 - 415.1) <D475519B-DB21-3169-A170-4FA2082B994B> /System/Library/PrivateFrameworks/ProactiveSupport.framework/Versions/A/ProactiveSupport
       0x1a9d1a000 -        0x1a9d5565f  com.apple.ASEProcessing (1.50.5 - 1.50.5) <519706AF-8BDC-3F74-A5CD-BAC561CDDEFD> /System/Library/PrivateFrameworks/ASEProcessing.framework/Versions/A/ASEProcessing
       0x1aaf66000 -        0x1ab03349f  com.apple.audio.midi.CoreMIDI (2.0 - 88) <349E1842-7521-35A6-ACA9-E80329EC86A8> /System/Library/Frameworks/CoreMIDI.framework/Versions/A/CoreMIDI
       0x1abc25000 -        0x1abc297bf  com.apple.IOSurfaceAccelerator (1.0.0 - 1.0.0) <F6B04959-AC2A-3FD6-8683-84BD1DF0151C> /System/Library/PrivateFrameworks/IOSurfaceAccelerator.framework/Versions/A/IOSurfaceAccelerator
       0x1b0989000 -        0x1b099be5f  com.apple.HID (1.0 - 1) <4231332C-5487-32E4-9F39-69F58D8CDD95> /System/Library/PrivateFrameworks/HID.framework/Versions/A/HID
       0x1b53b8000 -        0x1b53c771f  com.apple.NetFS (6.0 - 4.0) <EB27EA43-1677-38DA-9C3C-C4EAD8BE70CA> /System/Library/Frameworks/NetFS.framework/Versions/A/NetFS
       0x1b58f6000 -        0x1b58f8a9f  libswiftDarwin.dylib (347.40.2) <38299193-F09E-32C2-9D02-41145E95B937> /usr/lib/swift/libswiftDarwin.dylib
       0x1b794c000 -        0x1b7a3d03f  libquic.dylib (5569.81.5) <A7793D8C-9436-3AA1-AEE1-C096E3AF3B69> /usr/lib/libquic.dylib
       0x1b7a49000 -        0x1b7a716bf  com.apple.private.SystemPolicy (1.0 - 1) <6E6D7AC0-63CC-37F5-9853-30DCAFF669AC> /System/Library/PrivateFrameworks/SystemPolicy.framework/Versions/A/SystemPolicy
       0x1b8915000 -        0x1b89a1f1f  com.apple.LoggingSupport (1.0 - 1815.80.2) <3B369836-295B-3C26-A2DA-A8036FDE4774> /System/Library/PrivateFrameworks/LoggingSupport.framework/Versions/A/LoggingSupport
       0x1b89a2000 -        0x1b89aea4b  com.apple.MallocStackLogging (1.0 - 64573.4.1) <C3EBC9BA-52FB-3624-B38F-595D3806224C> /System/Library/PrivateFrameworks/MallocStackLogging.framework/Versions/A/MallocStackLogging
       0x1b89d4000 -        0x1b8a2aeff  libmis.dylib (463.0.8) <529134B9-CD55-3EB9-9029-4BBD2AF7F1A4> /usr/lib/libmis.dylib
       0x1b8a2b000 -        0x1b8a2ec7f  com.apple.gpusw.GPURawCounter (34 - 34) <06667B12-6C26-3603-BD41-D218C434CD87> /System/Library/PrivateFrameworks/GPURawCounter.framework/Versions/A/GPURawCounter
       0x1b8a2f000 -        0x1b8a4eb53  libswiftCoreAudio.dylib (411.417) <2D95FC1B-7C4E-37B6-961A-2EFF7ED1B6BA> /usr/lib/swift/libswiftCoreAudio.dylib
       0x1b8a4f000 -        0x1b8a55387  libswiftCoreFoundation.dylib (2401) <6C11227E-B1B0-3F04-964B-7C6056F9C092> /usr/lib/swift/libswiftCoreFoundation.dylib
       0x1b8a61000 -        0x1b8aa7742  libswiftXPC.dylib (105.0.14) <D3B538A0-EF2F-31B2-A402-4DEE6A6AF2F4> /usr/lib/swift/libswiftXPC.dylib
       0x1b8aa9000 -        0x1b8aa98a3  libswiftIOKit.dylib (1) <65B73C62-BE48-3F5C-B9CB-559E88F6CCB2> /usr/lib/swift/libswiftIOKit.dylib
       0x1baa71000 -        0x1baab6123  libbootpolicy.dylib (289.0.1) <B76B88AD-CBA4-3C41-B0EC-0CCB1B982DDF> /usr/lib/libbootpolicy.dylib
       0x1bc50e000 -        0x1bc5259c3  libswiftsimd.dylib (23) <C6F52DF2-8CD3-3C9D-991D-1318248286D6> /usr/lib/swift/libswiftsimd.dylib
       0x1bdbba000 -        0x1bdbc337f  com.apple.IOAccelMemoryInfo (1.0 - 1) <5B7B2120-3E80-3187-8C92-2B68C2C60CBC> /System/Library/PrivateFrameworks/IOAccelMemoryInfo.framework/Versions/A/IOAccelMemoryInfo
       0x1bf1e0000 -        0x1bf1e91f7  libswiftCoreMIDI.dylib (6) <D7AC1755-2FFB-3301-9B7B-84F58EDE35DB> /usr/lib/swift/libswiftCoreMIDI.dylib
       0x1bf997000 -        0x1bf99dc9f  com.apple.MSUDataAccessor (1.0 - 1) <F5D53986-F5D5-37CD-B036-FBAC893F7DB6> /System/Library/PrivateFrameworks/MSUDataAccessor.framework/Versions/A/MSUDataAccessor
       0x1bfda0000 -        0x1bfe011df  com.apple.SoftwareUpdateCoreSupport (1.0 - 1) <63AC95BD-9446-31BA-9DF2-44B0E4FCA200> /System/Library/PrivateFrameworks/SoftwareUpdateCoreSupport.framework/Versions/A/SoftwareUpdateCoreSupport
       0x1c389c000 -        0x1c38f2cff  com.apple.biome.BiomeFoundation (1.0 - 200.6) <713156C1-0B57-3241-95EB-F78A7A7F6C5E> /System/Library/PrivateFrameworks/BiomeFoundation.framework/Versions/A/BiomeFoundation
       0x1c66b1000 -        0x1c66bd49a  libswiftMetal.dylib (371.5) <E81FF6C4-7BA2-32A8-B7EE-5C34A4393939> /usr/lib/swift/libswiftMetal.dylib
       0x1c66be000 -        0x1c66c4d5f  libswiftCompression.dylib (8) <1B2FA4F2-D8D3-300E-A5AA-029CC18F1764> /usr/lib/swift/libswiftCompression.dylib
       0x1c759d000 -        0x1c76491df  libFDR.dylib (1499.80.8) <46532F9A-DBF7-39C8-9F1B-E9C781923009> /usr/lib/libFDR.dylib
       0x1c76d1000 -        0x1c7c84c1f  com.apple.biome.BiomeStreams (1.0 - 200.6) <7082DF7D-F028-383A-8AEE-76EF17830EA5> /System/Library/PrivateFrameworks/BiomeStreams.framework/Versions/A/BiomeStreams
       0x1c8155000 -        0x1c8169b7f  com.apple.SoftwareUpdateCoreConnect (1.0 - 1) <DF76C5F0-96BA-36EB-A189-3F26D113072D> /System/Library/PrivateFrameworks/SoftwareUpdateCoreConnect.framework/Versions/A/SoftwareUpdateCoreConnect
       0x1ca626000 -        0x1ca690ebf  com.apple.osanalytics.OSAnalytics (1.0 - 1) <197141D3-6E12-3BF3-A266-6AA9D8296810> /System/Library/PrivateFrameworks/OSAnalytics.framework/Versions/A/OSAnalytics
       0x1cb9ca000 -        0x1cb9cbf73  libswiftQuartzCore.dylib (5) <27F395B3-E527-3C6E-94F8-5993A92E4FA8> /usr/lib/swift/libswiftQuartzCore.dylib
       0x1cbdc0000 -        0x1cbdc59a7  com.apple.kperf (1.0 - 1) <FCF94F65-C917-3393-AD61-296F785F29AD> /System/Library/PrivateFrameworks/kperf.framework/Versions/A/kperf
       0x1cbec7000 -        0x1cbecc45f  com.apple.MobileSystemServices (1.0 - 1) <276A340E-9F3C-3253-9DE8-EDFCB9EA9D42> /System/Library/PrivateFrameworks/MobileSystemServices.framework/Versions/A/MobileSystemServices
       0x1cd3b3000 -        0x1cd3d55ff  libamsupport.dylib (434.40.3) <6FDEB6DA-32AA-3F83-805C-CE920057BF63> /usr/lib/libamsupport.dylib
       0x1cd792000 -        0x1cd7efe3f  com.apple.biome.BiomePubSub (1.0 - 200.6) <80452CAD-7E3A-3AE8-985C-DD2ED185BE66> /System/Library/PrivateFrameworks/BiomePubSub.framework/Versions/A/BiomePubSub
       0x1cd7f0000 -        0x1cd83363f  com.apple.biome.BiomeStorage (1.0 - 200.6) <121DE42E-EADA-393B-B2CC-237B33243A6B> /System/Library/PrivateFrameworks/BiomeStorage.framework/Versions/A/BiomeStorage
       0x1d0238000 -        0x1d024656c  libswiftUniformTypeIdentifiers.dylib (877.3.5) <A399C880-3891-3519-9A53-864989F91725> /usr/lib/swift/libswiftUniformTypeIdentifiers.dylib
       0x1d0247000 -        0x1d030672b  libswiftAccelerate.dylib (77) <657650AF-BAA7-3150-88D5-F61A6CF01343> /usr/lib/swift/libswiftAccelerate.dylib
       0x1d0447000 -        0x1d04580df  libpartition2_dynamic.dylib (3476.80.22) <2ADCDFB3-E656-3A44-A0E2-A079529F1D32> /usr/lib/libpartition2_dynamic.dylib
       0x1d099a000 -        0x1d09a521f  com.apple.AFKUser (1.0 - 1) <6389217F-A473-3E6F-AFE5-19FA620A13C7> /System/Library/PrivateFrameworks/AFKUser.framework/Versions/A/AFKUser
       0x1d428f000 -        0x1d42eec6a  libswiftCoreMedia.dylib (3300.7.1.5.1) <C34B4F94-C852-30E5-BEBA-0A6113E87408> /usr/lib/swift/libswiftCoreMedia.dylib
       0x1d5a36000 -        0x1d5a37aab  libswiftOSLog.dylib (10) <A041250D-A03A-3C9C-92D1-E2AD9106B4A2> /usr/lib/swift/libswiftOSLog.dylib
       0x1d9a91000 -        0x1d9b939ff  com.apple.Symbolication (16.0 - 64573.4.1) <AC9A66D0-E4EA-3EDB-BA81-2AC7A2921B9E> /System/Library/PrivateFrameworks/Symbolication.framework/Versions/A/Symbolication
       0x1ddfbf000 -        0x1ddfcf4bf  com.apple.OSLog (1.0 - 1815.80.2) <56A5141A-6825-3E28-95E9-6E64CDFBCD3B> /System/Library/Frameworks/OSLog.framework/Versions/A/OSLog
       0x1de2c2000 -        0x1de3c5e14  com.apple.InternalSwiftProtobuf (1.0 - 1.26.0) <34F52035-0665-3F6E-BAD2-C818C0DBE02B> /System/Library/PrivateFrameworks/InternalSwiftProtobuf.framework/Versions/A/InternalSwiftProtobuf
       0x1de48a000 -        0x1de4952ff  com.apple.HIDDisplay (1.0 - 1) <924A2F01-F833-3909-AA54-6FF65E96DB4D> /System/Library/PrivateFrameworks/HIDDisplay.framework/Versions/A/HIDDisplay
       0x1e6162000 -        0x1e6162b03  com.apple.FeatureFlags (1.0 - 101) <5F5F5289-C923-33F1-AF39-B84D4D2A0D9B> /System/Library/PrivateFrameworks/FeatureFlags.framework/Versions/A/FeatureFlags
       0x1ef2c5000 -        0x1ef2c765f  com.apple.ConfigProfileHelper (18.0 - 1800) <F2961F85-7FA7-358F-B9C4-66241B1067F7> /System/Library/PrivateFrameworks/ConfigProfileHelper.framework/Versions/A/ConfigProfileHelper
       0x23020a000 -        0x230211367  libCoreFSCache.dylib (351) <53B943E7-6BDA-3172-B99B-E18F0CF19D0E> /System/Library/Frameworks/OpenGL.framework/Versions/A/Libraries/libCoreFSCache.dylib
       0x230212000 -        0x23021794f  libCoreVMClient.dylib (351) <B318E19A-D202-3BBF-B188-4364E1D8D237> /System/Library/Frameworks/OpenGL.framework/Versions/A/Libraries/libCoreVMClient.dylib
       0x230218000 -        0x230228397  com.apple.opengl (23.0.2 - 23.0.2) <200FC998-40D9-3B8F-9FB3-0B46276595FB> /System/Library/Frameworks/OpenGL.framework/Versions/A/OpenGL
       0x230229000 -        0x23022b7af  libCVMSPluginSupport.dylib (23.0.2) <71A6AC3F-04DC-3162-A9AE-F23C96DFC12F> /System/Library/Frameworks/OpenGL.framework/Versions/A/Libraries/libCVMSPluginSupport.dylib
       0x23022c000 -        0x230234757  libGFXShared.dylib (23.0.2) <2C6E8FF8-7511-3A00-9E44-EB882DAD5BE5> /System/Library/Frameworks/OpenGL.framework/Versions/A/Libraries/libGFXShared.dylib
       0x230235000 -        0x2302683c3  libGLImage.dylib (23.0.2) <D4FE1910-DF80-353F-BC43-1DCB6B3FFF48> /System/Library/Frameworks/OpenGL.framework/Versions/A/Libraries/libGLImage.dylib
       0x230269000 -        0x2302a32ff  libGLU.dylib (23.0.2) <35E8E60E-D58E-3529-933E-BA58446471A1> /System/Library/Frameworks/OpenGL.framework/Versions/A/Libraries/libGLU.dylib
       0x2303f8000 -        0x230401bcf  libGL.dylib (23.0.2) <14960E1F-ACFB-34D5-BE67-3222082221F6> /System/Library/Frameworks/OpenGL.framework/Versions/A/Libraries/libGL.dylib
       0x2321b8000 -        0x2322edbff  com.apple.ExtensionFoundation (97 - 97) <45D3C2CD-887C-3A5B-8206-643158B51F13> /System/Library/Frameworks/ExtensionFoundation.framework/Versions/A/ExtensionFoundation
       0x233520000 -        0x23356276f  com.apple.LightweightCodeRequirements (1.0 - 1) <F10DCA1B-50A6-304F-9498-829308A80703> /System/Library/Frameworks/LightweightCodeRequirements.framework/Versions/A/LightweightCodeRequirements
       0x234382000 -        0x2343a017f  com.apple.MPSBenchmarkLoop (1.0 - 1) <02D1C58E-7546-3976-B0C0-8C923793DB82> /System/Library/Frameworks/MetalPerformanceShaders.framework/Versions/A/Frameworks/MPSBenchmarkLoop.framework/Versions/A/MPSBenchmarkLoop
       0x2343a1000 -        0x2343b515f  com.apple.MPSFunctions (1.0 - 1) <B0D335C1-68E0-3F10-A341-CEF08730D07A> /System/Library/Frameworks/MetalPerformanceShaders.framework/Versions/A/Frameworks/MPSFunctions.framework/Versions/A/MPSFunctions
       0x2343b6000 -        0x2343bab9f  com.apple.MPSHost (1.0 - 1) <61CC9FE9-C216-3880-A2D6-880FEE38A016> /System/Library/Frameworks/MetalPerformanceShaders.framework/Versions/A/Frameworks/MPSHost.framework/Versions/A/MPSHost
       0x23a6c0000 -        0x23a82d6a6  com.apple.SwiftData (1.0 - 133) <646A867A-2FCD-3CFE-A325-74BB26E7C67F> /System/Library/Frameworks/SwiftData.framework/Versions/A/SwiftData
       0x240ad4000 -        0x240ae8a5f  com.apple.AppleDeviceQuerySupport (1.0 - 396.80.5) <A9B64CDD-8CA1-33CD-A1F1-913E678FC1C4> /System/Library/PrivateFrameworks/AppleDeviceQuerySupport.framework/Versions/A/AppleDeviceQuerySupport
       0x2411ab000 -        0x241222d7f  com.apple.AppleKeyStore (1.0 - 1.0) <68DB8815-1B01-39DD-9E59-71504C8C6AF9> /System/Library/PrivateFrameworks/AppleKeyStore.framework/Versions/A/AppleKeyStore
       0x241aa2000 -        0x241abaf9f  com.apple.private.AppleMobileFileIntegrity-fmk (1.0 - 1) <83864800-32DC-357E-8706-6130F7DE9BA2> /System/Library/PrivateFrameworks/AppleMobileFileIntegrity.framework/Versions/A/AppleMobileFileIntegrity
       0x241f9d000 -        0x241faf95f  com.apple.AtomicsInternal (1.1.0 - 112) <A2BC743C-1068-3466-816A-CDD1FCCE2079> /System/Library/PrivateFrameworks/AtomicsInternal.framework/Versions/A/AtomicsInternal
       0x24205d000 -        0x2420894df  com.apple.imgaudio.AudioAnalytics (1.0 - 1) <4E90474D-2D10-3331-89C2-BD007CE76462> /System/Library/PrivateFrameworks/AudioAnalytics.framework/Versions/A/AudioAnalytics
       0x242649000 -        0x24269107f  com.apple.BackBoardHIDEventFoundation (1.0 - 1) <0D50AF87-F942-38FE-BB99-5C746A179239> /System/Library/PrivateFrameworks/BackBoardHIDEventFoundation.framework/Versions/A/BackBoardHIDEventFoundation
       0x242716000 -        0x24272fd1f  com.apple.biome.BiomeDSL (1.0 - 200.6) <9E11C390-C8F0-3DF7-BC46-6168209C74E3> /System/Library/PrivateFrameworks/BiomeDSL.framework/Versions/A/BiomeDSL
       0x242730000 -        0x242f77b7f  com.apple.BiomeLibrary (246.32) <DF416BD3-77A9-3134-87B6-D1F5B8C8F377> /System/Library/PrivateFrameworks/BiomeLibrary.framework/Versions/A/BiomeLibrary
       0x242f78000 -        0x242f7db1f  com.apple.biome.BiomeSync (1.0 - 200.6) <A5DA86A9-02A2-3464-BF87-1B1BC5436DD6> /System/Library/PrivateFrameworks/BiomeSync.framework/Versions/A/BiomeSync
       0x244589000 -        0x24460d47f  com.apple.biome.CascadeSets (1.0 - 200.6) <48B948F4-D6FE-32D4-9715-7442F098E1C9> /System/Library/PrivateFrameworks/CascadeSets.framework/Versions/A/CascadeSets
       0x24594a000 -        0x245a86b9f  com.apple.CollectionsInternal (1.2.0 - 112) <BB509319-66C5-3E9A-8055-3985A745E74D> /System/Library/PrivateFrameworks/CollectionsInternal.framework/Versions/A/CollectionsInternal
       0x24bedd000 -        0x24bef22df  com.apple.DeviceRecovery (1.0 - 1) <C1AC367C-FEA1-3AB2-A3C5-B9CD5BCCB882> /System/Library/PrivateFrameworks/DeviceRecovery.framework/Versions/A/DeviceRecovery
       0x24dff0000 -        0x24dff32ff  com.apple.FontServices (1.0 - 1) <20DF125E-B14E-3CD9-85A7-2A247DFCA37E> /System/Library/PrivateFrameworks/FontServices.framework/Versions/A/FontServices
       0x24dff4000 -        0x24e0e3dff  libXTFontStaticRegistryData.dylib (335.3.0.1) <65512F61-6F82-3210-ACF2-2400FA078DE9> /System/Library/PrivateFrameworks/FontServices.framework/libXTFontStaticRegistryData.dylib
       0x24e0e5000 -        0x24e0f113f  com.apple.FramePacing (1.0 - 1) <B4D9E492-938B-38B2-BD07-81E5D50CE3FC> /System/Library/PrivateFrameworks/FramePacing.framework/Versions/A/FramePacing
       0x24f226000 -        0x24f22bf8f  libGPUCompilerUtils.dylib (32023.864) <091B86A2-9012-3E63-947A-3288F3FEEE9C> /System/Library/PrivateFrameworks/GPUCompiler.framework/Versions/32023/Libraries/libGPUCompilerUtils.dylib
       0x2537d9000 -        0x253819c6b  libllvm-flatbuffers.dylib (32023.864) <C72364A7-F7BF-3DCF-85B5-CD80A5328082> /System/Library/PrivateFrameworks/GPUCompiler.framework/Versions/32023/Libraries/libllvm-flatbuffers.dylib
       0x25a91a000 -        0x25aa1401f  com.apple.InstalledContentLibrary (1.0 - 1.0) <93078811-3A2B-3026-AD78-DB392877C3B3> /System/Library/PrivateFrameworks/InstalledContentLibrary.framework/Versions/A/InstalledContentLibrary
       0x25cffb000 -        0x25d68a57f  com.apple.IntelligencePlatformLibrary (246.32) <E59C7007-71F8-3E92-B501-2869D8ADD92A> /System/Library/PrivateFrameworks/IntelligencePlatformLibrary.framework/Versions/A/IntelligencePlatformLibrary
       0x25f122000 -        0x25f7ec783  com.apple.MIL (3510.2 - 3510.2.1) <82B4A9C6-FBC0-39F0-A80A-8D3C852F75FE> /System/Library/PrivateFrameworks/MIL.framework/Versions/A/MIL
       0x26299b000 -        0x2629f0abf  com.apple.MessageSecurity (1.0 - 195.80.13) <52BC59EA-91F0-3F96-8532-111ABB30B2D0> /System/Library/PrivateFrameworks/MessageSecurity.framework/Versions/A/MessageSecurity
       0x267858000 -        0x267971227  com.apple.ParsingInternal (0.0.1 - 112) <75C94AB2-C1A1-3640-A6C6-F37825F8D94D> /System/Library/PrivateFrameworks/ParsingInternal.framework/Versions/A/ParsingInternal
       0x26aa20000 -        0x26aa4055f  com.apple.accessibility.PhotosensitivityProcessing (1.0 - 1) <ED0A0B95-C0C0-3C80-A789-AD2C33E53E38> /System/Library/PrivateFrameworks/PhotosensitivityProcessing.framework/Versions/A/PhotosensitivityProcessing
       0x26ae03000 -        0x26ae33e1f  com.apple.PoirotSQLite (1.0 - 1) <527B667D-4BD8-3892-9C8B-46CC76255479> /System/Library/PrivateFrameworks/PoirotSQLite.framework/Versions/A/PoirotSQLite
       0x26ae34000 -        0x26ae9dd01  com.apple.PoirotSchematizer (1.0 - 1) <242B9C9B-A35D-3F88-B904-8A14946C4E6F> /System/Library/PrivateFrameworks/PoirotSchematizer.framework/Versions/A/PoirotSchematizer
       0x26ae9e000 -        0x26aeca120  com.apple.PoirotUDFs (1.0 - 1) <B4EF3FA0-5438-3B43-A150-B00620E06AC7> /System/Library/PrivateFrameworks/PoirotUDFs.framework/Versions/A/PoirotUDFs
       0x26bb35000 -        0x26bc7a9bf  com.apple.ProDisplayLibrary (10.4.27 - 10.4.27) <ADA26C22-CAA5-3775-845E-8E4801A59D12> /System/Library/PrivateFrameworks/ProDisplayLibrary.framework/Versions/A/ProDisplayLibrary
       0x26cac9000 -        0x26cad150f  com.apple.ReflectionInternal (1.0.0 - 112) <0994D500-6C5E-3043-BEF9-62112BC8E9FA> /System/Library/PrivateFrameworks/ReflectionInternal.framework/Versions/A/ReflectionInternal
       0x26d955000 -        0x26d968c77  com.apple.RuntimeInternal (1.0.0 - 112) <499C3BA4-61D1-385D-ACCE-55CE192DA093> /System/Library/PrivateFrameworks/RuntimeInternal.framework/Versions/A/RuntimeInternal
       0x26db8e000 -        0x26dbf897f  com.apple.SILManager (53.15 - 53.15) <826C163D-5FBC-3EF6-8246-D8AA4DE83F33> /System/Library/PrivateFrameworks/SILManager.framework/Versions/A/SILManager
       0x278401000 -        0x27842dd87  com.apple.security.SwiftASN1Internal (1.0 - 1) <0E6E79DC-D0A7-32D1-BC70-6ADA8509EC6D> /System/Library/PrivateFrameworks/SwiftASN1Internal.framework/Versions/A/SwiftASN1Internal
       0x27b9dc000 -        0x27ba113bf  com.apple.tightbeam (1.0 - 483.60.5) <898213AF-E560-3564-8177-E41E57BF7AD0> /System/Library/PrivateFrameworks/Tightbeam.framework/Versions/A/Tightbeam
       0x27fbfb000 -        0x27fbfc257  com.apple.VideoToolboxParavirtualizationSupport (63.4.3 - 63.4.3) <9F8B337B-B84D-3B6D-A5E7-57B632725768> /System/Library/PrivateFrameworks/VideoToolboxParavirtualizationSupport.framework/Versions/A/VideoToolboxParavirtualizationSupport
       0x289c15000 -        0x289caf06f  libAppleArchive.dylib (443.0.1) <2AE223D5-2CCB-3F4D-AC4C-CDAEC45C56C0> /usr/lib/libAppleArchive.dylib
       0x289d74000 -        0x289d7e0df  libCoreEntitlements.dylib (80.0.1) <AC5E67FC-A07B-3C78-8D0C-BC9F01CA59A0> /usr/lib/libCoreEntitlements.dylib
       0x28a089000 -        0x28a09089f  libReverseProxyDevice.dylib (104.40.3) <78AB176E-149F-3895-8C85-6FB80F8AD1A5> /usr/lib/libReverseProxyDevice.dylib
       0x28a091000 -        0x28a098319  libRosetta.dylib (367.3) <5315C55D-09E5-394B-A9E5-672B23847BF7> /usr/lib/libRosetta.dylib
       0x28a116000 -        0x28a11f45f  libTLE.dylib (80.0.1) <24503359-C4C3-31C4-B875-7FF5B265D45F> /usr/lib/libTLE.dylib
       0x28a34f000 -        0x28a45f6e7  libcrypto.46.dylib (109) <B45F9D52-2FC2-3A8B-AAE8-F01C8A6A2AC3> /usr/lib/libcrypto.46.dylib
       0x28a599000 -        0x28a5b4497  libhvf.dylib (9) <A4449D9B-9541-3D75-9719-2F1584ED9DE7> /usr/lib/libhvf.dylib
       0x28af6f000 -        0x28afa729f  libssl.48.dylib (109) <4EE2560A-CEAB-3A03-9ABC-F01830B3757D> /usr/lib/libssl.48.dylib
       0x28afe2000 -        0x28b00d2ff  libswiftPrespecialized.dylib (0) <E2989747-CF1D-34D5-B527-C2CE0F05241F> /usr/lib/libswiftPrespecialized.dylib
       0x28b2a9000 -        0x28b2bb4ef  libswiftDistributed.dylib (6.2.4 - 6.2.4.1.4) <CDF06E7B-4428-392C-83E3-D30169FEF489> /usr/lib/swift/libswiftDistributed.dylib
       0x28b2d2000 -        0x28b2e3097  libswiftObservation.dylib (6.2.4 - 6.2.4.1.4) <02960C1F-8598-38EA-A669-1908D80A4814> /usr/lib/swift/libswiftObservation.dylib
       0x28b411000 -        0x28b41882f  libswiftSynchronization.dylib (6.2.4 - 6.2.4.1.4) <F39C66C7-F334-370C-BE5B-5376D3CF61AA> /usr/lib/swift/libswiftSynchronization.dylib
       0x28b419000 -        0x28b431f67  libswiftSystem.dylib (72.2) <E6B54113-12C7-3250-A299-C29A601F7C67> /usr/lib/swift/libswiftSystem.dylib
       0x28b433000 -        0x28b449a21  libswiftVideoToolbox.dylib (3300.7.1.5.1) <A410B093-AEAB-3A80-8C27-AA420B01628A> /usr/lib/swift/libswiftVideoToolbox.dylib
       0x28b44b000 -        0x28b44d517  libswift_Builtin_float.dylib (6.2.4 - 6.2.4.1.4) <A57D5CE9-7BEF-3715-8DA8-67B9C1C3797D> /usr/lib/swift/libswift_Builtin_float.dylib
       0x28b44e000 -        0x28b4d771f  libswift_Concurrency.dylib (6.2.4 - 6.2.4.1.4) <9910770A-7FB2-36CC-8370-971A86578FD7> /usr/lib/swift/libswift_Concurrency.dylib
       0x28b4d8000 -        0x28b4db623  libswift_DarwinFoundation1.dylib (347.40.2) <75F15389-99C8-3500-BCAD-7C1115346F89> /usr/lib/swift/libswift_DarwinFoundation1.dylib
       0x28b4dc000 -        0x28b4dce1b  libswift_DarwinFoundation2.dylib (347.40.2) <DB1180C0-FBA6-34DF-92F7-D47882293C4F> /usr/lib/swift/libswift_DarwinFoundation2.dylib
       0x28b4dd000 -        0x28b4dd7a7  libswift_DarwinFoundation3.dylib (347.40.2) <572CF0F8-D9D3-30B5-914B-66459028E86D> /usr/lib/swift/libswift_DarwinFoundation3.dylib
       0x28b519000 -        0x28b5b8e07  libswift_RegexParser.dylib (6.2.4 - 6.2.4.1.4) <54D9763D-C016-3166-84EE-5A8453840BE7> /usr/lib/swift/libswift_RegexParser.dylib
       0x28b5b9000 -        0x28b645ef7  libswift_StringProcessing.dylib (6.2.4 - 6.2.4.1.4) <9EE92499-A59D-3C6D-8755-5AEE651DC7DC> /usr/lib/swift/libswift_StringProcessing.dylib
       0x28b7a1000 -        0x28b7a4deb  libsystem_darwindirectory.dylib (122) <9AD833C7-D009-39FF-8D04-D57C937D9EAC> /usr/lib/system/libsystem_darwindirectory.dylib
       0x28b7a5000 -        0x28b7ae34b  libsystem_eligibility.dylib (289.80.56) <0E973CB5-A124-3716-9841-1EA67809AF06> /usr/lib/system/libsystem_eligibility.dylib
       0x28b7af000 -        0x28b7b6873  libsystem_sanitizers.dylib (25) <90C45178-3954-3108-9F2F-44E528DF5E44> /usr/lib/system/libsystem_sanitizers.dylib
       0x28b7b7000 -        0x28b7b7bb7  libsystem_trial.dylib (474.2.0.5.2) <E776BAEB-B36B-3EA2-BEFE-3E2F7999E235> /usr/lib/system/libsystem_trial.dylib

==== SAMPLE pid 15655 ====
Sampling process 15655 for 2 seconds with 1 millisecond of run time between samples
Sampling completed, processing symbols...
Sample analysis of process 15655 written to file /tmp/ddjit-fix_2026-07-08_165124_kzyX.sample.txt

Analysis of sampling ddjit-fix (pid 15655) every 1 millisecond
Process:         ddjit-fix [15655]
Path:            /Users/USER/*/ddjit-fix
Load Address:    0x104158000
Identifier:      ddjit-fix
Version:         0
Code Type:       ARM64
Platform:        macOS
Parent Process:  bash [15632]
Target Type:     live task

Date/Time:       2026-07-08 16:51:24.970 -0700
Launch Time:     2026-07-08 16:50:55.353 -0700
OS Version:      macOS 26.3.1 (25D2128)
Report Version:  7
Analysis Tool:   /usr/bin/sample

Physical footprint:         36.5M
Physical footprint (peak):  40.0M
Idle exit:                  untracked
----

Call graph:
    1797 Thread_51022375   DispatchQueue_1: com.apple.main-thread  (serial)
      1797 start  (in dyld) + 7184  [0x18bc7dd54]
        1797 dd_run  (in ddjit-fix) + 780  [0x104159d50]
          1797 run_loaded  (in ddjit-fix) + 964  [0x10415dacc]
            1797 run_guest  (in ddjit-fix) + 4112  [0x104163b78]
              1797 service_local  (in ddjit-fix) + 9140  [0x1041729bc]
                1797 svc_proc  (in ddjit-fix) + 8908  [0x10418171c]
                  1797 __wait4_nocancel  (in libsystem_kernel.dylib) + 8  [0x18c011284]

Total number in stack (recursive counted multiple, when >=5):

Sort by top of stack, same collapsed (when >= 5):
        __wait4_nocancel  (in libsystem_kernel.dylib)        1797

Binary Images:
       0x104158000 -        0x1041bafc7 +ddjit-fix (0) <C8805963-9142-3BB7-8287-2DEB088B5067> /Users/*/ddjit-fix
       0x18bbf0000 -        0x18bc434bb  libobjc.A.dylib (951.1) <9E66CFF2-3EBD-3242-8166-D5D0C204755B> /usr/lib/libobjc.A.dylib
       0x18bc44000 -        0x18bc74bcb  libdyld.dylib (1340) <D0CBB392-9301-3174-8904-D869F1D973CF> /usr/lib/system/libdyld.dylib
       0x18bc75000 -        0x18bd14713  dyld (1.0.0 - 1340) <044CD67E-3A0A-3CA4-8BB3-A9687D5328FE> /usr/lib/dyld
       0x18bd15000 -        0x18bd181d0  libsystem_blocks.dylib (96) <F1D9FC62-B5CE-3FB6-B264-B1933396C05F> /usr/lib/system/libsystem_blocks.dylib
       0x18bd19000 -        0x18bd6e07f  libxpc.dylib (3089.80.10) <3B264F68-2825-3790-8796-4B49581D6425> /usr/lib/system/libxpc.dylib
       0x18bd6f000 -        0x18bd8f95f  libsystem_trace.dylib (1815.80.2) <2CE5667A-97C5-35F3-8124-BB48185D0D3D> /usr/lib/system/libsystem_trace.dylib
       0x18bd90000 -        0x18be3cccf  libcorecrypto.dylib (1922.80.7) <A6FB5220-05F1-36A3-93CA-E45F15C98D3A> /usr/lib/system/libcorecrypto.dylib
       0x18be3d000 -        0x18be88c67  libsystem_malloc.dylib (792.80.2) <102061AD-AC62-30E9-A960-0CC2E38A2D5D> /usr/lib/system/libsystem_malloc.dylib
       0x18be89000 -        0x18becfe5f  libdispatch.dylib (1542.0.4) <4C58AB31-F363-3E75-A8F8-302105812DBF> /usr/lib/system/libdispatch.dylib
       0x18bed0000 -        0x18bed2feb  libsystem_featureflags.dylib (101) <36BE75BA-0B53-3ACA-ABAF-C639D711C90B> /usr/lib/system/libsystem_featureflags.dylib
       0x18bed3000 -        0x18bf55047  libsystem_c.dylib (1725.40.4) <EB569350-0696-3397-838E-0344948107C0> /usr/lib/system/libsystem_c.dylib
       0x18bf56000 -        0x18bfe8ea3  libc++.1.dylib (2000.67) <652836CA-32B1-3388-A72A-D6B90DDDA958> /usr/lib/libc++.1.dylib
       0x18bfe9000 -        0x18c00392f  libc++abi.dylib (2000.67) <580BCE60-F6A6-3764-BFE9-57A0DB800C54> /usr/lib/libc++abi.dylib
       0x18c004000 -        0x18c04049f  libsystem_kernel.dylib (12377.91.3) <78EC33A6-6330-3836-8900-EB90836936E8> /usr/lib/system/libsystem_kernel.dylib
       0x18c041000 -        0x18c04dacb  libsystem_pthread.dylib (539.80.3) <0596A7B6-BCE2-3F06-A2E8-3EAAB5371ED8> /usr/lib/system/libsystem_pthread.dylib
       0x18c04e000 -        0x18c0564af  libsystem_platform.dylib (359.80.2) <62C9CD37-272D-3D2D-9A1C-6F4EF24F7EC7> /usr/lib/system/libsystem_platform.dylib
       0x18c057000 -        0x18c086e23  libsystem_info.dylib (600) <05CCB208-0B54-38D8-B736-6C7043F446AA> /usr/lib/system/libsystem_info.dylib
       0x18c087000 -        0x18c5d02bf  com.apple.CoreFoundation (6.9 - 4302) <646518BB-A6E8-3DA7-AB32-9D97BCBDC25D> /System/Library/Frameworks/CoreFoundation.framework/Versions/A/CoreFoundation
       0x18c5d1000 -        0x18c8ec7bf  com.apple.LaunchServices (1141.1 - 1141.1) <F97A8838-1235-37F9-984E-5685FBBFB23B> /System/Library/Frameworks/CoreServices.framework/Versions/A/Frameworks/LaunchServices.framework/Versions/A/LaunchServices
       0x18c8ed000 -        0x18cad0d3f  com.apple.gpusw.MetalTools (1.0 - 1) <15A3C78C-DDC1-3B6B-82C6-A2066EEEBEDD> /System/Library/PrivateFrameworks/MetalTools.framework/Versions/A/MetalTools
       0x18cad1000 -        0x18d2b013f  libBLAS.dylib (1545.81.3) <564BF0A2-5703-303C-8C04-C7192B02F86D> /System/Library/Frameworks/Accelerate.framework/Versions/A/Frameworks/vecLib.framework/Versions/A/libBLAS.dylib
       0x18d2b1000 -        0x18d3c5adf  com.apple.Lexicon-framework (1.0 - 195.1.5) <6FAB22BC-822D-3CFC-88FA-6AB1FDA096E4> /System/Library/PrivateFrameworks/Lexicon.framework/Versions/A/Lexicon
       0x18d3c6000 -        0x18d538237  libSparse.dylib (184.80.2) <540DC1AE-7285-3272-9F22-7095E8ED1899> /System/Library/Frameworks/Accelerate.framework/Versions/A/Frameworks/vecLib.framework/Versions/A/libSparse.dylib
       0x18d539000 -        0x18d5cc6fb  com.apple.SystemConfiguration (1.21 - 1.21) <03D1F2EA-F649-3B3B-8BA0-69FFFE117405> /System/Library/Frameworks/SystemConfiguration.framework/Versions/A/SystemConfiguration
       0x18d5cd000 -        0x18d601fbb  libCRFSuite.dylib (55) <B9E5C113-D809-3E9B-ADED-BF338771D129> /usr/lib/libCRFSuite.dylib
       0x18d8da000 -        0x18e87dc1f  com.apple.Foundation (6.9 - 4302) <187E7913-B154-30A7-8070-852767AAC3CF> /System/Library/Frameworks/Foundation.framework/Versions/C/Foundation
       0x18ea3c000 -        0x18eb5fedf  com.apple.CoreDisplay (291.3 - 291.3) <545E233D-9D22-3997-9564-BC3E5A03E764> /System/Library/Frameworks/CoreDisplay.framework/Versions/A/CoreDisplay
       0x18eb60000 -        0x18ef2a4ff  com.apple.audio.AudioToolboxCore (1.0 - 1556.418.1) <2D1BAF76-D7C0-3E10-98B9-021ECBF3339C> /System/Library/PrivateFrameworks/AudioToolboxCore.framework/Versions/A/AudioToolboxCore
       0x18ef2b000 -        0x18f1578bf  com.apple.CoreText (877.3.0.1 - 877.3.0.1) <EB907A00-507D-36E0-A2D0-625D2B830957> /System/Library/Frameworks/CoreText.framework/Versions/A/CoreText
       0x18f158000 -        0x18f90939f  com.apple.audio.CoreAudio (5.0 - 5.0) <16B7552A-EAD3-374C-A642-5A11A7523189> /System/Library/Frameworks/CoreAudio.framework/Versions/A/CoreAudio
       0x18f90a000 -        0x18fd2e83f  com.apple.security (7.0 - 61901.80.25) <F2DC6225-1517-3285-8262-CF24DDE3678E> /System/Library/Frameworks/Security.framework/Versions/A/Security
       0x18fd2f000 -        0x19000056b  libicucore.A.dylib (76142.3.1.1) <255E234A-2B69-30EF-954B-2FF5A99A285E> /usr/lib/libicucore.A.dylib
       0x190001000 -        0x19000b397  libsystem_darwin.dylib (1725.40.4) <EAC9A3D8-2048-3E6A-BA11-77D1C25C0EF3> /usr/lib/system/libsystem_darwin.dylib
       0x19000c000 -        0x19030539f  com.apple.CoreServices.CarbonCore (1333 - 1333) <F5924C0D-5C7C-3587-9A43-C7048C2865AC> /System/Library/Frameworks/CoreServices.framework/Versions/A/Frameworks/CarbonCore.framework/Versions/A/CarbonCore
       0x190306000 -        0x1903464cb  com.apple.CoreServicesInternal (505 - 505) <BBD8DD43-3E71-3344-99FF-D3C698DD0305> /System/Library/PrivateFrameworks/CoreServicesInternal.framework/Versions/A/CoreServicesInternal
       0x190347000 -        0x190386bbf  com.apple.CSStore (1141.1 - 1141.1) <31ABD7AC-0E11-3DC4-B501-B064A1249992> /System/Library/PrivateFrameworks/CoreServicesStore.framework/Versions/A/CoreServicesStore
       0x190387000 -        0x19047163f  com.apple.framework.IOKit (2.0.2 - 100222.80.4) <D3872802-A97B-3B16-B110-3828CD151702> /System/Library/Frameworks/IOKit.framework/Versions/A/IOKit
       0x190472000 -        0x190483ff3  libsystem_notify.dylib (344.0.1) <73D7BFA7-9433-3ECD-929F-06220C37F214> /usr/lib/system/libsystem_notify.dylib
       0x191dc8000 -        0x191dde1df  com.apple.UniformTypeIdentifiers (709 - 709) <EC5271F7-8C18-347C-9DAA-8590E068E8FF> /System/Library/Frameworks/UniformTypeIdentifiers.framework/Versions/A/UniformTypeIdentifiers
       0x1922bd000 -        0x192391e5f  libboringssl.dylib (532.80.2) <BD4F0F25-2ABF-38B1-A9C6-2C7DB0BFB44B> /usr/lib/libboringssl.dylib
       0x192392000 -        0x19274da3f  com.apple.CFNetwork (1.0 - 3860.400.51) <708EB37B-5A66-3845-8BC8-29F429A3BC4E> /System/Library/Frameworks/CFNetwork.framework/Versions/A/CFNetwork
       0x19274e000 -        0x192768fdb  libsystem_networkextension.dylib (2205.81.1) <645A9697-79B5-3E35-A642-5FFDD53CB6A7> /usr/lib/system/libsystem_networkextension.dylib
       0x192769000 -        0x19276a067  libenergytrace.dylib (23) <6983B383-07F2-39CE-A1B3-BCB8B2AEF1B4> /usr/lib/libenergytrace.dylib
       0x19276b000 -        0x1927eb87f  libMobileGestalt.dylib (1462.80.9) <F0CE855D-F582-396D-843F-956572409B32> /usr/lib/libMobileGestalt.dylib
       0x1927ec000 -        0x192803ff3  libsystem_asl.dylib (406) <2A30FE38-5014-334B-941B-579054EA8C1E> /usr/lib/system/libsystem_asl.dylib
       0x192804000 -        0x192828c77  com.apple.TCC (1.0 - 1) <2BE6A2E2-A205-35D1-A802-FFAA38E1A91A> /System/Library/PrivateFrameworks/TCC.framework/Versions/A/TCC
       0x192829000 -        0x192defeff  com.apple.SkyLight (1.600.0 - 920.9.17) <0FDB8257-4BAD-3259-B1D8-0EF23EC53232> /System/Library/PrivateFrameworks/SkyLight.framework/Versions/A/SkyLight
       0x192df0000 -        0x193549f5f  com.apple.CoreGraphics (2.0 - 1965.3.5) <B8CC9D87-245A-3618-B5BC-510DB3AB3D7D> /System/Library/Frameworks/CoreGraphics.framework/Versions/A/CoreGraphics
       0x19354a000 -        0x1936f524b  com.apple.ColorSync (4.13.0 - 3813.3.3) <46D2669A-6F71-3861-B4F9-08C5BF79F880> /System/Library/Frameworks/ColorSync.framework/Versions/A/ColorSync
       0x193b54000 -        0x193f3eddf  com.apple.CoreData (120 - 1525) <2AEC49EA-6D54-31A7-A5CC-464FC045E850> /System/Library/Frameworks/CoreData.framework/Versions/A/CoreData
       0x193f3f000 -        0x193f5ac1f  com.apple.ProtocolBuffer (1 - 310.23.11.13.1) <900999B5-252D-3CC0-ABC3-BF6341749462> /System/Library/PrivateFrameworks/ProtocolBuffer.framework/Versions/A/ProtocolBuffer
       0x193f5b000 -        0x1941423f3  libsqlite3.dylib (381) <4B2A53D8-FDF5-3D5E-8FDE-3D87C905D5CB> /usr/lib/libsqlite3.dylib
       0x1941e4000 -        0x1942d4fbf  com.apple.BaseBoard (732.1.1 - 732.1.1) <B44000BE-3B72-32DD-9D19-F8EF38BC41BB> /System/Library/PrivateFrameworks/BaseBoard.framework/Versions/A/BaseBoard
       0x1942d5000 -        0x1943400df  com.apple.RunningBoardServices (1.0 - 1008.80.2) <5E2ACA43-C13C-38CC-BBCB-063FE8FBC21D> /System/Library/PrivateFrameworks/RunningBoardServices.framework/Versions/A/RunningBoardServices
       0x194341000 -        0x1943b55f7  com.apple.AE (944 - 944) <C2E75873-78F4-33BE-B63B-D211345BAC66> /System/Library/Frameworks/CoreServices.framework/Versions/A/Frameworks/AE.framework/Versions/A/AE
       0x1943b6000 -        0x1943c7507  libdns_services.dylib (2881.80.4.0.1) <27DAB64C-4397-3D9A-8C31-774B6B218868> /usr/lib/libdns_services.dylib
       0x1943c8000 -        0x1943d03b7  libsystem_symptoms.dylib (2158.80.11) <ED7EEE1F-0CA6-30CF-9A27-7440EE0661BC> /usr/lib/system/libsystem_symptoms.dylib
       0x1943d1000 -        0x1958a6f3f  com.apple.Network (1.0 - 5569.81.5) <CACE282D-F415-3C6F-89FC-1365CA16706C> /System/Library/Frameworks/Network.framework/Versions/A/Network
       0x1958a7000 -        0x1958d6d5f  com.apple.analyticsd (1.0 - 1) <5DC2D1D6-8EB5-36B9-981D-BAEA1E9476D9> /System/Library/PrivateFrameworks/CoreAnalytics.framework/Versions/A/CoreAnalytics
       0x1958d7000 -        0x1958d88d3  libDiagnosticMessagesClient.dylib (113) <DD4A6220-3407-350B-8D5F-FA1ADCB39952> /usr/lib/libDiagnosticMessagesClient.dylib
       0x1958d9000 -        0x19593ea7f  com.apple.spotlight.metadata.utilities (1.0 - 2400.22.400) <85E8979D-486F-3546-ACEC-06D355251996> /System/Library/PrivateFrameworks/MetadataUtilities.framework/Versions/A/MetadataUtilities
       0x19593f000 -        0x1959caa1f  com.apple.Metadata (26.3 - 2400.22.400) <2D1C8E95-68CA-3095-A49B-5C945F183DBF> /System/Library/Frameworks/CoreServices.framework/Versions/A/Frameworks/Metadata.framework/Versions/A/Metadata
       0x1959cb000 -        0x1959d421b  com.apple.DiskArbitration (2.7 - 2.7) <B701A629-BD07-3576-91A4-F8B1F722FD53> /System/Library/Frameworks/DiskArbitration.framework/Versions/A/DiskArbitration
       0x1959d5000 -        0x195e0b5f7  com.apple.vImage (8.1 - 632) <A50F1C82-677F-3E79-9B0B-43D39D30113C> /System/Library/Frameworks/Accelerate.framework/Versions/A/Frameworks/vImage.framework/Versions/A/vImage
       0x195e0c000 -        0x19622d37f  com.apple.QuartzCore (1194.10.15 - 1194.10.15) <69E28FBA-4743-3B08-A63F-620335513F7C> /System/Library/Frameworks/QuartzCore.framework/Versions/A/QuartzCore
       0x19622e000 -        0x19628003f  libFontRegistry.dylib (408.2.0.1) <686EE750-F52F-3D79-BF53-A5A47DFA0980> /System/Library/Frameworks/ApplicationServices.framework/Versions/A/Frameworks/ATS.framework/Versions/A/Resources/libFontRegistry.dylib
       0x19654d000 -        0x19655aaff  com.apple.OpenDirectory (26.3 - 646) <867BD0BC-3AAE-37D3-B9BC-8D9D26D1A693> /System/Library/Frameworks/OpenDirectory.framework/Versions/A/OpenDirectory
       0x19655b000 -        0x196579137  com.apple.CFOpenDirectory (26.3 - 646) <1D13D354-A6E4-3D09-8767-178BBCCE7160> /System/Library/Frameworks/OpenDirectory.framework/Versions/A/Frameworks/CFOpenDirectory.framework/Versions/A/CFOpenDirectory
       0x19657a000 -        0x19658792b  com.apple.CoreServices.FSEvents (1407.80.2 - 1407.80.2) <F8754C4B-98C2-3620-906B-867CF819D573> /System/Library/Frameworks/CoreServices.framework/Versions/A/Frameworks/FSEvents.framework/Versions/A/FSEvents
       0x196588000 -        0x1965b10ff  com.apple.coreservices.SharedFileList (225 - 225) <EAA673A4-01C4-3DD7-8902-88DBCA5ACC44> /System/Library/Frameworks/CoreServices.framework/Versions/A/Frameworks/SharedFileList.framework/Versions/A/SharedFileList
       0x1965b2000 -        0x1965b50af  libapp_launch_measurement.dylib (17) <E586AFBF-3D19-363E-844B-ADF95B70C5FE> /usr/lib/libapp_launch_measurement.dylib
       0x1965b6000 -        0x1965ff69f  com.apple.CoreAutoLayout (1.0 - 34) <6F184B7A-746A-36C0-B719-55D72DC851BB> /System/Library/PrivateFrameworks/CoreAutoLayout.framework/Versions/A/CoreAutoLayout
       0x196600000 -        0x1966e6a5b  libxml2.2.dylib (39.10) <9322DDA4-E883-3780-A6A7-BEE37F52CD1D> /usr/lib/libxml2.2.dylib
       0x1966e7000 -        0x19676b01f  com.apple.CoreVideo (1.8 - 726.2) <67098F59-D15B-3748-BCB9-C8041CE75424> /System/Library/Frameworks/CoreVideo.framework/Versions/A/CoreVideo
       0x19676c000 -        0x19676ef5f  com.apple.loginsupport (3.0 - 264.3.1) <71298A1B-E10D-30A6-B573-7C9BE5744467> /System/Library/PrivateFrameworks/login.framework/Versions/A/Frameworks/loginsupport.framework/Versions/A/loginsupport
       0x1967ad000 -        0x1967d94df  com.apple.UserManagement (1.0 - 1) <541127CD-DCC7-398E-9D5F-E60E970BB70D> /System/Library/PrivateFrameworks/UserManagement.framework/Versions/A/UserManagement
       0x198392000 -        0x1983ca2bb  libsystem_containermanager.dylib (725.80.5) <1DDF96F6-6A8A-33F5-8691-8D3356620687> /usr/lib/system/libsystem_containermanager.dylib
       0x1983cb000 -        0x1983e749f  com.apple.IOSurface (393.3.2 - 393.3.2) <ED424459-9711-3A8F-858E-142088C61B60> /System/Library/Frameworks/IOSurface.framework/Versions/A/IOSurface
       0x1983e8000 -        0x1983f201f  com.apple.IOAccelerator (487.0.2 - 487.0.2) <307B667F-29EB-3CD3-B7F8-13083B4DB1AB> /System/Library/PrivateFrameworks/IOAccelerator.framework/Versions/A/IOAccelerator
       0x1983f3000 -        0x1986d6b9f  com.apple.Metal (371.5 - 371.5) <295341EE-1E42-3550-BD7E-D6B108112BCD> /System/Library/Frameworks/Metal.framework/Versions/A/Metal
       0x1986d7000 -        0x1986ffd7f  com.apple.audio.caulk (1.0 - 214) <67D6BCC2-F024-388E-B546-B1C2FE6F0DDC> /System/Library/PrivateFrameworks/caulk.framework/Versions/A/caulk
       0x198700000 -        0x1988bcfbf  com.apple.CoreMedia (1.0 - 3300.7.1.5.1) <BC6763E1-95CE-3468-B7A4-529DFCFC75EA> /System/Library/Frameworks/CoreMedia.framework/Versions/A/CoreMedia
       0x1988bd000 -        0x198b8ea9f  libFontParser.dylib (435.2.0.1) <7172761E-55AC-34C9-880E-47EB02EE5AC5> /System/Library/PrivateFrameworks/FontServices.framework/libFontParser.dylib
       0x198eec000 -        0x19923ab1f  com.apple.ImageIO (3.3.0 - 2784.3.4) <AEAEEEC1-C9BB-3338-B807-BBBFA7270FA1> /System/Library/Frameworks/ImageIO.framework/Versions/A/ImageIO
       0x19923b000 -        0x1997329df  com.apple.CoreImage (19.0.0 - 1592.80.2) <15BD3884-9208-3178-ACC7-8015DBF81493> /System/Library/Frameworks/CoreImage.framework/Versions/A/CoreImage
       0x199733000 -        0x1997e759f  com.apple.MetalPerformanceShaders.MPSCore (1.0 - 1) <7946CBB0-6AC7-3748-BC29-AAB73F4BE22F> /System/Library/Frameworks/MetalPerformanceShaders.framework/Versions/A/Frameworks/MPSCore.framework/Versions/A/MPSCore
       0x1997e8000 -        0x1997ec66f  libsystem_configuration.dylib (1385.80.4) <E5837A49-4BF9-3D25-8671-A6174223010A> /usr/lib/system/libsystem_configuration.dylib
       0x1997ed000 -        0x1997f36a7  libsystem_sandbox.dylib (2680.80.20) <8875D51A-D22D-3A6B-9A17-8D565C96262C> /usr/lib/system/libsystem_sandbox.dylib
       0x1997f4000 -        0x1997f517f  com.apple.AggregateDictionary (1.0 - 1) <A3D1EC6F-A05D-3304-B76F-71D387D1211E> /System/Library/PrivateFrameworks/AggregateDictionary.framework/Versions/A/AggregateDictionary
       0x1997f6000 -        0x1997fa59f  com.apple.AppleSystemInfo (3.1.5 - 3.1.5) <7566E13C-3993-39D3-BE5B-1F199AE3B75E> /System/Library/PrivateFrameworks/AppleSystemInfo.framework/Versions/A/AppleSystemInfo
       0x1997fb000 -        0x1997fc44f  liblangid.dylib (140) <3FF4383E-F460-3EEE-BF4E-3CEC36E85223> /usr/lib/liblangid.dylib
       0x1997fd000 -        0x19991ec5f  com.apple.CoreNLP (1.0 - 313) <C0892436-8659-3777-B045-47008F325656> /System/Library/PrivateFrameworks/CoreNLP.framework/Versions/A/CoreNLP
       0x19991f000 -        0x1999259bf  com.apple.LinguisticData (1.0 - 483.10) <52B8AC2F-033F-38B8-A8CA-CC4EA962700B> /System/Library/PrivateFrameworks/LinguisticData.framework/Versions/A/LinguisticData
       0x199926000 -        0x19a90d573  libBNNS.dylib (1860.81.1) <C9713301-568D-30CC-9EDF-ACF28AC686CF> /System/Library/Frameworks/Accelerate.framework/Versions/A/Frameworks/vecLib.framework/Versions/A/libBNNS.dylib
       0x19a90e000 -        0x19aa4743f  libvDSP.dylib (1123.80.6) <6EBE55CA-86CC-3BE2-B08E-DE16B3CD241A> /System/Library/Frameworks/Accelerate.framework/Versions/A/Frameworks/vecLib.framework/Versions/A/libvDSP.dylib
       0x19aa7e000 -        0x19aa8f643  com.apple.IOMobileFramebuffer (343.0.0 - 343.0.0) <4AEA2926-6908-34BD-9DE1-C3DB527A2C96> /System/Library/PrivateFrameworks/IOMobileFramebuffer.framework/Versions/A/IOMobileFramebuffer
       0x19ac8f000 -        0x19aca685f  com.apple.MobileKeyBag (2.0 - 1.0) <5627A8E0-F88A-3782-AD44-0E86692C1D95> /System/Library/PrivateFrameworks/MobileKeyBag.framework/Versions/A/MobileKeyBag
       0x19aca7000 -        0x19acb519f  com.apple.AssertionServices (1.0 - 1008.80.2) <A8EEEADF-31FD-3864-8A58-1AD15FCDD2E1> /System/Library/PrivateFrameworks/AssertionServices.framework/Versions/A/AssertionServices
       0x19acb6000 -        0x19ad48ebf  com.apple.securityfoundation (6.0 - 55293) <C44B4193-0CA3-3428-88E3-2F0FE536E172> /System/Library/Frameworks/SecurityFoundation.framework/Versions/A/SecurityFoundation
       0x19ad49000 -        0x19ad7abff  com.apple.coreservices.BackgroundTaskManagement (1.0 - 104) <7BB3D657-C9C4-3C3F-813D-E1CB09D70679> /System/Library/PrivateFrameworks/BackgroundTaskManagement.framework/Versions/A/BackgroundTaskManagement
       0x19ad86000 -        0x19ad891fb  libquarantine.dylib (196.40.3) <84049E82-ACDC-39F3-A2D7-6ECB912B825A> /usr/lib/system/libquarantine.dylib
       0x19ad8a000 -        0x19ad95323  libCheckFix.dylib (33) <0A61336F-1415-3E48-93D3-1A15A9EF3AF0> /usr/lib/libCheckFix.dylib
       0x19ad96000 -        0x19adad6db  libcoretls.dylib (187.80.1) <18114049-42B5-38B8-997F-B0989E680C7D> /usr/lib/libcoretls.dylib
       0x19adae000 -        0x19adbf2eb  libbsm.0.dylib (90) <8068587D-B142-38EC-8386-93F296956286> /usr/lib/libbsm.0.dylib
       0x19adc0000 -        0x19ae20edb  libmecab.dylib (1121) <B076B7F6-0A81-367E-9F65-F4CAF22BB4C0> /usr/lib/libmecab.dylib
       0x19ae21000 -        0x19ae2343b  libgermantok.dylib (31) <152FE5FE-9E55-3635-8254-635B60AEED43> /usr/lib/libgermantok.dylib
       0x19ae24000 -        0x19ae3847f  libLinearAlgebra.dylib (1545.81.3) <1EDCFF88-F2BE-30DC-BFA7-57910ACFE520> /System/Library/Frameworks/Accelerate.framework/Versions/A/Frameworks/vecLib.framework/Versions/A/libLinearAlgebra.dylib
       0x19ae39000 -        0x19b085b7f  com.apple.MetalPerformanceShaders.MPSNeuralNetwork (1.0 - 1) <3DE709B6-4214-33FA-9BD2-B573C155BFEA> /System/Library/Frameworks/MetalPerformanceShaders.framework/Versions/A/Frameworks/MPSNeuralNetwork.framework/Versions/A/MPSNeuralNetwork
       0x19b086000 -        0x19b0da6bf  com.apple.MetalPerformanceShaders.MPSRayIntersector (1.0 - 1) <24304BCD-61A8-3476-B846-EE05A63A0D16> /System/Library/Frameworks/MetalPerformanceShaders.framework/Versions/A/Frameworks/MPSRayIntersector.framework/Versions/A/MPSRayIntersector
       0x19b271000 -        0x19b2a247f  com.apple.MetalPerformanceShaders.MPSMatrix (1.0 - 1) <B4837302-DC97-3D70-96E0-221AC7CE39F0> /System/Library/Frameworks/MetalPerformanceShaders.framework/Versions/A/Frameworks/MPSMatrix.framework/Versions/A/MPSMatrix
       0x19b2a3000 -        0x19b467ebf  com.apple.MetalPerformanceShaders.MPSNDArray (1.0 - 1) <6E99C598-E6C7-3A95-B240-928E4AD4C27D> /System/Library/Frameworks/MetalPerformanceShaders.framework/Versions/A/Frameworks/MPSNDArray.framework/Versions/A/MPSNDArray
       0x19b468000 -        0x19b4fc7bf  com.apple.MetalPerformanceShaders.MPSImage (1.0 - 1) <39FA708C-6D38-36E7-89B2-8E8482AC7CA9> /System/Library/Frameworks/MetalPerformanceShaders.framework/Versions/A/Frameworks/MPSImage.framework/Versions/A/MPSImage
       0x19b4fd000 -        0x19b508343  com.apple.AppleFSCompression (174 - 1.0) <0634E802-D138-3EC4-BDBF-116A76242920> /System/Library/PrivateFrameworks/AppleFSCompression.framework/Versions/A/AppleFSCompression
       0x19b509000 -        0x19b515983  libbz2.1.0.dylib (47) <1701C215-5001-3C8F-B688-FB5257761C7C> /usr/lib/libbz2.1.0.dylib
       0x19b516000 -        0x19b51d00b  libsystem_coreservices.dylib (191.3.3) <94151A03-8600-3318-8719-103E2D5E83A5> /usr/lib/system/libsystem_coreservices.dylib
       0x19b51e000 -        0x19b5502bf  com.apple.CoreServices.OSServices (1141.1 - 1141.1) <343A1CEB-1677-33E5-8D4B-7423DEC58316> /System/Library/Frameworks/CoreServices.framework/Versions/A/Frameworks/OSServices.framework/Versions/A/OSServices
       0x19ba60000 -        0x19ba6f18f  libz.1.dylib (100) <995A8B0F-E8BA-347F-A403-1023361B58DE> /usr/lib/libz.1.dylib
       0x19ba70000 -        0x19baad8b7  libsystem_m.dylib (3309) <9B88F30F-0BEF-391B-A358-8D1E2B08CCBE> /usr/lib/system/libsystem_m.dylib
       0x19baae000 -        0x19baaec9b  libcharset.1.dylib (113) <C89EE3DE-04DA-3C9D-92A4-CE56625E1B9A> /usr/lib/libcharset.1.dylib
       0x19baaf000 -        0x19bab2537  libmacho.dylib (1030.6.3) <D84C5B4C-6EE5-3B2D-8B96-DCA5B83EC11D> /usr/lib/system/libmacho.dylib
       0x19bab3000 -        0x19bacbdfb  libkxld.dylib (12377.91.3) <7D797DED-11BB-3615-AD4A-B8CEF47CEE43> /usr/lib/system/libkxld.dylib
       0x19bacc000 -        0x19bad961f  libcommonCrypto.dylib (600035) <04C03765-D34A-311F-AE1E-CFBB1E627E54> /usr/lib/system/libcommonCrypto.dylib
       0x19bada000 -        0x19bae3b0b  libunwind.dylib (1900.125) <F8A54A94-01E7-32FD-8CBD-A6E62CE80120> /usr/lib/system/libunwind.dylib
       0x19bae4000 -        0x19baeb319  liboah.dylib (367.3) <5315C55D-09E5-394B-A9E5-672B23847BF7> /usr/lib/liboah.dylib
       0x19baec000 -        0x19baf66ff  libcopyfile.dylib (230.0.1.0.1) <4EBDFB06-9F51-3FEF-A4D8-B1AFB9D0E823> /usr/lib/system/libcopyfile.dylib
       0x19baf7000 -        0x19bafa95f  libcompiler_rt.dylib (103.3) <55AFEF28-E352-38B8-ACD6-60B67AA83B68> /usr/lib/system/libcompiler_rt.dylib
       0x19bafb000 -        0x19baffa1b  libsystem_collections.dylib (1725.40.4) <17BD45DA-1D82-3A90-9F18-5D569A5693B5> /usr/lib/system/libsystem_collections.dylib
       0x19bb00000 -        0x19bb034bf  libsystem_secinit.dylib (168.40.2) <0928D7E4-5DB0-3B75-9DF5-08EC8E9C033B> /usr/lib/system/libsystem_secinit.dylib
       0x19bb04000 -        0x19bb06b57  libremovefile.dylib (84) <D854E7F8-C351-331B-9A26-BE66F9B8996D> /usr/lib/system/libremovefile.dylib
       0x19bb07000 -        0x19bb07f27  libkeymgr.dylib (31) <18ED97A3-6DD7-3EC2-AB38-E16A862BE1A7> /usr/lib/system/libkeymgr.dylib
       0x19bb08000 -        0x19bb10f8f  libsystem_dnssd.dylib (2881.80.4.0.1) <A3401BB5-786C-32DC-A9A0-E8405AE9E0CD> /usr/lib/system/libsystem_dnssd.dylib
       0x19bb11000 -        0x19bb160b3  libcache.dylib (95) <EA56E91F-7683-3AA5-AF72-185994622502> /usr/lib/system/libcache.dylib
       0x19bb17000 -        0x19bb18cf3  libSystem.B.dylib (1356) <44B9EC51-9AC9-3D3B-A7F8-DEB02133130A> /usr/lib/libSystem.B.dylib
       0x19bb19000 -        0x19bb1b03f  libfakelink.dylib (5) <7C244DA6-8C2F-3E66-BE8E-AEFA05DFD0EB> /usr/lib/libfakelink.dylib
       0x19bb1c000 -        0x19bb1ca63  com.apple.SoftLinking (1.0 - 67) <9E5D4C80-C0A3-3F6C-8185-0FE3E0C01004> /System/Library/PrivateFrameworks/SoftLinking.framework/Versions/A/SoftLinking
       0x19bb52000 -        0x19bb591bb  libiconv.2.dylib (113) <91928A6D-E098-3B69-B8BB-024C1AED3F71> /usr/lib/libiconv.2.dylib
       0x19bb6d000 -        0x19bc64b7f  libarchive.2.dylib (160.60.3) <980CBA3C-08C6-39E5-BF56-75C2589FC55B> /usr/lib/libarchive.2.dylib
       0x19bc65000 -        0x19bccc7cf  com.apple.SearchKit (1.4.2 - 1.4.2) <7D22A101-B83E-3645-B57E-23C5DCCB9FD4> /System/Library/Frameworks/CoreServices.framework/Versions/A/Frameworks/SearchKit.framework/Versions/A/SearchKit
       0x19bccd000 -        0x19bcd50ff  libThaiTokenizer.dylib (28) <180E7D93-7AB6-3D9C-ABEA-A559E87149E9> /usr/lib/libThaiTokenizer.dylib
       0x19bcd6000 -        0x19bcf9b67  com.apple.applesauce (1.0 - 17.1) <122E6050-C663-3F97-A1B7-152CC75ED245> /System/Library/PrivateFrameworks/AppleSauce.framework/Versions/A/AppleSauce
       0x19bcfa000 -        0x19bd1222b  libapple_nghttp2.dylib (37) <8CD32C25-599A-38F7-AE08-1066E92ACC77> /usr/lib/libapple_nghttp2.dylib
       0x19bd13000 -        0x19bd39dcf  libSparseBLAS.dylib (1545.81.3) <E9E24E7F-E646-37EA-A519-B0317EDC7C93> /System/Library/Frameworks/Accelerate.framework/Versions/A/Frameworks/vecLib.framework/Versions/A/libSparseBLAS.dylib
       0x19bd3a000 -        0x19bd3b63f  com.apple.MetalPerformanceShaders.MetalPerformanceShaders (1.0 - 1) <7F88DED0-627A-3CCC-85EE-ECDB75EDDE44> /System/Library/Frameworks/MetalPerformanceShaders.framework/Versions/A/MetalPerformanceShaders
       0x19bd3c000 -        0x19bd4202f  libpam.2.dylib (35) <22AC6D45-CC44-35F8-A8BB-A19B2FA672AB> /usr/lib/libpam.2.dylib
       0x19bd43000 -        0x19be1414f  libcompression.dylib (190.40.2) <23B871E6-DCDD-3B96-9A12-A71956C7B8B8> /usr/lib/libcompression.dylib
       0x19be15000 -        0x19be191f7  libQuadrature.dylib (8) <398729C1-1FC1-3D03-A8E3-8BF23633F2F2> /System/Library/Frameworks/Accelerate.framework/Versions/A/Frameworks/vecLib.framework/Versions/A/libQuadrature.dylib
       0x19be1a000 -        0x19d08559f  libLAPACK.dylib (1545.81.3) <3FAAACBF-A8BA-3F64-BA51-9D8AEF63865F> /System/Library/Frameworks/Accelerate.framework/Versions/A/Frameworks/vecLib.framework/Versions/A/libLAPACK.dylib
       0x19d086000 -        0x19d0dd75f  com.apple.DictionaryServices (1.2 - 373) <86707711-20C7-3291-9980-E4A705779A93> /System/Library/Frameworks/CoreServices.framework/Versions/A/Frameworks/DictionaryServices.framework/Versions/A/DictionaryServices
       0x19d0de000 -        0x19d0fc88f  liblzma.5.dylib (21) <FC6DCDF3-5995-3B58-B7C4-D051C8DA1078> /usr/lib/liblzma.5.dylib
       0x19d0fd000 -        0x19d0fe86f  libcoretls_cfhelpers.dylib (187.80.1) <E73C2CF5-8828-3C09-9709-6FD6A1BFABD2> /usr/lib/libcoretls_cfhelpers.dylib
       0x19d0ff000 -        0x19d16ed23  com.apple.APFS (2632.80.1 - 2632.80.1) <FB56436F-A54C-39FE-93C8-6126ED3CBE06> /System/Library/PrivateFrameworks/APFS.framework/Versions/A/APFS
       0x19d16f000 -        0x19d17d65b  libxar.1.dylib (501) <17ABD5B4-4168-35BB-883C-7C05E0222CB9> /usr/lib/libxar.1.dylib
       0x19d17e000 -        0x19d1818bb  libutil.dylib (73) <F2A7228B-0166-3073-8E64-5D768EA1916A> /usr/lib/libutil.dylib
       0x19d182000 -        0x19d1ace37  libxslt.1.dylib (21.13) <7D50C051-EA26-33B6-A0CF-8F55C66D75FB> /usr/lib/libxslt.1.dylib
       0x19d1b5000 -        0x19d22f107  libvMisc.dylib (1123.80.6) <196E2EBC-C3FB-341D-8434-F41016DC7D58> /System/Library/Frameworks/Accelerate.framework/Versions/A/Frameworks/vecLib.framework/Versions/A/libvMisc.dylib
       0x19d230000 -        0x19d2c04ff  libate.dylib (3.0.9) <7CE7E760-0CBE-35D8-9BC9-408CEBEEC8F9> /usr/lib/libate.dylib
       0x19d2ca000 -        0x19d2dd49f  com.apple.CrashReporterSupport (10.13 - 15138) <4BC3F138-9AB3-341B-B8E4-41E205A17446> /System/Library/PrivateFrameworks/CrashReporterSupport.framework/Versions/A/CrashReporterSupport
       0x19d421000 -        0x19d46281f  com.apple.pluginkit.framework (1.0 - 1) <1703231D-AD76-34E0-8554-AB7516D250A6> /System/Library/PrivateFrameworks/PlugInKit.framework/Versions/A/PlugInKit
       0x19d4d9000 -        0x19d521ee7  com.apple.AppleVAFramework (6.2.10 - 6.2.10) <3371B6E3-D5B1-39FD-A01A-C4AC3A5F9AB2> /System/Library/PrivateFrameworks/AppleVA.framework/Versions/A/AppleVA
       0x19d522000 -        0x19d53cd17  libexpat.1.dylib (45) <EA037ED9-9231-336B-B34A-6D1E4572A673> /usr/lib/libexpat.1.dylib
       0x19d53d000 -        0x19d546bab  libheimdal-asn1.dylib (710.0.1) <80BC30C5-A36C-32FE-A229-D811538D2CBF> /usr/lib/libheimdal-asn1.dylib
       0x19d665000 -        0x19d72781f  com.apple.MediaExperience (1.0 - 1) <71583743-16EE-3710-A817-7578D95710AE> /System/Library/PrivateFrameworks/MediaExperience.framework/Versions/A/MediaExperience
       0x19d754000 -        0x19d76381f  com.apple.GraphVisualizer (1.0 - 307) <B4F4AB5F-8A32-34A2-87F6-F960B831576E> /System/Library/PrivateFrameworks/GraphVisualizer.framework/Versions/A/GraphVisualizer
       0x19d764000 -        0x19d7a461f  com.apple.OTSVG (1.0 - 877.3.0.1) <193C67AB-6D1B-39AE-BA5F-FC5A01A3D496> /System/Library/PrivateFrameworks/OTSVG.framework/Versions/A/OTSVG
       0x19d7a5000 -        0x19d7b1c5f  com.apple.xpc.AppServerSupport (1.0 - 3089.80.10) <3B17D32E-406A-3F63-9A05-3600EA639945> /System/Library/PrivateFrameworks/AppServerSupport.framework/Versions/A/AppServerSupport
       0x19d7b2000 -        0x19d7b8bdf  libspindump.dylib (412.0.1) <C1B32465-98DD-3033-8BFC-EFC0B3205225> /usr/lib/libspindump.dylib
       0x19d7b9000 -        0x19d879f3f  com.apple.Heimdal (4.0 - 2.0) <220BDA49-10B5-3B84-92E1-4F215343EB64> /System/Library/PrivateFrameworks/Heimdal.framework/Versions/A/Heimdal
       0x19db40000 -        0x19db84da7  com.apple.AppleJPEG (1.0 - 1) <54D9430E-9FF9-39FD-8088-B9E2BF558B48> /System/Library/PrivateFrameworks/AppleJPEG.framework/Versions/A/AppleJPEG
       0x19db85000 -        0x19dd5718f  libJP2.dylib (2784.3.7) <A3566B1B-5C73-346D-A299-77711BB7822E> /System/Library/Frameworks/ImageIO.framework/Versions/A/Resources/libJP2.dylib
       0x19dd58000 -        0x19dd59e37  com.apple.WatchdogClient.framework (1.0 - 323.80.7) <90799AEF-3884-3CD7-BAB9-DAE0B2118FB6> /System/Library/PrivateFrameworks/WatchdogClient.framework/Versions/A/WatchdogClient
       0x19dd5a000 -        0x19dd9febf  com.apple.MultitouchSupport.framework (9430.5 - 9430.5) <40D691BB-9166-31E0-959E-351863FF09A0> /System/Library/PrivateFrameworks/MultitouchSupport.framework/Versions/A/MultitouchSupport
       0x19dda0000 -        0x19e315f1f  com.apple.VideoToolbox (1.0 - 3300.7.1.5.1) <7550E54C-1021-3DFE-A5F3-161E1D5B109E> /System/Library/Frameworks/VideoToolbox.framework/Versions/A/VideoToolbox
       0x19e316000 -        0x19e33b6d7  libAudioToolboxUtility.dylib (1556.418.1) <74DDD6F9-F92D-3BAA-919E-2EBCC7BE0BB4> /usr/lib/libAudioToolboxUtility.dylib
       0x19e33c000 -        0x19e367077  libPng.dylib (2784.3.7) <C5FC4D16-2285-3EF1-85FF-25A837CAC02B> /System/Library/Frameworks/ImageIO.framework/Versions/A/Resources/libPng.dylib
       0x19e368000 -        0x19e3c9c67  libTIFF.dylib (2784.3.7) <418A0AEE-D3B8-3D1F-BAF9-DD4992BDDBBB> /System/Library/Frameworks/ImageIO.framework/Versions/A/Resources/libTIFF.dylib
       0x19e3ca000 -        0x19e3e9d2b  com.apple.IOPresentment (67 - 67) <D1431263-C011-3735-911B-57FCC6A8D8F0> /System/Library/PrivateFrameworks/IOPresentment.framework/Versions/A/IOPresentment
       0x19e3ea000 -        0x19e3ee803  com.apple.GPUWrangler (8.1.12 - 8.1.12) <16796BF6-20AE-3970-804E-4411E5916C36> /System/Library/PrivateFrameworks/GPUWrangler.framework/Versions/A/GPUWrangler
       0x19e3ef000 -        0x19e3f194b  libRadiance.dylib (2784.3.7) <27ED1BD0-43D9-359D-BB98-8EFC37EF961C> /System/Library/Frameworks/ImageIO.framework/Versions/A/Resources/libRadiance.dylib
       0x19e3f2000 -        0x19e3f7653  com.apple.DSExternalDisplay (3.1 - 380) <4A9C6533-7E84-32B7-A203-3D9A380CA20E> /System/Library/PrivateFrameworks/DSExternalDisplay.framework/Versions/A/DSExternalDisplay
       0x19e3f8000 -        0x19e4230ff  libJPEG.dylib (2784.3.7) <415AE428-CA88-3227-822C-0769797CC15B> /System/Library/Frameworks/ImageIO.framework/Versions/A/Resources/libJPEG.dylib
       0x19e452000 -        0x19e457a5b  libGIF.dylib (2784.3.7) <64C67EB5-5A28-307B-B60E-274FD6204B30> /System/Library/Frameworks/ImageIO.framework/Versions/A/Resources/libGIF.dylib
       0x19e458000 -        0x19e4681bf  com.apple.CMCaptureCore (1.0 - 665.81.8) <710EA6AB-022E-3761-9D2B-C57E4557F3E2> /System/Library/PrivateFrameworks/CMCaptureCore.framework/Versions/A/CMCaptureCore
       0x19f40f000 -        0x19f47e2a3  libusrtcp.dylib (5569.81.5) <DB7A00EC-9A65-3BF4-BF00-7140D3695DD5> /usr/lib/libusrtcp.dylib
       0x19f47f000 -        0x19fa0d6df  libswiftCore.dylib (6.2.4 - 6.2.4.1.4) <EF17EAAC-5E38-3D8F-9849-A68224788FA6> /usr/lib/swift/libswiftCore.dylib
       0x19fac0000 -        0x19fb16e1f  libSessionUtility.dylib (398.303) <58FE2B57-736E-3699-A562-0ED3860CA0D7> /System/Library/PrivateFrameworks/AudioSession.framework/libSessionUtility.dylib
       0x19fb17000 -        0x19fcf1edf  com.apple.audio.toolbox.AudioToolbox (1.14 - 1.14) <7DEE28E3-513B-366B-B5A5-9364BAC13D05> /System/Library/Frameworks/AudioToolbox.framework/Versions/A/AudioToolbox
       0x19fcf2000 -        0x19fd7015f  com.apple.audio.AudioSession (1.0 - 398.303) <B5F56459-60CE-38CD-9CBA-A4FAA0CAC06B> /System/Library/PrivateFrameworks/AudioSession.framework/Versions/A/AudioSession
       0x19fd71000 -        0x19fd89b1f  libAudioStatistics.dylib (262.202) <092A32F2-26E3-394D-A6B5-EE325B63BA30> /usr/lib/libAudioStatistics.dylib
       0x19fe00000 -        0x19fe1c0a3  libresolv.9.dylib (93) <BA9529D6-9D20-3B20-9027-9F5E05EF798A> /usr/lib/libresolv.9.dylib
       0x19fe1d000 -        0x19fe2f7d7  libsasl2.2.dylib (215) <D0F77A8D-AC14-3D2F-8DC5-11F93F09AF05> /usr/lib/libsasl2.2.dylib
       0x1a0028000 -        0x1a0108a0f  libSMC.dylib (38) <4FC6F40D-7C6A-3A87-A3EB-15E23927855C> /usr/lib/libSMC.dylib
       0x1a0168000 -        0x1a0174a17  com.apple.NetAuth (6.2 - 6.2) <1AEB3F84-0E3C-3EE1-8752-ECD2DCA06327> /System/Library/PrivateFrameworks/NetAuth.framework/Versions/A/NetAuth
       0x1a0183000 -        0x1a019047f  com.apple.perfdata (1.0 - 122) <3ABD2E5A-E972-34CA-8570-119E2E3DC3AE> /System/Library/PrivateFrameworks/perfdata.framework/Versions/A/perfdata
       0x1a0191000 -        0x1a019ed9f  libperfcheck.dylib (46) <0B04C7B7-8C72-3DAF-9F20-B374F7CA66EE> /usr/lib/libperfcheck.dylib
       0x1a019f000 -        0x1a01b01c7  com.apple.Kerberos (3.0 - 1) <29D91C4B-EF56-36D7-8B6E-A2FD173FC016> /System/Library/Frameworks/Kerberos.framework/Versions/A/Kerberos
       0x1a01b1000 -        0x1a0202aaf  com.apple.GSS (4.0 - 2.0) <80057AF7-854F-3E8D-8211-6B9123F2E7B4> /System/Library/Frameworks/GSS.framework/Versions/A/GSS
       0x1a0203000 -        0x1a0213da7  com.apple.CommonAuth (4.0 - 2.0) <42297637-45CB-32AB-B82D-BCB5EF41AAF0> /System/Library/PrivateFrameworks/CommonAuth.framework/Versions/A/CommonAuth
       0x1a0214000 -        0x1a02f2c7f  com.apple.MobileAssets (1.0 - 1837.80.27.0.1) <EF91F303-8A75-3ACB-9DA9-1AD3A147B3FA> /System/Library/PrivateFrameworks/MobileAsset.framework/Versions/A/MobileAsset
       0x1a0384000 -        0x1a03930b0  com.apple.CorePhoneNumbers (1.0 - 1) <2EEEB81B-0D2B-3F1B-B3A0-AD259A5E0516> /System/Library/PrivateFrameworks/CorePhoneNumbers.framework/Versions/A/CorePhoneNumbers
       0x1a1cef000 -        0x1a1de504f  com.apple.combine (1.0 - 3023) <D189CEB2-496E-3843-A5A2-020EE51B0E79> /System/Library/Frameworks/Combine.framework/Versions/A/Combine
       0x1a3fbe000 -        0x1a3fbe86f  com.apple.Accelerate.vecLib (3.11 - vecLib 3.11) <9C60DDF6-DB11-3382-9A90-5ECBF65AFFE2> /System/Library/Frameworks/Accelerate.framework/Versions/A/Frameworks/vecLib.framework/Versions/A/vecLib
       0x1a3fe4000 -        0x1a3fe498f  com.apple.CoreServices (1226 - 1226) <32A74A0A-3F86-3F02-98AF-51FB14BCC672> /System/Library/Frameworks/CoreServices.framework/Versions/A/CoreServices
       0x1a425b000 -        0x1a425b417  com.apple.Accelerate (1.11 - Accelerate 1.11) <501534A5-AC58-30C7-A4A5-3238694755F7> /System/Library/Frameworks/Accelerate.framework/Versions/A/Accelerate
       0x1a510f000 -        0x1a511e8bf  com.apple.SymptomDiagnosticReporter (1.0 - 411.80.3) <F4AFD7F9-6846-388E-A67F-5BE15D04792D> /System/Library/PrivateFrameworks/SymptomDiagnosticReporter.framework/Versions/A/SymptomDiagnosticReporter
       0x1a511f000 -        0x1a514ee7f  com.apple.PowerLog (1.0 - 1) <8B23076C-BB1E-380F-818D-DBE95406317C> /System/Library/PrivateFrameworks/PowerLog.framework/Versions/A/PowerLog
       0x1a515c000 -        0x1a521039f  com.apple.DiscRecording (9.0.3 - 9030.4.5) <12E01599-0C72-3DC4-91FD-74B159DAA3F8> /System/Library/Frameworks/DiscRecording.framework/Versions/A/DiscRecording
       0x1a5211000 -        0x1a524228f  com.apple.MediaKit (16 - 938) <5DFAE7C5-C6D7-317F-A3DC-34242AA73E77> /System/Library/PrivateFrameworks/MediaKit.framework/Versions/A/MediaKit
       0x1a5d0e000 -        0x1a5d24f90  libswiftDispatch.dylib (56) <078361EC-4DAA-33B3-B150-0A44C3E77CDD> /usr/lib/swift/libswiftDispatch.dylib
       0x1a6072000 -        0x1a60fecdf  com.apple.BoardServices (1.0 - 732.1.1) <16A1B6FF-1A9F-31FB-B748-EAA50B44F2B8> /System/Library/PrivateFrameworks/BoardServices.framework/Versions/A/BoardServices
       0x1a613f000 -        0x1a614c51f  com.apple.GraphicsServices (1.0 - 1.0) <59EEBD80-284A-3EF7-898A-AB3AD3BAD60A> /System/Library/PrivateFrameworks/GraphicsServices.framework/Versions/A/GraphicsServices
       0x1a6455000 -        0x1a64777a1  com.apple.DebugSymbols (216 - 217) <27C1590B-8AF0-3CAD-95EA-DDAADE07C037> /System/Library/PrivateFrameworks/DebugSymbols.framework/Versions/A/DebugSymbols
       0x1a6478000 -        0x1a658ef67  com.apple.CoreSymbolication (16.0 - 64572.108.2) <19C10993-319A-3609-B4EB-5692C746DE90> /System/Library/PrivateFrameworks/CoreSymbolication.framework/Versions/A/CoreSymbolication
       0x1a658f000 -        0x1a65992ff  com.apple.CoreTime (334.0.16.1 - 334.0.16.1) <A9E04DF2-47FF-3F79-B959-68E9B0A44370> /System/Library/PrivateFrameworks/CoreTime.framework/Versions/A/CoreTime
       0x1a7e45000 -        0x1a7eb61df  com.apple.BackBoardServices (1.0 - 1.0) <E974F144-2ECC-34B6-AF3C-60CCA887F86B> /System/Library/PrivateFrameworks/BackBoardServices.framework/Versions/A/BackBoardServices
       0x1a7eb7000 -        0x1a7ef2a7f  com.apple.LDAPFramework (2.4.28 - 194.5) <8A779B71-B768-3782-BFEA-DF575CE71860> /System/Library/Frameworks/LDAP.framework/Versions/A/LDAP
       0x1a7ef3000 -        0x1a7ef47a7  com.apple.TrustEvaluationAgent (2.0 - 38) <0C598FBB-A611-35CF-B375-A35DB12CF3B2> /System/Library/PrivateFrameworks/TrustEvaluationAgent.framework/Versions/A/TrustEvaluationAgent
       0x1a8021000 -        0x1a80deb5f  com.apple.DiskImagesFramework (681.60.1 - 681.60.1) <7AFA86B6-A0D7-37AE-B7CE-8D51629F99FB> /System/Library/PrivateFrameworks/DiskImages.framework/Versions/A/DiskImages
       0x1a811f000 -        0x1a8135e3f  com.apple.RemoteServiceDiscovery (1.0 - 202.80.2) <D2A83392-79C5-319B-A543-14E20F175FA5> /System/Library/PrivateFrameworks/RemoteServiceDiscovery.framework/Versions/A/RemoteServiceDiscovery
       0x1a8136000 -        0x1a814cc9f  com.apple.xpc.RemoteXPC (1.0 - 3089.80.10) <D14DDF8E-F1D9-398E-B9B3-5799854E6186> /System/Library/PrivateFrameworks/RemoteXPC.framework/Versions/A/RemoteXPC
       0x1a81e1000 -        0x1a826229f  libcurl.4.dylib (162) <7DAF1527-FDB0-3672-8A4F-E75B925F3FEA> /usr/lib/libcurl.4.dylib
       0x1a8269000 -        0x1a82ac3df  com.apple.AppSupport (1.0.0 - 29) <7BE1EBF8-7242-3342-B88E-FC23A3895588> /System/Library/PrivateFrameworks/AppSupport.framework/Versions/A/AppSupport
       0x1a8584000 -        0x1a8586f3f  com.apple.InternationalTextSearch (1.0 - 1) <4B08A856-FD3D-316F-9BB6-6D43497EE253> /System/Library/PrivateFrameworks/InternationalTextSearch.framework/Versions/A/InternationalTextSearch
       0x1a8b37000 -        0x1a8b373f7  libHeimdalProxy.dylib (88) <D22AFF6A-3024-32F9-981C-F81B8A989809> /System/Library/Frameworks/Kerberos.framework/Versions/A/Libraries/libHeimdalProxy.dylib
       0x1a8b62000 -        0x1a8b80c5f  com.apple.StreamingZip (1.0 - 1) <26A0BEC4-FA01-38C3-A2A4-DDEF58CFF91F> /System/Library/PrivateFrameworks/StreamingZip.framework/Versions/A/StreamingZip
       0x1a8bd4000 -        0x1a8bd760d  libswiftObjectiveC.dylib (951.1) <32F3A126-27F7-3F2D-975F-6A35735C240C> /usr/lib/swift/libswiftObjectiveC.dylib
       0x1a8bd8000 -        0x1a8bf52bf  libswiftos.dylib (1076.40.2) <68F1B6A7-A220-3BF6-9104-FE09847ACD74> /usr/lib/swift/libswiftos.dylib
       0x1a9b8e000 -        0x1a9c1cebf  com.apple.proactive.support.ProactiveSupport (1.0 - 415.1) <D475519B-DB21-3169-A170-4FA2082B994B> /System/Library/PrivateFrameworks/ProactiveSupport.framework/Versions/A/ProactiveSupport
       0x1a9d1a000 -        0x1a9d5565f  com.apple.ASEProcessing (1.50.5 - 1.50.5) <519706AF-8BDC-3F74-A5CD-BAC561CDDEFD> /System/Library/PrivateFrameworks/ASEProcessing.framework/Versions/A/ASEProcessing
       0x1aaf66000 -        0x1ab03349f  com.apple.audio.midi.CoreMIDI (2.0 - 88) <349E1842-7521-35A6-ACA9-E80329EC86A8> /System/Library/Frameworks/CoreMIDI.framework/Versions/A/CoreMIDI
       0x1abc25000 -        0x1abc297bf  com.apple.IOSurfaceAccelerator (1.0.0 - 1.0.0) <F6B04959-AC2A-3FD6-8683-84BD1DF0151C> /System/Library/PrivateFrameworks/IOSurfaceAccelerator.framework/Versions/A/IOSurfaceAccelerator
       0x1b0989000 -        0x1b099be5f  com.apple.HID (1.0 - 1) <4231332C-5487-32E4-9F39-69F58D8CDD95> /System/Library/PrivateFrameworks/HID.framework/Versions/A/HID
       0x1b53b8000 -        0x1b53c771f  com.apple.NetFS (6.0 - 4.0) <EB27EA43-1677-38DA-9C3C-C4EAD8BE70CA> /System/Library/Frameworks/NetFS.framework/Versions/A/NetFS
       0x1b58f6000 -        0x1b58f8a9f  libswiftDarwin.dylib (347.40.2) <38299193-F09E-32C2-9D02-41145E95B937> /usr/lib/swift/libswiftDarwin.dylib
       0x1b794c000 -        0x1b7a3d03f  libquic.dylib (5569.81.5) <A7793D8C-9436-3AA1-AEE1-C096E3AF3B69> /usr/lib/libquic.dylib
       0x1b7a49000 -        0x1b7a716bf  com.apple.private.SystemPolicy (1.0 - 1) <6E6D7AC0-63CC-37F5-9853-30DCAFF669AC> /System/Library/PrivateFrameworks/SystemPolicy.framework/Versions/A/SystemPolicy
       0x1b8915000 -        0x1b89a1f1f  com.apple.LoggingSupport (1.0 - 1815.80.2) <3B369836-295B-3C26-A2DA-A8036FDE4774> /System/Library/PrivateFrameworks/LoggingSupport.framework/Versions/A/LoggingSupport
       0x1b89a2000 -        0x1b89aea4b  com.apple.MallocStackLogging (1.0 - 64573.4.1) <C3EBC9BA-52FB-3624-B38F-595D3806224C> /System/Library/PrivateFrameworks/MallocStackLogging.framework/Versions/A/MallocStackLogging
       0x1b89d4000 -        0x1b8a2aeff  libmis.dylib (463.0.8) <529134B9-CD55-3EB9-9029-4BBD2AF7F1A4> /usr/lib/libmis.dylib
       0x1b8a2b000 -        0x1b8a2ec7f  com.apple.gpusw.GPURawCounter (34 - 34) <06667B12-6C26-3603-BD41-D218C434CD87> /System/Library/PrivateFrameworks/GPURawCounter.framework/Versions/A/GPURawCounter
       0x1b8a2f000 -        0x1b8a4eb53  libswiftCoreAudio.dylib (411.417) <2D95FC1B-7C4E-37B6-961A-2EFF7ED1B6BA> /usr/lib/swift/libswiftCoreAudio.dylib
       0x1b8a4f000 -        0x1b8a55387  libswiftCoreFoundation.dylib (2401) <6C11227E-B1B0-3F04-964B-7C6056F9C092> /usr/lib/swift/libswiftCoreFoundation.dylib
       0x1b8a61000 -        0x1b8aa7742  libswiftXPC.dylib (105.0.14) <D3B538A0-EF2F-31B2-A402-4DEE6A6AF2F4> /usr/lib/swift/libswiftXPC.dylib
       0x1b8aa9000 -        0x1b8aa98a3  libswiftIOKit.dylib (1) <65B73C62-BE48-3F5C-B9CB-559E88F6CCB2> /usr/lib/swift/libswiftIOKit.dylib
       0x1baa71000 -        0x1baab6123  libbootpolicy.dylib (289.0.1) <B76B88AD-CBA4-3C41-B0EC-0CCB1B982DDF> /usr/lib/libbootpolicy.dylib
       0x1bc50e000 -        0x1bc5259c3  libswiftsimd.dylib (23) <C6F52DF2-8CD3-3C9D-991D-1318248286D6> /usr/lib/swift/libswiftsimd.dylib
       0x1bdbba000 -        0x1bdbc337f  com.apple.IOAccelMemoryInfo (1.0 - 1) <5B7B2120-3E80-3187-8C92-2B68C2C60CBC> /System/Library/PrivateFrameworks/IOAccelMemoryInfo.framework/Versions/A/IOAccelMemoryInfo
       0x1bf1e0000 -        0x1bf1e91f7  libswiftCoreMIDI.dylib (6) <D7AC1755-2FFB-3301-9B7B-84F58EDE35DB> /usr/lib/swift/libswiftCoreMIDI.dylib
       0x1bf997000 -        0x1bf99dc9f  com.apple.MSUDataAccessor (1.0 - 1) <F5D53986-F5D5-37CD-B036-FBAC893F7DB6> /System/Library/PrivateFrameworks/MSUDataAccessor.framework/Versions/A/MSUDataAccessor
       0x1bfda0000 -        0x1bfe011df  com.apple.SoftwareUpdateCoreSupport (1.0 - 1) <63AC95BD-9446-31BA-9DF2-44B0E4FCA200> /System/Library/PrivateFrameworks/SoftwareUpdateCoreSupport.framework/Versions/A/SoftwareUpdateCoreSupport
       0x1c389c000 -        0x1c38f2cff  com.apple.biome.BiomeFoundation (1.0 - 200.6) <713156C1-0B57-3241-95EB-F78A7A7F6C5E> /System/Library/PrivateFrameworks/BiomeFoundation.framework/Versions/A/BiomeFoundation
       0x1c66b1000 -        0x1c66bd49a  libswiftMetal.dylib (371.5) <E81FF6C4-7BA2-32A8-B7EE-5C34A4393939> /usr/lib/swift/libswiftMetal.dylib
       0x1c66be000 -        0x1c66c4d5f  libswiftCompression.dylib (8) <1B2FA4F2-D8D3-300E-A5AA-029CC18F1764> /usr/lib/swift/libswiftCompression.dylib
       0x1c759d000 -        0x1c76491df  libFDR.dylib (1499.80.8) <46532F9A-DBF7-39C8-9F1B-E9C781923009> /usr/lib/libFDR.dylib
       0x1c76d1000 -        0x1c7c84c1f  com.apple.biome.BiomeStreams (1.0 - 200.6) <7082DF7D-F028-383A-8AEE-76EF17830EA5> /System/Library/PrivateFrameworks/BiomeStreams.framework/Versions/A/BiomeStreams
       0x1c8155000 -        0x1c8169b7f  com.apple.SoftwareUpdateCoreConnect (1.0 - 1) <DF76C5F0-96BA-36EB-A189-3F26D113072D> /System/Library/PrivateFrameworks/SoftwareUpdateCoreConnect.framework/Versions/A/SoftwareUpdateCoreConnect
       0x1ca626000 -        0x1ca690ebf  com.apple.osanalytics.OSAnalytics (1.0 - 1) <197141D3-6E12-3BF3-A266-6AA9D8296810> /System/Library/PrivateFrameworks/OSAnalytics.framework/Versions/A/OSAnalytics
       0x1cb9ca000 -        0x1cb9cbf73  libswiftQuartzCore.dylib (5) <27F395B3-E527-3C6E-94F8-5993A92E4FA8> /usr/lib/swift/libswiftQuartzCore.dylib
       0x1cbdc0000 -        0x1cbdc59a7  com.apple.kperf (1.0 - 1) <FCF94F65-C917-3393-AD61-296F785F29AD> /System/Library/PrivateFrameworks/kperf.framework/Versions/A/kperf
       0x1cbec7000 -        0x1cbecc45f  com.apple.MobileSystemServices (1.0 - 1) <276A340E-9F3C-3253-9DE8-EDFCB9EA9D42> /System/Library/PrivateFrameworks/MobileSystemServices.framework/Versions/A/MobileSystemServices
       0x1cd3b3000 -        0x1cd3d55ff  libamsupport.dylib (434.40.3) <6FDEB6DA-32AA-3F83-805C-CE920057BF63> /usr/lib/libamsupport.dylib
       0x1cd792000 -        0x1cd7efe3f  com.apple.biome.BiomePubSub (1.0 - 200.6) <80452CAD-7E3A-3AE8-985C-DD2ED185BE66> /System/Library/PrivateFrameworks/BiomePubSub.framework/Versions/A/BiomePubSub
       0x1cd7f0000 -        0x1cd83363f  com.apple.biome.BiomeStorage (1.0 - 200.6) <121DE42E-EADA-393B-B2CC-237B33243A6B> /System/Library/PrivateFrameworks/BiomeStorage.framework/Versions/A/BiomeStorage
       0x1d0238000 -        0x1d024656c  libswiftUniformTypeIdentifiers.dylib (877.3.5) <A399C880-3891-3519-9A53-864989F91725> /usr/lib/swift/libswiftUniformTypeIdentifiers.dylib
       0x1d0247000 -        0x1d030672b  libswiftAccelerate.dylib (77) <657650AF-BAA7-3150-88D5-F61A6CF01343> /usr/lib/swift/libswiftAccelerate.dylib
       0x1d0447000 -        0x1d04580df  libpartition2_dynamic.dylib (3476.80.22) <2ADCDFB3-E656-3A44-A0E2-A079529F1D32> /usr/lib/libpartition2_dynamic.dylib
       0x1d099a000 -        0x1d09a521f  com.apple.AFKUser (1.0 - 1) <6389217F-A473-3E6F-AFE5-19FA620A13C7> /System/Library/PrivateFrameworks/AFKUser.framework/Versions/A/AFKUser
       0x1d428f000 -        0x1d42eec6a  libswiftCoreMedia.dylib (3300.7.1.5.1) <C34B4F94-C852-30E5-BEBA-0A6113E87408> /usr/lib/swift/libswiftCoreMedia.dylib
       0x1d5a36000 -        0x1d5a37aab  libswiftOSLog.dylib (10) <A041250D-A03A-3C9C-92D1-E2AD9106B4A2> /usr/lib/swift/libswiftOSLog.dylib
       0x1d9a91000 -        0x1d9b939ff  com.apple.Symbolication (16.0 - 64573.4.1) <AC9A66D0-E4EA-3EDB-BA81-2AC7A2921B9E> /System/Library/PrivateFrameworks/Symbolication.framework/Versions/A/Symbolication
       0x1ddfbf000 -        0x1ddfcf4bf  com.apple.OSLog (1.0 - 1815.80.2) <56A5141A-6825-3E28-95E9-6E64CDFBCD3B> /System/Library/Frameworks/OSLog.framework/Versions/A/OSLog
       0x1de2c2000 -        0x1de3c5e14  com.apple.InternalSwiftProtobuf (1.0 - 1.26.0) <34F52035-0665-3F6E-BAD2-C818C0DBE02B> /System/Library/PrivateFrameworks/InternalSwiftProtobuf.framework/Versions/A/InternalSwiftProtobuf
       0x1de48a000 -        0x1de4952ff  com.apple.HIDDisplay (1.0 - 1) <924A2F01-F833-3909-AA54-6FF65E96DB4D> /System/Library/PrivateFrameworks/HIDDisplay.framework/Versions/A/HIDDisplay
       0x1e6162000 -        0x1e6162b03  com.apple.FeatureFlags (1.0 - 101) <5F5F5289-C923-33F1-AF39-B84D4D2A0D9B> /System/Library/PrivateFrameworks/FeatureFlags.framework/Versions/A/FeatureFlags
       0x1ef2c5000 -        0x1ef2c765f  com.apple.ConfigProfileHelper (18.0 - 1800) <F2961F85-7FA7-358F-B9C4-66241B1067F7> /System/Library/PrivateFrameworks/ConfigProfileHelper.framework/Versions/A/ConfigProfileHelper
       0x23020a000 -        0x230211367  libCoreFSCache.dylib (351) <53B943E7-6BDA-3172-B99B-E18F0CF19D0E> /System/Library/Frameworks/OpenGL.framework/Versions/A/Libraries/libCoreFSCache.dylib
       0x230212000 -        0x23021794f  libCoreVMClient.dylib (351) <B318E19A-D202-3BBF-B188-4364E1D8D237> /System/Library/Frameworks/OpenGL.framework/Versions/A/Libraries/libCoreVMClient.dylib
       0x230218000 -        0x230228397  com.apple.opengl (23.0.2 - 23.0.2) <200FC998-40D9-3B8F-9FB3-0B46276595FB> /System/Library/Frameworks/OpenGL.framework/Versions/A/OpenGL
       0x230229000 -        0x23022b7af  libCVMSPluginSupport.dylib (23.0.2) <71A6AC3F-04DC-3162-A9AE-F23C96DFC12F> /System/Library/Frameworks/OpenGL.framework/Versions/A/Libraries/libCVMSPluginSupport.dylib
       0x23022c000 -        0x230234757  libGFXShared.dylib (23.0.2) <2C6E8FF8-7511-3A00-9E44-EB882DAD5BE5> /System/Library/Frameworks/OpenGL.framework/Versions/A/Libraries/libGFXShared.dylib
       0x230235000 -        0x2302683c3  libGLImage.dylib (23.0.2) <D4FE1910-DF80-353F-BC43-1DCB6B3FFF48> /System/Library/Frameworks/OpenGL.framework/Versions/A/Libraries/libGLImage.dylib
       0x230269000 -        0x2302a32ff  libGLU.dylib (23.0.2) <35E8E60E-D58E-3529-933E-BA58446471A1> /System/Library/Frameworks/OpenGL.framework/Versions/A/Libraries/libGLU.dylib
       0x2303f8000 -        0x230401bcf  libGL.dylib (23.0.2) <14960E1F-ACFB-34D5-BE67-3222082221F6> /System/Library/Frameworks/OpenGL.framework/Versions/A/Libraries/libGL.dylib
       0x2321b8000 -        0x2322edbff  com.apple.ExtensionFoundation (97 - 97) <45D3C2CD-887C-3A5B-8206-643158B51F13> /System/Library/Frameworks/ExtensionFoundation.framework/Versions/A/ExtensionFoundation
       0x233520000 -        0x23356276f  com.apple.LightweightCodeRequirements (1.0 - 1) <F10DCA1B-50A6-304F-9498-829308A80703> /System/Library/Frameworks/LightweightCodeRequirements.framework/Versions/A/LightweightCodeRequirements
       0x234382000 -        0x2343a017f  com.apple.MPSBenchmarkLoop (1.0 - 1) <02D1C58E-7546-3976-B0C0-8C923793DB82> /System/Library/Frameworks/MetalPerformanceShaders.framework/Versions/A/Frameworks/MPSBenchmarkLoop.framework/Versions/A/MPSBenchmarkLoop
       0x2343a1000 -        0x2343b515f  com.apple.MPSFunctions (1.0 - 1) <B0D335C1-68E0-3F10-A341-CEF08730D07A> /System/Library/Frameworks/MetalPerformanceShaders.framework/Versions/A/Frameworks/MPSFunctions.framework/Versions/A/MPSFunctions
       0x2343b6000 -        0x2343bab9f  com.apple.MPSHost (1.0 - 1) <61CC9FE9-C216-3880-A2D6-880FEE38A016> /System/Library/Frameworks/MetalPerformanceShaders.framework/Versions/A/Frameworks/MPSHost.framework/Versions/A/MPSHost
       0x23a6c0000 -        0x23a82d6a6  com.apple.SwiftData (1.0 - 133) <646A867A-2FCD-3CFE-A325-74BB26E7C67F> /System/Library/Frameworks/SwiftData.framework/Versions/A/SwiftData
       0x240ad4000 -        0x240ae8a5f  com.apple.AppleDeviceQuerySupport (1.0 - 396.80.5) <A9B64CDD-8CA1-33CD-A1F1-913E678FC1C4> /System/Library/PrivateFrameworks/AppleDeviceQuerySupport.framework/Versions/A/AppleDeviceQuerySupport
       0x2411ab000 -        0x241222d7f  com.apple.AppleKeyStore (1.0 - 1.0) <68DB8815-1B01-39DD-9E59-71504C8C6AF9> /System/Library/PrivateFrameworks/AppleKeyStore.framework/Versions/A/AppleKeyStore
       0x241aa2000 -        0x241abaf9f  com.apple.private.AppleMobileFileIntegrity-fmk (1.0 - 1) <83864800-32DC-357E-8706-6130F7DE9BA2> /System/Library/PrivateFrameworks/AppleMobileFileIntegrity.framework/Versions/A/AppleMobileFileIntegrity
       0x241f9d000 -        0x241faf95f  com.apple.AtomicsInternal (1.1.0 - 112) <A2BC743C-1068-3466-816A-CDD1FCCE2079> /System/Library/PrivateFrameworks/AtomicsInternal.framework/Versions/A/AtomicsInternal
       0x24205d000 -        0x2420894df  com.apple.imgaudio.AudioAnalytics (1.0 - 1) <4E90474D-2D10-3331-89C2-BD007CE76462> /System/Library/PrivateFrameworks/AudioAnalytics.framework/Versions/A/AudioAnalytics
       0x242649000 -        0x24269107f  com.apple.BackBoardHIDEventFoundation (1.0 - 1) <0D50AF87-F942-38FE-BB99-5C746A179239> /System/Library/PrivateFrameworks/BackBoardHIDEventFoundation.framework/Versions/A/BackBoardHIDEventFoundation
       0x242716000 -        0x24272fd1f  com.apple.biome.BiomeDSL (1.0 - 200.6) <9E11C390-C8F0-3DF7-BC46-6168209C74E3> /System/Library/PrivateFrameworks/BiomeDSL.framework/Versions/A/BiomeDSL
       0x242730000 -        0x242f77b7f  com.apple.BiomeLibrary (246.32) <DF416BD3-77A9-3134-87B6-D1F5B8C8F377> /System/Library/PrivateFrameworks/BiomeLibrary.framework/Versions/A/BiomeLibrary
       0x242f78000 -        0x242f7db1f  com.apple.biome.BiomeSync (1.0 - 200.6) <A5DA86A9-02A2-3464-BF87-1B1BC5436DD6> /System/Library/PrivateFrameworks/BiomeSync.framework/Versions/A/BiomeSync
       0x244589000 -        0x24460d47f  com.apple.biome.CascadeSets (1.0 - 200.6) <48B948F4-D6FE-32D4-9715-7442F098E1C9> /System/Library/PrivateFrameworks/CascadeSets.framework/Versions/A/CascadeSets
       0x24594a000 -        0x245a86b9f  com.apple.CollectionsInternal (1.2.0 - 112) <BB509319-66C5-3E9A-8055-3985A745E74D> /System/Library/PrivateFrameworks/CollectionsInternal.framework/Versions/A/CollectionsInternal
       0x24bedd000 -        0x24bef22df  com.apple.DeviceRecovery (1.0 - 1) <C1AC367C-FEA1-3AB2-A3C5-B9CD5BCCB882> /System/Library/PrivateFrameworks/DeviceRecovery.framework/Versions/A/DeviceRecovery
       0x24dff0000 -        0x24dff32ff  com.apple.FontServices (1.0 - 1) <20DF125E-B14E-3CD9-85A7-2A247DFCA37E> /System/Library/PrivateFrameworks/FontServices.framework/Versions/A/FontServices
       0x24dff4000 -        0x24e0e3dff  libXTFontStaticRegistryData.dylib (335.3.0.1) <65512F61-6F82-3210-ACF2-2400FA078DE9> /System/Library/PrivateFrameworks/FontServices.framework/libXTFontStaticRegistryData.dylib
       0x24e0e5000 -        0x24e0f113f  com.apple.FramePacing (1.0 - 1) <B4D9E492-938B-38B2-BD07-81E5D50CE3FC> /System/Library/PrivateFrameworks/FramePacing.framework/Versions/A/FramePacing
       0x24f226000 -        0x24f22bf8f  libGPUCompilerUtils.dylib (32023.864) <091B86A2-9012-3E63-947A-3288F3FEEE9C> /System/Library/PrivateFrameworks/GPUCompiler.framework/Versions/32023/Libraries/libGPUCompilerUtils.dylib
       0x2537d9000 -        0x253819c6b  libllvm-flatbuffers.dylib (32023.864) <C72364A7-F7BF-3DCF-85B5-CD80A5328082> /System/Library/PrivateFrameworks/GPUCompiler.framework/Versions/32023/Libraries/libllvm-flatbuffers.dylib
       0x25a91a000 -        0x25aa1401f  com.apple.InstalledContentLibrary (1.0 - 1.0) <93078811-3A2B-3026-AD78-DB392877C3B3> /System/Library/PrivateFrameworks/InstalledContentLibrary.framework/Versions/A/InstalledContentLibrary
       0x25cffb000 -        0x25d68a57f  com.apple.IntelligencePlatformLibrary (246.32) <E59C7007-71F8-3E92-B501-2869D8ADD92A> /System/Library/PrivateFrameworks/IntelligencePlatformLibrary.framework/Versions/A/IntelligencePlatformLibrary
       0x25f122000 -        0x25f7ec783  com.apple.MIL (3510.2 - 3510.2.1) <82B4A9C6-FBC0-39F0-A80A-8D3C852F75FE> /System/Library/PrivateFrameworks/MIL.framework/Versions/A/MIL
       0x26299b000 -        0x2629f0abf  com.apple.MessageSecurity (1.0 - 195.80.13) <52BC59EA-91F0-3F96-8532-111ABB30B2D0> /System/Library/PrivateFrameworks/MessageSecurity.framework/Versions/A/MessageSecurity
       0x267858000 -        0x267971227  com.apple.ParsingInternal (0.0.1 - 112) <75C94AB2-C1A1-3640-A6C6-F37825F8D94D> /System/Library/PrivateFrameworks/ParsingInternal.framework/Versions/A/ParsingInternal
       0x26aa20000 -        0x26aa4055f  com.apple.accessibility.PhotosensitivityProcessing (1.0 - 1) <ED0A0B95-C0C0-3C80-A789-AD2C33E53E38> /System/Library/PrivateFrameworks/PhotosensitivityProcessing.framework/Versions/A/PhotosensitivityProcessing
       0x26ae03000 -        0x26ae33e1f  com.apple.PoirotSQLite (1.0 - 1) <527B667D-4BD8-3892-9C8B-46CC76255479> /System/Library/PrivateFrameworks/PoirotSQLite.framework/Versions/A/PoirotSQLite
       0x26ae34000 -        0x26ae9dd01  com.apple.PoirotSchematizer (1.0 - 1) <242B9C9B-A35D-3F88-B904-8A14946C4E6F> /System/Library/PrivateFrameworks/PoirotSchematizer.framework/Versions/A/PoirotSchematizer
       0x26ae9e000 -        0x26aeca120  com.apple.PoirotUDFs (1.0 - 1) <B4EF3FA0-5438-3B43-A150-B00620E06AC7> /System/Library/PrivateFrameworks/PoirotUDFs.framework/Versions/A/PoirotUDFs
       0x26bb35000 -        0x26bc7a9bf  com.apple.ProDisplayLibrary (10.4.27 - 10.4.27) <ADA26C22-CAA5-3775-845E-8E4801A59D12> /System/Library/PrivateFrameworks/ProDisplayLibrary.framework/Versions/A/ProDisplayLibrary
       0x26cac9000 -        0x26cad150f  com.apple.ReflectionInternal (1.0.0 - 112) <0994D500-6C5E-3043-BEF9-62112BC8E9FA> /System/Library/PrivateFrameworks/ReflectionInternal.framework/Versions/A/ReflectionInternal
       0x26d955000 -        0x26d968c77  com.apple.RuntimeInternal (1.0.0 - 112) <499C3BA4-61D1-385D-ACCE-55CE192DA093> /System/Library/PrivateFrameworks/RuntimeInternal.framework/Versions/A/RuntimeInternal
       0x26db8e000 -        0x26dbf897f  com.apple.SILManager (53.15 - 53.15) <826C163D-5FBC-3EF6-8246-D8AA4DE83F33> /System/Library/PrivateFrameworks/SILManager.framework/Versions/A/SILManager
       0x278401000 -        0x27842dd87  com.apple.security.SwiftASN1Internal (1.0 - 1) <0E6E79DC-D0A7-32D1-BC70-6ADA8509EC6D> /System/Library/PrivateFrameworks/SwiftASN1Internal.framework/Versions/A/SwiftASN1Internal
       0x27b9dc000 -        0x27ba113bf  com.apple.tightbeam (1.0 - 483.60.5) <898213AF-E560-3564-8177-E41E57BF7AD0> /System/Library/PrivateFrameworks/Tightbeam.framework/Versions/A/Tightbeam
       0x27fbfb000 -        0x27fbfc257  com.apple.VideoToolboxParavirtualizationSupport (63.4.3 - 63.4.3) <9F8B337B-B84D-3B6D-A5E7-57B632725768> /System/Library/PrivateFrameworks/VideoToolboxParavirtualizationSupport.framework/Versions/A/VideoToolboxParavirtualizationSupport
       0x289c15000 -        0x289caf06f  libAppleArchive.dylib (443.0.1) <2AE223D5-2CCB-3F4D-AC4C-CDAEC45C56C0> /usr/lib/libAppleArchive.dylib
       0x289d74000 -        0x289d7e0df  libCoreEntitlements.dylib (80.0.1) <AC5E67FC-A07B-3C78-8D0C-BC9F01CA59A0> /usr/lib/libCoreEntitlements.dylib
       0x28a089000 -        0x28a09089f  libReverseProxyDevice.dylib (104.40.3) <78AB176E-149F-3895-8C85-6FB80F8AD1A5> /usr/lib/libReverseProxyDevice.dylib
       0x28a091000 -        0x28a098319  libRosetta.dylib (367.3) <5315C55D-09E5-394B-A9E5-672B23847BF7> /usr/lib/libRosetta.dylib
       0x28a116000 -        0x28a11f45f  libTLE.dylib (80.0.1) <24503359-C4C3-31C4-B875-7FF5B265D45F> /usr/lib/libTLE.dylib
       0x28a34f000 -        0x28a45f6e7  libcrypto.46.dylib (109) <B45F9D52-2FC2-3A8B-AAE8-F01C8A6A2AC3> /usr/lib/libcrypto.46.dylib
       0x28a599000 -        0x28a5b4497  libhvf.dylib (9) <A4449D9B-9541-3D75-9719-2F1584ED9DE7> /usr/lib/libhvf.dylib
       0x28af6f000 -        0x28afa729f  libssl.48.dylib (109) <4EE2560A-CEAB-3A03-9ABC-F01830B3757D> /usr/lib/libssl.48.dylib
       0x28afe2000 -        0x28b00d2ff  libswiftPrespecialized.dylib (0) <E2989747-CF1D-34D5-B527-C2CE0F05241F> /usr/lib/libswiftPrespecialized.dylib
       0x28b2a9000 -        0x28b2bb4ef  libswiftDistributed.dylib (6.2.4 - 6.2.4.1.4) <CDF06E7B-4428-392C-83E3-D30169FEF489> /usr/lib/swift/libswiftDistributed.dylib
       0x28b2d2000 -        0x28b2e3097  libswiftObservation.dylib (6.2.4 - 6.2.4.1.4) <02960C1F-8598-38EA-A669-1908D80A4814> /usr/lib/swift/libswiftObservation.dylib
       0x28b411000 -        0x28b41882f  libswiftSynchronization.dylib (6.2.4 - 6.2.4.1.4) <F39C66C7-F334-370C-BE5B-5376D3CF61AA> /usr/lib/swift/libswiftSynchronization.dylib
       0x28b419000 -        0x28b431f67  libswiftSystem.dylib (72.2) <E6B54113-12C7-3250-A299-C29A601F7C67> /usr/lib/swift/libswiftSystem.dylib
       0x28b433000 -        0x28b449a21  libswiftVideoToolbox.dylib (3300.7.1.5.1) <A410B093-AEAB-3A80-8C27-AA420B01628A> /usr/lib/swift/libswiftVideoToolbox.dylib
       0x28b44b000 -        0x28b44d517  libswift_Builtin_float.dylib (6.2.4 - 6.2.4.1.4) <A57D5CE9-7BEF-3715-8DA8-67B9C1C3797D> /usr/lib/swift/libswift_Builtin_float.dylib
       0x28b44e000 -        0x28b4d771f  libswift_Concurrency.dylib (6.2.4 - 6.2.4.1.4) <9910770A-7FB2-36CC-8370-971A86578FD7> /usr/lib/swift/libswift_Concurrency.dylib
       0x28b4d8000 -        0x28b4db623  libswift_DarwinFoundation1.dylib (347.40.2) <75F15389-99C8-3500-BCAD-7C1115346F89> /usr/lib/swift/libswift_DarwinFoundation1.dylib
       0x28b4dc000 -        0x28b4dce1b  libswift_DarwinFoundation2.dylib (347.40.2) <DB1180C0-FBA6-34DF-92F7-D47882293C4F> /usr/lib/swift/libswift_DarwinFoundation2.dylib
       0x28b4dd000 -        0x28b4dd7a7  libswift_DarwinFoundation3.dylib (347.40.2) <572CF0F8-D9D3-30B5-914B-66459028E86D> /usr/lib/swift/libswift_DarwinFoundation3.dylib
       0x28b519000 -        0x28b5b8e07  libswift_RegexParser.dylib (6.2.4 - 6.2.4.1.4) <54D9763D-C016-3166-84EE-5A8453840BE7> /usr/lib/swift/libswift_RegexParser.dylib
       0x28b5b9000 -        0x28b645ef7  libswift_StringProcessing.dylib (6.2.4 - 6.2.4.1.4) <9EE92499-A59D-3C6D-8755-5AEE651DC7DC> /usr/lib/swift/libswift_StringProcessing.dylib
       0x28b7a1000 -        0x28b7a4deb  libsystem_darwindirectory.dylib (122) <9AD833C7-D009-39FF-8D04-D57C937D9EAC> /usr/lib/system/libsystem_darwindirectory.dylib
       0x28b7a5000 -        0x28b7ae34b  libsystem_eligibility.dylib (289.80.56) <0E973CB5-A124-3716-9841-1EA67809AF06> /usr/lib/system/libsystem_eligibility.dylib
       0x28b7af000 -        0x28b7b6873  libsystem_sanitizers.dylib (25) <90C45178-3954-3108-9F2F-44E528DF5E44> /usr/lib/system/libsystem_sanitizers.dylib
       0x28b7b7000 -        0x28b7b7bb7  libsystem_trial.dylib (474.2.0.5.2) <E776BAEB-B36B-3EA2-BEFE-3E2F7999E235> /usr/lib/system/libsystem_trial.dylib

==== SAMPLE pid 15659 ====
Sampling process 15659 for 2 seconds with 1 millisecond of run time between samples
Sampling completed, processing symbols...
Sample analysis of process 15659 written to file /tmp/ddjit-fix_2026-07-08_165127_SMRk.sample.txt

Analysis of sampling ddjit-fix (pid 15659) every 1 millisecond
Process:         ddjit-fix [15659]
Path:            /Users/USER/*/ddjit-fix
Load Address:    0x104158000
Identifier:      ddjit-fix
Version:         0
Code Type:       ARM64
Platform:        macOS
Parent Process:  ddjit-fix [15655]
Target Type:     live task

Date/Time:       2026-07-08 16:51:27.092 -0700
Launch Time:     2026-07-08 16:50:55.363 -0700
OS Version:      macOS 26.3.1 (25D2128)
Report Version:  7
Analysis Tool:   /usr/bin/sample

Physical footprint:         180.8M
Physical footprint (peak):  182.6M
Idle exit:                  untracked
----

Call graph:
    1740 Thread_51022380   DispatchQueue_1: com.apple.main-thread  (serial)
    + 1740 start  (in dyld) + 7184  [0x18bc7dd54]
    +   1740 dd_run  (in ddjit-fix) + 780  [0x104159d50]
    +     1740 run_loaded  (in ddjit-fix) + 964  [0x10415dacc]
    +       1740 run_guest  (in ddjit-fix) + 4112  [0x104163b78]
    +         1740 service_local  (in ddjit-fix) + 9216  [0x104172a08]
    +           1740 svc_event  (in ddjit-fix) + 3816  [0x1041864d4]
    +             1740 pselect  (in libsystem_kernel.dylib) + 112  [0x18c01f418]
    +               1740 __pselect  (in libsystem_kernel.dylib) + 8  [0x18c00b0bc]
    1740 Thread_51022384
    + 1740 thread_start  (in libsystem_pthread.dylib) + 8  [0x18c042ba8]
    +   1740 _pthread_start  (in libsystem_pthread.dylib) + 136  [0x18c047c08]
    +     1740 thread_trampoline  (in ddjit-fix) + 24  [0x1041a68a0]
    +       1740 run_guest  (in ddjit-fix) + 4112  [0x104163b78]
    +         1740 service_local  (in ddjit-fix) + 9028  [0x10417294c]
    +           1740 svc_io  (in ddjit-fix) + 9180  [0x1041797a4]
    +             1740 read  (in libsystem_kernel.dylib) + 8  [0x18c005908]
    1740 Thread_51022385
    + 1740 thread_start  (in libsystem_pthread.dylib) + 8  [0x18c042ba8]
    +   1740 _pthread_start  (in libsystem_pthread.dylib) + 136  [0x18c047c08]
    +     1740 thread_trampoline  (in ddjit-fix) + 24  [0x1041a68a0]
    +       1740 run_guest  (in ddjit-fix) + 4112  [0x104163b78]
    +         1740 service_local  (in ddjit-fix) + 9140  [0x1041729bc]
    +           1740 svc_proc  (in ddjit-fix) + 3316  [0x104180144]
    +             1740 futex_op  (in ddjit-fix) + 2544  [0x1041a2ecc]
    +               1740 _pthread_cond_wait  (in libsystem_pthread.dylib) + 984  [0x18c0480dc]
    +                 1740 __psynch_cvwait  (in libsystem_kernel.dylib) + 8  [0x18c0084f8]
    1740 Thread_51022386
    + 1740 thread_start  (in libsystem_pthread.dylib) + 8  [0x18c042ba8]
    +   1740 _pthread_start  (in libsystem_pthread.dylib) + 136  [0x18c047c08]
    +     1740 thread_trampoline  (in ddjit-fix) + 24  [0x1041a68a0]
    +       1740 run_guest  (in ddjit-fix) + 4112  [0x104163b78]
    +         1740 service_local  (in ddjit-fix) + 9140  [0x1041729bc]
    +           1740 svc_proc  (in ddjit-fix) + 3316  [0x104180144]
    +             1740 futex_op  (in ddjit-fix) + 2544  [0x1041a2ecc]
    +               1740 _pthread_cond_wait  (in libsystem_pthread.dylib) + 984  [0x18c0480dc]
    +                 1740 __psynch_cvwait  (in libsystem_kernel.dylib) + 8  [0x18c0084f8]
    1740 Thread_51022390
    + 1740 thread_start  (in libsystem_pthread.dylib) + 8  [0x18c042ba8]
    +   1740 _pthread_start  (in libsystem_pthread.dylib) + 136  [0x18c047c08]
    +     1740 thread_trampoline  (in ddjit-fix) + 24  [0x1041a68a0]
    +       1740 run_guest  (in ddjit-fix) + 4112  [0x104163b78]
    +         1740 service_local  (in ddjit-fix) + 9140  [0x1041729bc]
    +           1740 svc_proc  (in ddjit-fix) + 3316  [0x104180144]
    +             1740 futex_op  (in ddjit-fix) + 2108  [0x1041a2d18]
    +               1740 _pthread_cond_wait  (in libsystem_pthread.dylib) + 984  [0x18c0480dc]
    +                 1740 __psynch_cvwait  (in libsystem_kernel.dylib) + 8  [0x18c0084f8]
    1740 Thread_51022391
    + 1740 thread_start  (in libsystem_pthread.dylib) + 8  [0x18c042ba8]
    +   1740 _pthread_start  (in libsystem_pthread.dylib) + 136  [0x18c047c08]
    +     1740 thread_trampoline  (in ddjit-fix) + 24  [0x1041a68a0]
    +       1740 run_guest  (in ddjit-fix) + 4112  [0x104163b78]
    +         1740 service_local  (in ddjit-fix) + 9140  [0x1041729bc]
    +           1740 svc_proc  (in ddjit-fix) + 3316  [0x104180144]
    +             1740 futex_op  (in ddjit-fix) + 2108  [0x1041a2d18]
    +               1740 _pthread_cond_wait  (in libsystem_pthread.dylib) + 984  [0x18c0480dc]
    +                 1740 __psynch_cvwait  (in libsystem_kernel.dylib) + 8  [0x18c0084f8]
    1740 Thread_51022392
    + 1740 thread_start  (in libsystem_pthread.dylib) + 8  [0x18c042ba8]
    +   1740 _pthread_start  (in libsystem_pthread.dylib) + 136  [0x18c047c08]
    +     1740 thread_trampoline  (in ddjit-fix) + 24  [0x1041a68a0]
    +       1740 run_guest  (in ddjit-fix) + 4112  [0x104163b78]
    +         1740 service_local  (in ddjit-fix) + 9140  [0x1041729bc]
    +           1740 svc_proc  (in ddjit-fix) + 3316  [0x104180144]
    +             1740 futex_op  (in ddjit-fix) + 2108  [0x1041a2d18]
    +               1740 _pthread_cond_wait  (in libsystem_pthread.dylib) + 984  [0x18c0480dc]
    +                 1740 __psynch_cvwait  (in libsystem_kernel.dylib) + 8  [0x18c0084f8]
    1740 Thread_51022393
    + 1740 thread_start  (in libsystem_pthread.dylib) + 8  [0x18c042ba8]
    +   1740 _pthread_start  (in libsystem_pthread.dylib) + 136  [0x18c047c08]
    +     1740 thread_trampoline  (in ddjit-fix) + 24  [0x1041a68a0]
    +       1740 run_guest  (in ddjit-fix) + 4112  [0x104163b78]
    +         1740 service_local  (in ddjit-fix) + 9140  [0x1041729bc]
    +           1740 svc_proc  (in ddjit-fix) + 3316  [0x104180144]
    +             1740 futex_op  (in ddjit-fix) + 2108  [0x1041a2d18]
    +               1740 _pthread_cond_wait  (in libsystem_pthread.dylib) + 984  [0x18c0480dc]
    +                 1740 __psynch_cvwait  (in libsystem_kernel.dylib) + 8  [0x18c0084f8]
    1740 Thread_51022394
    + 1740 thread_start  (in libsystem_pthread.dylib) + 8  [0x18c042ba8]
    +   1740 _pthread_start  (in libsystem_pthread.dylib) + 136  [0x18c047c08]
    +     1740 thread_trampoline  (in ddjit-fix) + 24  [0x1041a68a0]
    +       1740 run_guest  (in ddjit-fix) + 4112  [0x104163b78]
    +         1740 service_local  (in ddjit-fix) + 9140  [0x1041729bc]
    +           1740 svc_proc  (in ddjit-fix) + 3316  [0x104180144]
    +             1740 futex_op  (in ddjit-fix) + 2108  [0x1041a2d18]
    +               1740 _pthread_cond_wait  (in libsystem_pthread.dylib) + 984  [0x18c0480dc]
    +                 1740 __psynch_cvwait  (in libsystem_kernel.dylib) + 8  [0x18c0084f8]
    1740 Thread_51022395
    + 1740 thread_start  (in libsystem_pthread.dylib) + 8  [0x18c042ba8]
    +   1740 _pthread_start  (in libsystem_pthread.dylib) + 136  [0x18c047c08]
    +     1740 thread_trampoline  (in ddjit-fix) + 24  [0x1041a68a0]
    +       1740 run_guest  (in ddjit-fix) + 4112  [0x104163b78]
    +         1740 service_local  (in ddjit-fix) + 9140  [0x1041729bc]
    +           1740 svc_proc  (in ddjit-fix) + 3316  [0x104180144]
    +             1740 futex_op  (in ddjit-fix) + 2108  [0x1041a2d18]
    +               1740 _pthread_cond_wait  (in libsystem_pthread.dylib) + 984  [0x18c0480dc]
    +                 1740 __psynch_cvwait  (in libsystem_kernel.dylib) + 8  [0x18c0084f8]
    1740 Thread_51022396
    + 1740 thread_start  (in libsystem_pthread.dylib) + 8  [0x18c042ba8]
    +   1740 _pthread_start  (in libsystem_pthread.dylib) + 136  [0x18c047c08]
    +     1740 thread_trampoline  (in ddjit-fix) + 24  [0x1041a68a0]
    +       1740 run_guest  (in ddjit-fix) + 4112  [0x104163b78]
    +         1740 service_local  (in ddjit-fix) + 9216  [0x104172a08]
    +           1740 svc_event  (in ddjit-fix) + 5084  [0x1041869c8]
    +             1740 kevent  (in libsystem_kernel.dylib) + 8  [0x18c00af30]
    1740 Thread_51022397
    + 1740 thread_start  (in libsystem_pthread.dylib) + 8  [0x18c042ba8]
    +   1740 _pthread_start  (in libsystem_pthread.dylib) + 136  [0x18c047c08]
    +     1740 thread_trampoline  (in ddjit-fix) + 24  [0x1041a68a0]
    +       1740 run_guest  (in ddjit-fix) + 4112  [0x104163b78]
    +         1740 service_local  (in ddjit-fix) + 9140  [0x1041729bc]
    +           1740 svc_proc  (in ddjit-fix) + 3316  [0x104180144]
    +             1740 futex_op  (in ddjit-fix) + 2108  [0x1041a2d18]
    +               1740 _pthread_cond_wait  (in libsystem_pthread.dylib) + 984  [0x18c0480dc]
    +                 1740 __psynch_cvwait  (in libsystem_kernel.dylib) + 8  [0x18c0084f8]
    1740 Thread_51022398
    + 1740 thread_start  (in libsystem_pthread.dylib) + 8  [0x18c042ba8]
    +   1740 _pthread_start  (in libsystem_pthread.dylib) + 136  [0x18c047c08]
    +     1740 thread_trampoline  (in ddjit-fix) + 24  [0x1041a68a0]
    +       1740 run_guest  (in ddjit-fix) + 4112  [0x104163b78]
    +         1740 service_local  (in ddjit-fix) + 9140  [0x1041729bc]
    +           1740 svc_proc  (in ddjit-fix) + 3316  [0x104180144]
    +             1740 futex_op  (in ddjit-fix) + 2108  [0x1041a2d18]
    +               1740 _pthread_cond_wait  (in libsystem_pthread.dylib) + 984  [0x18c0480dc]
    +                 1740 __psynch_cvwait  (in libsystem_kernel.dylib) + 8  [0x18c0084f8]
    1740 Thread_51022399
    + 1740 thread_start  (in libsystem_pthread.dylib) + 8  [0x18c042ba8]
    +   1740 _pthread_start  (in libsystem_pthread.dylib) + 136  [0x18c047c08]
    +     1740 thread_trampoline  (in ddjit-fix) + 24  [0x1041a68a0]
    +       1740 run_guest  (in ddjit-fix) + 4112  [0x104163b78]
    +         1740 service_local  (in ddjit-fix) + 9140  [0x1041729bc]
    +           1740 svc_proc  (in ddjit-fix) + 3316  [0x104180144]
    +             1740 futex_op  (in ddjit-fix) + 2108  [0x1041a2d18]
    +               1740 _pthread_cond_wait  (in libsystem_pthread.dylib) + 984  [0x18c0480dc]
    +                 1740 __psynch_cvwait  (in libsystem_kernel.dylib) + 8  [0x18c0084f8]
    1740 Thread_51022400
    + 1740 thread_start  (in libsystem_pthread.dylib) + 8  [0x18c042ba8]
    +   1740 _pthread_start  (in libsystem_pthread.dylib) + 136  [0x18c047c08]
    +     1740 thread_trampoline  (in ddjit-fix) + 24  [0x1041a68a0]
    +       1740 run_guest  (in ddjit-fix) + 4112  [0x104163b78]
    +         1740 service_local  (in ddjit-fix) + 9140  [0x1041729bc]
    +           1740 svc_proc  (in ddjit-fix) + 3316  [0x104180144]
    +             1740 futex_op  (in ddjit-fix) + 2108  [0x1041a2d18]
    +               1740 _pthread_cond_wait  (in libsystem_pthread.dylib) + 984  [0x18c0480dc]
    +                 1740 __psynch_cvwait  (in libsystem_kernel.dylib) + 8  [0x18c0084f8]
    1740 Thread_51022401
    + 1740 thread_start  (in libsystem_pthread.dylib) + 8  [0x18c042ba8]
    +   1740 _pthread_start  (in libsystem_pthread.dylib) + 136  [0x18c047c08]
    +     1740 thread_trampoline  (in ddjit-fix) + 24  [0x1041a68a0]
    +       1740 run_guest  (in ddjit-fix) + 4112  [0x104163b78]
    +         1740 service_local  (in ddjit-fix) + 9140  [0x1041729bc]
    +           1740 svc_proc  (in ddjit-fix) + 3316  [0x104180144]
    +             1740 futex_op  (in ddjit-fix) + 2108  [0x1041a2d18]
    +               1740 _pthread_cond_wait  (in libsystem_pthread.dylib) + 984  [0x18c0480dc]
    +                 1740 __psynch_cvwait  (in libsystem_kernel.dylib) + 8  [0x18c0084f8]
    1740 Thread_51022402
    + 1740 thread_start  (in libsystem_pthread.dylib) + 8  [0x18c042ba8]
    +   1740 _pthread_start  (in libsystem_pthread.dylib) + 136  [0x18c047c08]
    +     1740 thread_trampoline  (in ddjit-fix) + 24  [0x1041a68a0]
    +       1740 run_guest  (in ddjit-fix) + 4112  [0x104163b78]
    +         1740 service_local  (in ddjit-fix) + 9140  [0x1041729bc]
    +           1740 svc_proc  (in ddjit-fix) + 3316  [0x104180144]
    +             1740 futex_op  (in ddjit-fix) + 2108  [0x1041a2d18]
    +               1740 _pthread_cond_wait  (in libsystem_pthread.dylib) + 984  [0x18c0480dc]
    +                 1740 __psynch_cvwait  (in libsystem_kernel.dylib) + 8  [0x18c0084f8]
    1740 Thread_51022403
    + 1740 thread_start  (in libsystem_pthread.dylib) + 8  [0x18c042ba8]
    +   1740 _pthread_start  (in libsystem_pthread.dylib) + 136  [0x18c047c08]
    +     1740 thread_trampoline  (in ddjit-fix) + 24  [0x1041a68a0]
    +       1740 run_guest  (in ddjit-fix) + 4112  [0x104163b78]
    +         1740 service_local  (in ddjit-fix) + 9140  [0x1041729bc]
    +           1740 svc_proc  (in ddjit-fix) + 3316  [0x104180144]
    +             1740 futex_op  (in ddjit-fix) + 2108  [0x1041a2d18]
    +               1740 _pthread_cond_wait  (in libsystem_pthread.dylib) + 984  [0x18c0480dc]
    +                 1740 __psynch_cvwait  (in libsystem_kernel.dylib) + 8  [0x18c0084f8]
    1740 Thread_51022404
    + 1740 thread_start  (in libsystem_pthread.dylib) + 8  [0x18c042ba8]
    +   1740 _pthread_start  (in libsystem_pthread.dylib) + 136  [0x18c047c08]
    +     1740 thread_trampoline  (in ddjit-fix) + 24  [0x1041a68a0]
    +       1740 run_guest  (in ddjit-fix) + 4112  [0x104163b78]
    +         1740 service_local  (in ddjit-fix) + 9140  [0x1041729bc]
    +           1740 svc_proc  (in ddjit-fix) + 3316  [0x104180144]
    +             1740 futex_op  (in ddjit-fix) + 2108  [0x1041a2d18]
    +               1740 _pthread_cond_wait  (in libsystem_pthread.dylib) + 984  [0x18c0480dc]
    +                 1740 __psynch_cvwait  (in libsystem_kernel.dylib) + 8  [0x18c0084f8]
    1740 Thread_51022405
    + 1740 thread_start  (in libsystem_pthread.dylib) + 8  [0x18c042ba8]
    +   1740 _pthread_start  (in libsystem_pthread.dylib) + 136  [0x18c047c08]
    +     1740 thread_trampoline  (in ddjit-fix) + 24  [0x1041a68a0]
    +       1740 run_guest  (in ddjit-fix) + 4112  [0x104163b78]
    +         1740 service_local  (in ddjit-fix) + 9140  [0x1041729bc]
    +           1740 svc_proc  (in ddjit-fix) + 3316  [0x104180144]
    +             1740 futex_op  (in ddjit-fix) + 2108  [0x1041a2d18]
    +               1740 _pthread_cond_wait  (in libsystem_pthread.dylib) + 984  [0x18c0480dc]
    +                 1740 __psynch_cvwait  (in libsystem_kernel.dylib) + 8  [0x18c0084f8]
    1740 Thread_51022406
    + 1740 thread_start  (in libsystem_pthread.dylib) + 8  [0x18c042ba8]
    +   1740 _pthread_start  (in libsystem_pthread.dylib) + 136  [0x18c047c08]
    +     1740 thread_trampoline  (in ddjit-fix) + 24  [0x1041a68a0]
    +       1740 run_guest  (in ddjit-fix) + 4112  [0x104163b78]
    +         1740 service_local  (in ddjit-fix) + 9140  [0x1041729bc]
    +           1740 svc_proc  (in ddjit-fix) + 3316  [0x104180144]
    +             1740 futex_op  (in ddjit-fix) + 2108  [0x1041a2d18]
    +               1740 _pthread_cond_wait  (in libsystem_pthread.dylib) + 984  [0x18c0480dc]
    +                 1740 __psynch_cvwait  (in libsystem_kernel.dylib) + 8  [0x18c0084f8]
    1740 Thread_51022407
    + 1740 thread_start  (in libsystem_pthread.dylib) + 8  [0x18c042ba8]
    +   1740 _pthread_start  (in libsystem_pthread.dylib) + 136  [0x18c047c08]
    +     1740 thread_trampoline  (in ddjit-fix) + 24  [0x1041a68a0]
    +       1740 run_guest  (in ddjit-fix) + 4112  [0x104163b78]
    +         1740 service_local  (in ddjit-fix) + 9140  [0x1041729bc]
    +           1740 svc_proc  (in ddjit-fix) + 3316  [0x104180144]
    +             1740 futex_op  (in ddjit-fix) + 2108  [0x1041a2d18]
    +               1740 _pthread_cond_wait  (in libsystem_pthread.dylib) + 984  [0x18c0480dc]
    +                 1740 __psynch_cvwait  (in libsystem_kernel.dylib) + 8  [0x18c0084f8]
    1740 Thread_51022408
    + 1740 thread_start  (in libsystem_pthread.dylib) + 8  [0x18c042ba8]
    +   1740 _pthread_start  (in libsystem_pthread.dylib) + 136  [0x18c047c08]
    +     1740 thread_trampoline  (in ddjit-fix) + 24  [0x1041a68a0]
    +       1740 run_guest  (in ddjit-fix) + 4112  [0x104163b78]
    +         1740 service_local  (in ddjit-fix) + 9140  [0x1041729bc]
    +           1740 svc_proc  (in ddjit-fix) + 3316  [0x104180144]
    +             1740 futex_op  (in ddjit-fix) + 2544  [0x1041a2ecc]
    +               1740 _pthread_cond_wait  (in libsystem_pthread.dylib) + 984  [0x18c0480dc]
    +                 1740 __psynch_cvwait  (in libsystem_kernel.dylib) + 8  [0x18c0084f8]
    1740 Thread_51022409
    + 1740 thread_start  (in libsystem_pthread.dylib) + 8  [0x18c042ba8]
    +   1740 _pthread_start  (in libsystem_pthread.dylib) + 136  [0x18c047c08]
    +     1740 thread_trampoline  (in ddjit-fix) + 24  [0x1041a68a0]
    +       1740 run_guest  (in ddjit-fix) + 4112  [0x104163b78]
    +         1740 service_local  (in ddjit-fix) + 9140  [0x1041729bc]
    +           1740 svc_proc  (in ddjit-fix) + 3316  [0x104180144]
    +             1740 futex_op  (in ddjit-fix) + 2544  [0x1041a2ecc]
    +               1740 _pthread_cond_wait  (in libsystem_pthread.dylib) + 984  [0x18c0480dc]
    +                 1740 __psynch_cvwait  (in libsystem_kernel.dylib) + 8  [0x18c0084f8]
    1740 Thread_51022410
    + 1740 thread_start  (in libsystem_pthread.dylib) + 8  [0x18c042ba8]
    +   1740 _pthread_start  (in libsystem_pthread.dylib) + 136  [0x18c047c08]
    +     1740 thread_trampoline  (in ddjit-fix) + 24  [0x1041a68a0]
    +       1740 run_guest  (in ddjit-fix) + 4112  [0x104163b78]
    +         1740 service_local  (in ddjit-fix) + 9140  [0x1041729bc]
    +           1740 svc_proc  (in ddjit-fix) + 3316  [0x104180144]
    +             1740 futex_op  (in ddjit-fix) + 2544  [0x1041a2ecc]
    +               1740 _pthread_cond_wait  (in libsystem_pthread.dylib) + 984  [0x18c0480dc]
    +                 1740 __psynch_cvwait  (in libsystem_kernel.dylib) + 8  [0x18c0084f8]
    1740 Thread_51022411
    + 1740 thread_start  (in libsystem_pthread.dylib) + 8  [0x18c042ba8]
    +   1740 _pthread_start  (in libsystem_pthread.dylib) + 136  [0x18c047c08]
    +     1740 thread_trampoline  (in ddjit-fix) + 24  [0x1041a68a0]
    +       1740 run_guest  (in ddjit-fix) + 4112  [0x104163b78]
    +         1740 service_local  (in ddjit-fix) + 9140  [0x1041729bc]
    +           1740 svc_proc  (in ddjit-fix) + 3316  [0x104180144]
    +             1740 futex_op  (in ddjit-fix) + 2544  [0x1041a2ecc]
    +               1740 _pthread_cond_wait  (in libsystem_pthread.dylib) + 984  [0x18c0480dc]
    +                 1740 __psynch_cvwait  (in libsystem_kernel.dylib) + 8  [0x18c0084f8]
    1740 Thread_51022412
    + 1740 thread_start  (in libsystem_pthread.dylib) + 8  [0x18c042ba8]
    +   1740 _pthread_start  (in libsystem_pthread.dylib) + 136  [0x18c047c08]
    +     1740 thread_trampoline  (in ddjit-fix) + 24  [0x1041a68a0]
    +       1740 run_guest  (in ddjit-fix) + 4112  [0x104163b78]
    +         1740 service_local  (in ddjit-fix) + 9140  [0x1041729bc]
    +           1740 svc_proc  (in ddjit-fix) + 3316  [0x104180144]
    +             1740 futex_op  (in ddjit-fix) + 2544  [0x1041a2ecc]
    +               1740 _pthread_cond_wait  (in libsystem_pthread.dylib) + 984  [0x18c0480dc]
    +                 1740 __psynch_cvwait  (in libsystem_kernel.dylib) + 8  [0x18c0084f8]
    1740 Thread_51022413
    + 1740 thread_start  (in libsystem_pthread.dylib) + 8  [0x18c042ba8]
    +   1740 _pthread_start  (in libsystem_pthread.dylib) + 136  [0x18c047c08]
    +     1740 thread_trampoline  (in ddjit-fix) + 24  [0x1041a68a0]
    +       1740 run_guest  (in ddjit-fix) + 4112  [0x104163b78]
    +         1740 service_local  (in ddjit-fix) + 9140  [0x1041729bc]
    +           1740 svc_proc  (in ddjit-fix) + 3316  [0x104180144]
    +             1740 futex_op  (in ddjit-fix) + 2544  [0x1041a2ecc]
    +               1740 _pthread_cond_wait  (in libsystem_pthread.dylib) + 984  [0x18c0480dc]
    +                 1740 __psynch_cvwait  (in libsystem_kernel.dylib) + 8  [0x18c0084f8]
    1740 Thread_51022414
    + 1740 thread_start  (in libsystem_pthread.dylib) + 8  [0x18c042ba8]
    +   1740 _pthread_start  (in libsystem_pthread.dylib) + 136  [0x18c047c08]
    +     1740 thread_trampoline  (in ddjit-fix) + 24  [0x1041a68a0]
    +       1740 run_guest  (in ddjit-fix) + 4112  [0x104163b78]
    +         1740 service_local  (in ddjit-fix) + 9140  [0x1041729bc]
    +           1740 svc_proc  (in ddjit-fix) + 3316  [0x104180144]
    +             1740 futex_op  (in ddjit-fix) + 2544  [0x1041a2ecc]
    +               1740 _pthread_cond_wait  (in libsystem_pthread.dylib) + 984  [0x18c0480dc]
    +                 1740 __psynch_cvwait  (in libsystem_kernel.dylib) + 8  [0x18c0084f8]
    1740 Thread_51022415
    + 1740 thread_start  (in libsystem_pthread.dylib) + 8  [0x18c042ba8]
    +   1740 _pthread_start  (in libsystem_pthread.dylib) + 136  [0x18c047c08]
    +     1740 thread_trampoline  (in ddjit-fix) + 24  [0x1041a68a0]
    +       1740 run_guest  (in ddjit-fix) + 4112  [0x104163b78]
    +         1740 service_local  (in ddjit-fix) + 9140  [0x1041729bc]
    +           1740 svc_proc  (in ddjit-fix) + 3316  [0x104180144]
    +             1740 futex_op  (in ddjit-fix) + 2544  [0x1041a2ecc]
    +               1740 _pthread_cond_wait  (in libsystem_pthread.dylib) + 984  [0x18c0480dc]
    +                 1740 __psynch_cvwait  (in libsystem_kernel.dylib) + 8  [0x18c0084f8]
    1740 Thread_51022416
    + 1740 thread_start  (in libsystem_pthread.dylib) + 8  [0x18c042ba8]
    +   1740 _pthread_start  (in libsystem_pthread.dylib) + 136  [0x18c047c08]
    +     1740 thread_trampoline  (in ddjit-fix) + 24  [0x1041a68a0]
    +       1740 run_guest  (in ddjit-fix) + 4112  [0x104163b78]
    +         1740 service_local  (in ddjit-fix) + 9140  [0x1041729bc]
    +           1740 svc_proc  (in ddjit-fix) + 3316  [0x104180144]
    +             1740 futex_op  (in ddjit-fix) + 2544  [0x1041a2ecc]
    +               1740 _pthread_cond_wait  (in libsystem_pthread.dylib) + 984  [0x18c0480dc]
    +                 1740 __psynch_cvwait  (in libsystem_kernel.dylib) + 8  [0x18c0084f8]
    1740 Thread_51022417
    + 1740 thread_start  (in libsystem_pthread.dylib) + 8  [0x18c042ba8]
    +   1740 _pthread_start  (in libsystem_pthread.dylib) + 136  [0x18c047c08]
    +     1740 thread_trampoline  (in ddjit-fix) + 24  [0x1041a68a0]
    +       1740 run_guest  (in ddjit-fix) + 4112  [0x104163b78]
    +         1740 service_local  (in ddjit-fix) + 9140  [0x1041729bc]
    +           1740 svc_proc  (in ddjit-fix) + 3316  [0x104180144]
    +             1740 futex_op  (in ddjit-fix) + 2544  [0x1041a2ecc]
    +               1740 _pthread_cond_wait  (in libsystem_pthread.dylib) + 984  [0x18c0480dc]
    +                 1740 __psynch_cvwait  (in libsystem_kernel.dylib) + 8  [0x18c0084f8]
    1740 Thread_51022418
    + 1740 thread_start  (in libsystem_pthread.dylib) + 8  [0x18c042ba8]
    +   1740 _pthread_start  (in libsystem_pthread.dylib) + 136  [0x18c047c08]
    +     1740 thread_trampoline  (in ddjit-fix) + 24  [0x1041a68a0]
    +       1740 run_guest  (in ddjit-fix) + 4112  [0x104163b78]
    +         1740 service_local  (in ddjit-fix) + 9140  [0x1041729bc]
    +           1740 svc_proc  (in ddjit-fix) + 3316  [0x104180144]
    +             1740 futex_op  (in ddjit-fix) + 2544  [0x1041a2ecc]
    +               1740 _pthread_cond_wait  (in libsystem_pthread.dylib) + 984  [0x18c0480dc]
    +                 1740 __psynch_cvwait  (in libsystem_kernel.dylib) + 8  [0x18c0084f8]
    1740 Thread_51022419
    + 1740 thread_start  (in libsystem_pthread.dylib) + 8  [0x18c042ba8]
    +   1740 _pthread_start  (in libsystem_pthread.dylib) + 136  [0x18c047c08]
    +     1740 thread_trampoline  (in ddjit-fix) + 24  [0x1041a68a0]
    +       1740 run_guest  (in ddjit-fix) + 4112  [0x104163b78]
    +         1740 service_local  (in ddjit-fix) + 9140  [0x1041729bc]
    +           1740 svc_proc  (in ddjit-fix) + 3316  [0x104180144]
    +             1740 futex_op  (in ddjit-fix) + 2544  [0x1041a2ecc]
    +               1740 _pthread_cond_wait  (in libsystem_pthread.dylib) + 984  [0x18c0480dc]
    +                 1740 __psynch_cvwait  (in libsystem_kernel.dylib) + 8  [0x18c0084f8]
    1740 Thread_51022420
    + 1740 thread_start  (in libsystem_pthread.dylib) + 8  [0x18c042ba8]
    +   1740 _pthread_start  (in libsystem_pthread.dylib) + 136  [0x18c047c08]
    +     1740 thread_trampoline  (in ddjit-fix) + 24  [0x1041a68a0]
    +       1740 run_guest  (in ddjit-fix) + 4112  [0x104163b78]
    +         1740 service_local  (in ddjit-fix) + 9140  [0x1041729bc]
    +           1740 svc_proc  (in ddjit-fix) + 3316  [0x104180144]
    +             1740 futex_op  (in ddjit-fix) + 2544  [0x1041a2ecc]
    +               1740 _pthread_cond_wait  (in libsystem_pthread.dylib) + 984  [0x18c0480dc]
    +                 1740 __psynch_cvwait  (in libsystem_kernel.dylib) + 8  [0x18c0084f8]
    1740 Thread_51022421
    + 1740 thread_start  (in libsystem_pthread.dylib) + 8  [0x18c042ba8]
    +   1740 _pthread_start  (in libsystem_pthread.dylib) + 136  [0x18c047c08]
    +     1740 thread_trampoline  (in ddjit-fix) + 24  [0x1041a68a0]
    +       1740 run_guest  (in ddjit-fix) + 4112  [0x104163b78]
    +         1740 service_local  (in ddjit-fix) + 9140  [0x1041729bc]
    +           1740 svc_proc  (in ddjit-fix) + 3316  [0x104180144]
    +             1740 futex_op  (in ddjit-fix) + 2544  [0x1041a2ecc]
    +               1740 _pthread_cond_wait  (in libsystem_pthread.dylib) + 984  [0x18c0480dc]
    +                 1740 __psynch_cvwait  (in libsystem_kernel.dylib) + 8  [0x18c0084f8]
    1740 Thread_51022422
    + 1740 thread_start  (in libsystem_pthread.dylib) + 8  [0x18c042ba8]
    +   1740 _pthread_start  (in libsystem_pthread.dylib) + 136  [0x18c047c08]
    +     1740 thread_trampoline  (in ddjit-fix) + 24  [0x1041a68a0]
    +       1740 run_guest  (in ddjit-fix) + 4112  [0x104163b78]
    +         1740 service_local  (in ddjit-fix) + 9140  [0x1041729bc]
    +           1740 svc_proc  (in ddjit-fix) + 3316  [0x104180144]
    +             1740 futex_op  (in ddjit-fix) + 2544  [0x1041a2ecc]
    +               1740 _pthread_cond_wait  (in libsystem_pthread.dylib) + 984  [0x18c0480dc]
    +                 1740 __psynch_cvwait  (in libsystem_kernel.dylib) + 8  [0x18c0084f8]
    1740 Thread_51022423
    + 1740 thread_start  (in libsystem_pthread.dylib) + 8  [0x18c042ba8]
    +   1740 _pthread_start  (in libsystem_pthread.dylib) + 136  [0x18c047c08]
    +     1740 thread_trampoline  (in ddjit-fix) + 24  [0x1041a68a0]
    +       1740 run_guest  (in ddjit-fix) + 4112  [0x104163b78]
    +         1740 service_local  (in ddjit-fix) + 9140  [0x1041729bc]
    +           1740 svc_proc  (in ddjit-fix) + 3316  [0x104180144]
    +             1740 futex_op  (in ddjit-fix) + 2544  [0x1041a2ecc]
    +               1740 _pthread_cond_wait  (in libsystem_pthread.dylib) + 984  [0x18c0480dc]
    +                 1740 __psynch_cvwait  (in libsystem_kernel.dylib) + 8  [0x18c0084f8]
    1740 Thread_51022424
    + 1740 thread_start  (in libsystem_pthread.dylib) + 8  [0x18c042ba8]
    +   1740 _pthread_start  (in libsystem_pthread.dylib) + 136  [0x18c047c08]
    +     1740 thread_trampoline  (in ddjit-fix) + 24  [0x1041a68a0]
    +       1740 run_guest  (in ddjit-fix) + 4112  [0x104163b78]
    +         1740 service_local  (in ddjit-fix) + 9140  [0x1041729bc]
    +           1740 svc_proc  (in ddjit-fix) + 3316  [0x104180144]
    +             1740 futex_op  (in ddjit-fix) + 2544  [0x1041a2ecc]
    +               1740 _pthread_cond_wait  (in libsystem_pthread.dylib) + 984  [0x18c0480dc]
    +                 1740 __psynch_cvwait  (in libsystem_kernel.dylib) + 8  [0x18c0084f8]
    1740 Thread_51022425
    + 1740 thread_start  (in libsystem_pthread.dylib) + 8  [0x18c042ba8]
    +   1740 _pthread_start  (in libsystem_pthread.dylib) + 136  [0x18c047c08]
    +     1740 thread_trampoline  (in ddjit-fix) + 24  [0x1041a68a0]
    +       1740 run_guest  (in ddjit-fix) + 4112  [0x104163b78]
    +         1740 service_local  (in ddjit-fix) + 9140  [0x1041729bc]
    +           1740 svc_proc  (in ddjit-fix) + 3316  [0x104180144]
    +             1740 futex_op  (in ddjit-fix) + 2544  [0x1041a2ecc]
    +               1740 _pthread_cond_wait  (in libsystem_pthread.dylib) + 984  [0x18c0480dc]
    +                 1740 __psynch_cvwait  (in libsystem_kernel.dylib) + 8  [0x18c0084f8]
    1740 Thread_51022426
    + 1740 thread_start  (in libsystem_pthread.dylib) + 8  [0x18c042ba8]
    +   1740 _pthread_start  (in libsystem_pthread.dylib) + 136  [0x18c047c08]
    +     1740 thread_trampoline  (in ddjit-fix) + 24  [0x1041a68a0]
    +       1740 run_guest  (in ddjit-fix) + 4112  [0x104163b78]
    +         1740 service_local  (in ddjit-fix) + 9140  [0x1041729bc]
    +           1740 svc_proc  (in ddjit-fix) + 3316  [0x104180144]
    +             1740 futex_op  (in ddjit-fix) + 2544  [0x1041a2ecc]
    +               1740 _pthread_cond_wait  (in libsystem_pthread.dylib) + 984  [0x18c0480dc]
    +                 1740 __psynch_cvwait  (in libsystem_kernel.dylib) + 8  [0x18c0084f8]
    1740 Thread_51022427
    + 1740 thread_start  (in libsystem_pthread.dylib) + 8  [0x18c042ba8]
    +   1740 _pthread_start  (in libsystem_pthread.dylib) + 136  [0x18c047c08]
    +     1740 thread_trampoline  (in ddjit-fix) + 24  [0x1041a68a0]
    +       1740 run_guest  (in ddjit-fix) + 4112  [0x104163b78]
    +         1740 service_local  (in ddjit-fix) + 9140  [0x1041729bc]
    +           1740 svc_proc  (in ddjit-fix) + 3316  [0x104180144]
    +             1740 futex_op  (in ddjit-fix) + 2544  [0x1041a2ecc]
    +               1740 _pthread_cond_wait  (in libsystem_pthread.dylib) + 984  [0x18c0480dc]
    +                 1740 __psynch_cvwait  (in libsystem_kernel.dylib) + 8  [0x18c0084f8]
    1740 Thread_51022428
    + 1740 thread_start  (in libsystem_pthread.dylib) + 8  [0x18c042ba8]
    +   1740 _pthread_start  (in libsystem_pthread.dylib) + 136  [0x18c047c08]
    +     1740 thread_trampoline  (in ddjit-fix) + 24  [0x1041a68a0]
    +       1740 run_guest  (in ddjit-fix) + 4112  [0x104163b78]
    +         1740 service_local  (in ddjit-fix) + 9140  [0x1041729bc]
    +           1740 svc_proc  (in ddjit-fix) + 3316  [0x104180144]
    +             1740 futex_op  (in ddjit-fix) + 2544  [0x1041a2ecc]
    +               1740 _pthread_cond_wait  (in libsystem_pthread.dylib) + 984  [0x18c0480dc]
    +                 1740 __psynch_cvwait  (in libsystem_kernel.dylib) + 8  [0x18c0084f8]
    1740 Thread_51022429
    + 1740 thread_start  (in libsystem_pthread.dylib) + 8  [0x18c042ba8]
    +   1740 _pthread_start  (in libsystem_pthread.dylib) + 136  [0x18c047c08]
    +     1740 thread_trampoline  (in ddjit-fix) + 24  [0x1041a68a0]
    +       1740 run_guest  (in ddjit-fix) + 4112  [0x104163b78]
    +         1740 service_local  (in ddjit-fix) + 9140  [0x1041729bc]
    +           1740 svc_proc  (in ddjit-fix) + 3316  [0x104180144]
    +             1740 futex_op  (in ddjit-fix) + 2544  [0x1041a2ecc]
    +               1740 _pthread_cond_wait  (in libsystem_pthread.dylib) + 984  [0x18c0480dc]
    +                 1740 __psynch_cvwait  (in libsystem_kernel.dylib) + 8  [0x18c0084f8]
    1740 Thread_51022430
    + 1740 thread_start  (in libsystem_pthread.dylib) + 8  [0x18c042ba8]
    +   1740 _pthread_start  (in libsystem_pthread.dylib) + 136  [0x18c047c08]
    +     1740 thread_trampoline  (in ddjit-fix) + 24  [0x1041a68a0]
    +       1740 run_guest  (in ddjit-fix) + 4112  [0x104163b78]
    +         1740 service_local  (in ddjit-fix) + 9140  [0x1041729bc]
    +           1740 svc_proc  (in ddjit-fix) + 3316  [0x104180144]
    +             1740 futex_op  (in ddjit-fix) + 2544  [0x1041a2ecc]
    +               1740 _pthread_cond_wait  (in libsystem_pthread.dylib) + 984  [0x18c0480dc]
    +                 1740 __psynch_cvwait  (in libsystem_kernel.dylib) + 8  [0x18c0084f8]
    1740 Thread_51022431
    + 1740 thread_start  (in libsystem_pthread.dylib) + 8  [0x18c042ba8]
    +   1740 _pthread_start  (in libsystem_pthread.dylib) + 136  [0x18c047c08]
    +     1740 thread_trampoline  (in ddjit-fix) + 24  [0x1041a68a0]
    +       1740 run_guest  (in ddjit-fix) + 4112  [0x104163b78]
    +         1740 service_local  (in ddjit-fix) + 9140  [0x1041729bc]
    +           1740 svc_proc  (in ddjit-fix) + 3316  [0x104180144]
    +             1740 futex_op  (in ddjit-fix) + 2544  [0x1041a2ecc]
    +               1740 _pthread_cond_wait  (in libsystem_pthread.dylib) + 984  [0x18c0480dc]
    +                 1740 __psynch_cvwait  (in libsystem_kernel.dylib) + 8  [0x18c0084f8]
    1740 Thread_51022432
    + 1740 thread_start  (in libsystem_pthread.dylib) + 8  [0x18c042ba8]
    +   1740 _pthread_start  (in libsystem_pthread.dylib) + 136  [0x18c047c08]
    +     1740 thread_trampoline  (in ddjit-fix) + 24  [0x1041a68a0]
    +       1740 run_guest  (in ddjit-fix) + 4112  [0x104163b78]
    +         1740 service_local  (in ddjit-fix) + 9140  [0x1041729bc]
    +           1740 svc_proc  (in ddjit-fix) + 3316  [0x104180144]
    +             1740 futex_op  (in ddjit-fix) + 2544  [0x1041a2ecc]
    +               1740 _pthread_cond_wait  (in libsystem_pthread.dylib) + 984  [0x18c0480dc]
    +                 1740 __psynch_cvwait  (in libsystem_kernel.dylib) + 8  [0x18c0084f8]
    1740 Thread_51022433
    + 1740 thread_start  (in libsystem_pthread.dylib) + 8  [0x18c042ba8]
    +   1740 _pthread_start  (in libsystem_pthread.dylib) + 136  [0x18c047c08]
    +     1740 thread_trampoline  (in ddjit-fix) + 24  [0x1041a68a0]
    +       1740 run_guest  (in ddjit-fix) + 4112  [0x104163b78]
    +         1740 service_local  (in ddjit-fix) + 9140  [0x1041729bc]
    +           1740 svc_proc  (in ddjit-fix) + 3316  [0x104180144]
    +             1740 futex_op  (in ddjit-fix) + 2544  [0x1041a2ecc]
    +               1740 _pthread_cond_wait  (in libsystem_pthread.dylib) + 984  [0x18c0480dc]
    +                 1740 __psynch_cvwait  (in libsystem_kernel.dylib) + 8  [0x18c0084f8]
    1740 Thread_51022434
    + 1740 thread_start  (in libsystem_pthread.dylib) + 8  [0x18c042ba8]
    +   1740 _pthread_start  (in libsystem_pthread.dylib) + 136  [0x18c047c08]
    +     1740 thread_trampoline  (in ddjit-fix) + 24  [0x1041a68a0]
    +       1740 run_guest  (in ddjit-fix) + 4112  [0x104163b78]
    +         1740 service_local  (in ddjit-fix) + 9140  [0x1041729bc]
    +           1740 svc_proc  (in ddjit-fix) + 3316  [0x104180144]
    +             1740 futex_op  (in ddjit-fix) + 2544  [0x1041a2ecc]
    +               1740 _pthread_cond_wait  (in libsystem_pthread.dylib) + 984  [0x18c0480dc]
    +                 1740 __psynch_cvwait  (in libsystem_kernel.dylib) + 8  [0x18c0084f8]
    1740 Thread_51022435
    + 1740 thread_start  (in libsystem_pthread.dylib) + 8  [0x18c042ba8]
    +   1740 _pthread_start  (in libsystem_pthread.dylib) + 136  [0x18c047c08]
    +     1740 thread_trampoline  (in ddjit-fix) + 24  [0x1041a68a0]
    +       1740 run_guest  (in ddjit-fix) + 4112  [0x104163b78]
    +         1740 service_local  (in ddjit-fix) + 9140  [0x1041729bc]
    +           1740 svc_proc  (in ddjit-fix) + 3316  [0x104180144]
    +             1740 futex_op  (in ddjit-fix) + 2544  [0x1041a2ecc]
    +               1740 _pthread_cond_wait  (in libsystem_pthread.dylib) + 984  [0x18c0480dc]
    +                 1740 __psynch_cvwait  (in libsystem_kernel.dylib) + 8  [0x18c0084f8]
    1740 Thread_51022436
    + 1740 thread_start  (in libsystem_pthread.dylib) + 8  [0x18c042ba8]
    +   1740 _pthread_start  (in libsystem_pthread.dylib) + 136  [0x18c047c08]
    +     1740 thread_trampoline  (in ddjit-fix) + 24  [0x1041a68a0]
    +       1740 run_guest  (in ddjit-fix) + 4112  [0x104163b78]
    +         1740 service_local  (in ddjit-fix) + 9216  [0x104172a08]
    +           1740 svc_event  (in ddjit-fix) + 7440  [0x1041872fc]
    +             1740 poll  (in libsystem_kernel.dylib) + 8  [0x18c00d6c0]
    1740 Thread_51022437
      1740 thread_start  (in libsystem_pthread.dylib) + 8  [0x18c042ba8]
        1740 _pthread_start  (in libsystem_pthread.dylib) + 136  [0x18c047c08]
          1740 thread_trampoline  (in ddjit-fix) + 24  [0x1041a68a0]
            1740 run_guest  (in ddjit-fix) + 4112  [0x104163b78]
              1740 service_local  (in ddjit-fix) + 9216  [0x104172a08]
                1740 svc_event  (in ddjit-fix) + 5084  [0x1041869c8]
                  1740 kevent  (in libsystem_kernel.dylib) + 8  [0x18c00af30]

Total number in stack (recursive counted multiple, when >=5):
        52       run_guest  (in ddjit-fix) + 4112  [0x104163b78]
        51       _pthread_start  (in libsystem_pthread.dylib) + 136  [0x18c047c08]
        51       thread_start  (in libsystem_pthread.dylib) + 8  [0x18c042ba8]
        51       thread_trampoline  (in ddjit-fix) + 24  [0x1041a68a0]
        47       __psynch_cvwait  (in libsystem_kernel.dylib) + 0  [0x18c0084f0]
        47       _pthread_cond_wait  (in libsystem_pthread.dylib) + 984  [0x18c0480dc]
        47       service_local  (in ddjit-fix) + 9140  [0x1041729bc]
        47       svc_proc  (in ddjit-fix) + 3316  [0x104180144]
        30       futex_op  (in ddjit-fix) + 2544  [0x1041a2ecc]
        17       futex_op  (in ddjit-fix) + 2108  [0x1041a2d18]

Sort by top of stack, same collapsed (when >= 5):
        __psynch_cvwait  (in libsystem_kernel.dylib)        81780
        kevent  (in libsystem_kernel.dylib)        3480
        __pselect  (in libsystem_kernel.dylib)        1740
        poll  (in libsystem_kernel.dylib)        1740
        read  (in libsystem_kernel.dylib)        1740

Binary Images:
       0x104158000 -        0x1041bafc7 +ddjit-fix (0) <C8805963-9142-3BB7-8287-2DEB088B5067> /Users/*/ddjit-fix
       0x18bbf0000 -        0x18bc434bb  libobjc.A.dylib (951.1) <9E66CFF2-3EBD-3242-8166-D5D0C204755B> /usr/lib/libobjc.A.dylib
       0x18bc44000 -        0x18bc74bcb  libdyld.dylib (1340) <D0CBB392-9301-3174-8904-D869F1D973CF> /usr/lib/system/libdyld.dylib
       0x18bc75000 -        0x18bd14713  dyld (1.0.0 - 1340) <044CD67E-3A0A-3CA4-8BB3-A9687D5328FE> /usr/lib/dyld
       0x18bd15000 -        0x18bd181d0  libsystem_blocks.dylib (96) <F1D9FC62-B5CE-3FB6-B264-B1933396C05F> /usr/lib/system/libsystem_blocks.dylib
       0x18bd19000 -        0x18bd6e07f  libxpc.dylib (3089.80.10) <3B264F68-2825-3790-8796-4B49581D6425> /usr/lib/system/libxpc.dylib
       0x18bd6f000 -        0x18bd8f95f  libsystem_trace.dylib (1815.80.2) <2CE5667A-97C5-35F3-8124-BB48185D0D3D> /usr/lib/system/libsystem_trace.dylib
       0x18bd90000 -        0x18be3cccf  libcorecrypto.dylib (1922.80.7) <A6FB5220-05F1-36A3-93CA-E45F15C98D3A> /usr/lib/system/libcorecrypto.dylib
       0x18be3d000 -        0x18be88c67  libsystem_malloc.dylib (792.80.2) <102061AD-AC62-30E9-A960-0CC2E38A2D5D> /usr/lib/system/libsystem_malloc.dylib
       0x18be89000 -        0x18becfe5f  libdispatch.dylib (1542.0.4) <4C58AB31-F363-3E75-A8F8-302105812DBF> /usr/lib/system/libdispatch.dylib
       0x18bed0000 -        0x18bed2feb  libsystem_featureflags.dylib (101) <36BE75BA-0B53-3ACA-ABAF-C639D711C90B> /usr/lib/system/libsystem_featureflags.dylib
       0x18bed3000 -        0x18bf55047  libsystem_c.dylib (1725.40.4) <EB569350-0696-3397-838E-0344948107C0> /usr/lib/system/libsystem_c.dylib
       0x18bf56000 -        0x18bfe8ea3  libc++.1.dylib (2000.67) <652836CA-32B1-3388-A72A-D6B90DDDA958> /usr/lib/libc++.1.dylib
       0x18bfe9000 -        0x18c00392f  libc++abi.dylib (2000.67) <580BCE60-F6A6-3764-BFE9-57A0DB800C54> /usr/lib/libc++abi.dylib
       0x18c004000 -        0x18c04049f  libsystem_kernel.dylib (12377.91.3) <78EC33A6-6330-3836-8900-EB90836936E8> /usr/lib/system/libsystem_kernel.dylib
       0x18c041000 -        0x18c04dacb  libsystem_pthread.dylib (539.80.3) <0596A7B6-BCE2-3F06-A2E8-3EAAB5371ED8> /usr/lib/system/libsystem_pthread.dylib
       0x18c04e000 -        0x18c0564af  libsystem_platform.dylib (359.80.2) <62C9CD37-272D-3D2D-9A1C-6F4EF24F7EC7> /usr/lib/system/libsystem_platform.dylib
       0x18c057000 -        0x18c086e23  libsystem_info.dylib (600) <05CCB208-0B54-38D8-B736-6C7043F446AA> /usr/lib/system/libsystem_info.dylib
       0x18c087000 -        0x18c5d02bf  com.apple.CoreFoundation (6.9 - 4302) <646518BB-A6E8-3DA7-AB32-9D97BCBDC25D> /System/Library/Frameworks/CoreFoundation.framework/Versions/A/CoreFoundation
       0x18c5d1000 -        0x18c8ec7bf  com.apple.LaunchServices (1141.1 - 1141.1) <F97A8838-1235-37F9-984E-5685FBBFB23B> /System/Library/Frameworks/CoreServices.framework/Versions/A/Frameworks/LaunchServices.framework/Versions/A/LaunchServices
       0x18c8ed000 -        0x18cad0d3f  com.apple.gpusw.MetalTools (1.0 - 1) <15A3C78C-DDC1-3B6B-82C6-A2066EEEBEDD> /System/Library/PrivateFrameworks/MetalTools.framework/Versions/A/MetalTools
       0x18cad1000 -        0x18d2b013f  libBLAS.dylib (1545.81.3) <564BF0A2-5703-303C-8C04-C7192B02F86D> /System/Library/Frameworks/Accelerate.framework/Versions/A/Frameworks/vecLib.framework/Versions/A/libBLAS.dylib
       0x18d2b1000 -        0x18d3c5adf  com.apple.Lexicon-framework (1.0 - 195.1.5) <6FAB22BC-822D-3CFC-88FA-6AB1FDA096E4> /System/Library/PrivateFrameworks/Lexicon.framework/Versions/A/Lexicon
       0x18d3c6000 -        0x18d538237  libSparse.dylib (184.80.2) <540DC1AE-7285-3272-9F22-7095E8ED1899> /System/Library/Frameworks/Accelerate.framework/Versions/A/Frameworks/vecLib.framework/Versions/A/libSparse.dylib
       0x18d539000 -        0x18d5cc6fb  com.apple.SystemConfiguration (1.21 - 1.21) <03D1F2EA-F649-3B3B-8BA0-69FFFE117405> /System/Library/Frameworks/SystemConfiguration.framework/Versions/A/SystemConfiguration
       0x18d5cd000 -        0x18d601fbb  libCRFSuite.dylib (55) <B9E5C113-D809-3E9B-ADED-BF338771D129> /usr/lib/libCRFSuite.dylib
       0x18d8da000 -        0x18e87dc1f  com.apple.Foundation (6.9 - 4302) <187E7913-B154-30A7-8070-852767AAC3CF> /System/Library/Frameworks/Foundation.framework/Versions/C/Foundation
       0x18ea3c000 -        0x18eb5fedf  com.apple.CoreDisplay (291.3 - 291.3) <545E233D-9D22-3997-9564-BC3E5A03E764> /System/Library/Frameworks/CoreDisplay.framework/Versions/A/CoreDisplay
       0x18eb60000 -        0x18ef2a4ff  com.apple.audio.AudioToolboxCore (1.0 - 1556.418.1) <2D1BAF76-D7C0-3E10-98B9-021ECBF3339C> /System/Library/PrivateFrameworks/AudioToolboxCore.framework/Versions/A/AudioToolboxCore
       0x18ef2b000 -        0x18f1578bf  com.apple.CoreText (877.3.0.1 - 877.3.0.1) <EB907A00-507D-36E0-A2D0-625D2B830957> /System/Library/Frameworks/CoreText.framework/Versions/A/CoreText
       0x18f158000 -        0x18f90939f  com.apple.audio.CoreAudio (5.0 - 5.0) <16B7552A-EAD3-374C-A642-5A11A7523189> /System/Library/Frameworks/CoreAudio.framework/Versions/A/CoreAudio
       0x18f90a000 -        0x18fd2e83f  com.apple.security (7.0 - 61901.80.25) <F2DC6225-1517-3285-8262-CF24DDE3678E> /System/Library/Frameworks/Security.framework/Versions/A/Security
       0x18fd2f000 -        0x19000056b  libicucore.A.dylib (76142.3.1.1) <255E234A-2B69-30EF-954B-2FF5A99A285E> /usr/lib/libicucore.A.dylib
       0x190001000 -        0x19000b397  libsystem_darwin.dylib (1725.40.4) <EAC9A3D8-2048-3E6A-BA11-77D1C25C0EF3> /usr/lib/system/libsystem_darwin.dylib
       0x19000c000 -        0x19030539f  com.apple.CoreServices.CarbonCore (1333 - 1333) <F5924C0D-5C7C-3587-9A43-C7048C2865AC> /System/Library/Frameworks/CoreServices.framework/Versions/A/Frameworks/CarbonCore.framework/Versions/A/CarbonCore
       0x190306000 -        0x1903464cb  com.apple.CoreServicesInternal (505 - 505) <BBD8DD43-3E71-3344-99FF-D3C698DD0305> /System/Library/PrivateFrameworks/CoreServicesInternal.framework/Versions/A/CoreServicesInternal
       0x190347000 -        0x190386bbf  com.apple.CSStore (1141.1 - 1141.1) <31ABD7AC-0E11-3DC4-B501-B064A1249992> /System/Library/PrivateFrameworks/CoreServicesStore.framework/Versions/A/CoreServicesStore
       0x190387000 -        0x19047163f  com.apple.framework.IOKit (2.0.2 - 100222.80.4) <D3872802-A97B-3B16-B110-3828CD151702> /System/Library/Frameworks/IOKit.framework/Versions/A/IOKit
       0x190472000 -        0x190483ff3  libsystem_notify.dylib (344.0.1) <73D7BFA7-9433-3ECD-929F-06220C37F214> /usr/lib/system/libsystem_notify.dylib
       0x191dc8000 -        0x191dde1df  com.apple.UniformTypeIdentifiers (709 - 709) <EC5271F7-8C18-347C-9DAA-8590E068E8FF> /System/Library/Frameworks/UniformTypeIdentifiers.framework/Versions/A/UniformTypeIdentifiers
       0x1922bd000 -        0x192391e5f  libboringssl.dylib (532.80.2) <BD4F0F25-2ABF-38B1-A9C6-2C7DB0BFB44B> /usr/lib/libboringssl.dylib
       0x192392000 -        0x19274da3f  com.apple.CFNetwork (1.0 - 3860.400.51) <708EB37B-5A66-3845-8BC8-29F429A3BC4E> /System/Library/Frameworks/CFNetwork.framework/Versions/A/CFNetwork
       0x19274e000 -        0x192768fdb  libsystem_networkextension.dylib (2205.81.1) <645A9697-79B5-3E35-A642-5FFDD53CB6A7> /usr/lib/system/libsystem_networkextension.dylib
       0x192769000 -        0x19276a067  libenergytrace.dylib (23) <6983B383-07F2-39CE-A1B3-BCB8B2AEF1B4> /usr/lib/libenergytrace.dylib
       0x19276b000 -        0x1927eb87f  libMobileGestalt.dylib (1462.80.9) <F0CE855D-F582-396D-843F-956572409B32> /usr/lib/libMobileGestalt.dylib
       0x1927ec000 -        0x192803ff3  libsystem_asl.dylib (406) <2A30FE38-5014-334B-941B-579054EA8C1E> /usr/lib/system/libsystem_asl.dylib
       0x192804000 -        0x192828c77  com.apple.TCC (1.0 - 1) <2BE6A2E2-A205-35D1-A802-FFAA38E1A91A> /System/Library/PrivateFrameworks/TCC.framework/Versions/A/TCC
       0x192829000 -        0x192defeff  com.apple.SkyLight (1.600.0 - 920.9.17) <0FDB8257-4BAD-3259-B1D8-0EF23EC53232> /System/Library/PrivateFrameworks/SkyLight.framework/Versions/A/SkyLight
       0x192df0000 -        0x193549f5f  com.apple.CoreGraphics (2.0 - 1965.3.5) <B8CC9D87-245A-3618-B5BC-510DB3AB3D7D> /System/Library/Frameworks/CoreGraphics.framework/Versions/A/CoreGraphics
       0x19354a000 -        0x1936f524b  com.apple.ColorSync (4.13.0 - 3813.3.3) <46D2669A-6F71-3861-B4F9-08C5BF79F880> /System/Library/Frameworks/ColorSync.framework/Versions/A/ColorSync
       0x193b54000 -        0x193f3eddf  com.apple.CoreData (120 - 1525) <2AEC49EA-6D54-31A7-A5CC-464FC045E850> /System/Library/Frameworks/CoreData.framework/Versions/A/CoreData
       0x193f3f000 -        0x193f5ac1f  com.apple.ProtocolBuffer (1 - 310.23.11.13.1) <900999B5-252D-3CC0-ABC3-BF6341749462> /System/Library/PrivateFrameworks/ProtocolBuffer.framework/Versions/A/ProtocolBuffer
       0x193f5b000 -        0x1941423f3  libsqlite3.dylib (381) <4B2A53D8-FDF5-3D5E-8FDE-3D87C905D5CB> /usr/lib/libsqlite3.dylib
       0x1941e4000 -        0x1942d4fbf  com.apple.BaseBoard (732.1.1 - 732.1.1) <B44000BE-3B72-32DD-9D19-F8EF38BC41BB> /System/Library/PrivateFrameworks/BaseBoard.framework/Versions/A/BaseBoard
       0x1942d5000 -        0x1943400df  com.apple.RunningBoardServices (1.0 - 1008.80.2) <5E2ACA43-C13C-38CC-BBCB-063FE8FBC21D> /System/Library/PrivateFrameworks/RunningBoardServices.framework/Versions/A/RunningBoardServices
       0x194341000 -        0x1943b55f7  com.apple.AE (944 - 944) <C2E75873-78F4-33BE-B63B-D211345BAC66> /System/Library/Frameworks/CoreServices.framework/Versions/A/Frameworks/AE.framework/Versions/A/AE
       0x1943b6000 -        0x1943c7507  libdns_services.dylib (2881.80.4.0.1) <27DAB64C-4397-3D9A-8C31-774B6B218868> /usr/lib/libdns_services.dylib
       0x1943c8000 -        0x1943d03b7  libsystem_symptoms.dylib (2158.80.11) <ED7EEE1F-0CA6-30CF-9A27-7440EE0661BC> /usr/lib/system/libsystem_symptoms.dylib
       0x1943d1000 -        0x1958a6f3f  com.apple.Network (1.0 - 5569.81.5) <CACE282D-F415-3C6F-89FC-1365CA16706C> /System/Library/Frameworks/Network.framework/Versions/A/Network
       0x1958a7000 -        0x1958d6d5f  com.apple.analyticsd (1.0 - 1) <5DC2D1D6-8EB5-36B9-981D-BAEA1E9476D9> /System/Library/PrivateFrameworks/CoreAnalytics.framework/Versions/A/CoreAnalytics
       0x1958d7000 -        0x1958d88d3  libDiagnosticMessagesClient.dylib (113) <DD4A6220-3407-350B-8D5F-FA1ADCB39952> /usr/lib/libDiagnosticMessagesClient.dylib
       0x1958d9000 -        0x19593ea7f  com.apple.spotlight.metadata.utilities (1.0 - 2400.22.400) <85E8979D-486F-3546-ACEC-06D355251996> /System/Library/PrivateFrameworks/MetadataUtilities.framework/Versions/A/MetadataUtilities
       0x19593f000 -        0x1959caa1f  com.apple.Metadata (26.3 - 2400.22.400) <2D1C8E95-68CA-3095-A49B-5C945F183DBF> /System/Library/Frameworks/CoreServices.framework/Versions/A/Frameworks/Metadata.framework/Versions/A/Metadata
       0x1959cb000 -        0x1959d421b  com.apple.DiskArbitration (2.7 - 2.7) <B701A629-BD07-3576-91A4-F8B1F722FD53> /System/Library/Frameworks/DiskArbitration.framework/Versions/A/DiskArbitration
       0x1959d5000 -        0x195e0b5f7  com.apple.vImage (8.1 - 632) <A50F1C82-677F-3E79-9B0B-43D39D30113C> /System/Library/Frameworks/Accelerate.framework/Versions/A/Frameworks/vImage.framework/Versions/A/vImage
       0x195e0c000 -        0x19622d37f  com.apple.QuartzCore (1194.10.15 - 1194.10.15) <69E28FBA-4743-3B08-A63F-620335513F7C> /System/Library/Frameworks/QuartzCore.framework/Versions/A/QuartzCore
       0x19622e000 -        0x19628003f  libFontRegistry.dylib (408.2.0.1) <686EE750-F52F-3D79-BF53-A5A47DFA0980> /System/Library/Frameworks/ApplicationServices.framework/Versions/A/Frameworks/ATS.framework/Versions/A/Resources/libFontRegistry.dylib
       0x19654d000 -        0x19655aaff  com.apple.OpenDirectory (26.3 - 646) <867BD0BC-3AAE-37D3-B9BC-8D9D26D1A693> /System/Library/Frameworks/OpenDirectory.framework/Versions/A/OpenDirectory
       0x19655b000 -        0x196579137  com.apple.CFOpenDirectory (26.3 - 646) <1D13D354-A6E4-3D09-8767-178BBCCE7160> /System/Library/Frameworks/OpenDirectory.framework/Versions/A/Frameworks/CFOpenDirectory.framework/Versions/A/CFOpenDirectory
       0x19657a000 -        0x19658792b  com.apple.CoreServices.FSEvents (1407.80.2 - 1407.80.2) <F8754C4B-98C2-3620-906B-867CF819D573> /System/Library/Frameworks/CoreServices.framework/Versions/A/Frameworks/FSEvents.framework/Versions/A/FSEvents
       0x196588000 -        0x1965b10ff  com.apple.coreservices.SharedFileList (225 - 225) <EAA673A4-01C4-3DD7-8902-88DBCA5ACC44> /System/Library/Frameworks/CoreServices.framework/Versions/A/Frameworks/SharedFileList.framework/Versions/A/SharedFileList
       0x1965b2000 -        0x1965b50af  libapp_launch_measurement.dylib (17) <E586AFBF-3D19-363E-844B-ADF95B70C5FE> /usr/lib/libapp_launch_measurement.dylib
       0x1965b6000 -        0x1965ff69f  com.apple.CoreAutoLayout (1.0 - 34) <6F184B7A-746A-36C0-B719-55D72DC851BB> /System/Library/PrivateFrameworks/CoreAutoLayout.framework/Versions/A/CoreAutoLayout
       0x196600000 -        0x1966e6a5b  libxml2.2.dylib (39.10) <9322DDA4-E883-3780-A6A7-BEE37F52CD1D> /usr/lib/libxml2.2.dylib
       0x1966e7000 -        0x19676b01f  com.apple.CoreVideo (1.8 - 726.2) <67098F59-D15B-3748-BCB9-C8041CE75424> /System/Library/Frameworks/CoreVideo.framework/Versions/A/CoreVideo
       0x19676c000 -        0x19676ef5f  com.apple.loginsupport (3.0 - 264.3.1) <71298A1B-E10D-30A6-B573-7C9BE5744467> /System/Library/PrivateFrameworks/login.framework/Versions/A/Frameworks/loginsupport.framework/Versions/A/loginsupport
       0x1967ad000 -        0x1967d94df  com.apple.UserManagement (1.0 - 1) <541127CD-DCC7-398E-9D5F-E60E970BB70D> /System/Library/PrivateFrameworks/UserManagement.framework/Versions/A/UserManagement
       0x198392000 -        0x1983ca2bb  libsystem_containermanager.dylib (725.80.5) <1DDF96F6-6A8A-33F5-8691-8D3356620687> /usr/lib/system/libsystem_containermanager.dylib
       0x1983cb000 -        0x1983e749f  com.apple.IOSurface (393.3.2 - 393.3.2) <ED424459-9711-3A8F-858E-142088C61B60> /System/Library/Frameworks/IOSurface.framework/Versions/A/IOSurface
       0x1983e8000 -        0x1983f201f  com.apple.IOAccelerator (487.0.2 - 487.0.2) <307B667F-29EB-3CD3-B7F8-13083B4DB1AB> /System/Library/PrivateFrameworks/IOAccelerator.framework/Versions/A/IOAccelerator
       0x1983f3000 -        0x1986d6b9f  com.apple.Metal (371.5 - 371.5) <295341EE-1E42-3550-BD7E-D6B108112BCD> /System/Library/Frameworks/Metal.framework/Versions/A/Metal
       0x1986d7000 -        0x1986ffd7f  com.apple.audio.caulk (1.0 - 214) <67D6BCC2-F024-388E-B546-B1C2FE6F0DDC> /System/Library/PrivateFrameworks/caulk.framework/Versions/A/caulk
       0x198700000 -        0x1988bcfbf  com.apple.CoreMedia (1.0 - 3300.7.1.5.1) <BC6763E1-95CE-3468-B7A4-529DFCFC75EA> /System/Library/Frameworks/CoreMedia.framework/Versions/A/CoreMedia
       0x1988bd000 -        0x198b8ea9f  libFontParser.dylib (435.2.0.1) <7172761E-55AC-34C9-880E-47EB02EE5AC5> /System/Library/PrivateFrameworks/FontServices.framework/libFontParser.dylib
       0x198eec000 -        0x19923ab1f  com.apple.ImageIO (3.3.0 - 2784.3.4) <AEAEEEC1-C9BB-3338-B807-BBBFA7270FA1> /System/Library/Frameworks/ImageIO.framework/Versions/A/ImageIO
       0x19923b000 -        0x1997329df  com.apple.CoreImage (19.0.0 - 1592.80.2) <15BD3884-9208-3178-ACC7-8015DBF81493> /System/Library/Frameworks/CoreImage.framework/Versions/A/CoreImage
       0x199733000 -        0x1997e759f  com.apple.MetalPerformanceShaders.MPSCore (1.0 - 1) <7946CBB0-6AC7-3748-BC29-AAB73F4BE22F> /System/Library/Frameworks/MetalPerformanceShaders.framework/Versions/A/Frameworks/MPSCore.framework/Versions/A/MPSCore
       0x1997e8000 -        0x1997ec66f  libsystem_configuration.dylib (1385.80.4) <E5837A49-4BF9-3D25-8671-A6174223010A> /usr/lib/system/libsystem_configuration.dylib
       0x1997ed000 -        0x1997f36a7  libsystem_sandbox.dylib (2680.80.20) <8875D51A-D22D-3A6B-9A17-8D565C96262C> /usr/lib/system/libsystem_sandbox.dylib
       0x1997f4000 -        0x1997f517f  com.apple.AggregateDictionary (1.0 - 1) <A3D1EC6F-A05D-3304-B76F-71D387D1211E> /System/Library/PrivateFrameworks/AggregateDictionary.framework/Versions/A/AggregateDictionary
       0x1997f6000 -        0x1997fa59f  com.apple.AppleSystemInfo (3.1.5 - 3.1.5) <7566E13C-3993-39D3-BE5B-1F199AE3B75E> /System/Library/PrivateFrameworks/AppleSystemInfo.framework/Versions/A/AppleSystemInfo
       0x1997fb000 -        0x1997fc44f  liblangid.dylib (140) <3FF4383E-F460-3EEE-BF4E-3CEC36E85223> /usr/lib/liblangid.dylib
       0x1997fd000 -        0x19991ec5f  com.apple.CoreNLP (1.0 - 313) <C0892436-8659-3777-B045-47008F325656> /System/Library/PrivateFrameworks/CoreNLP.framework/Versions/A/CoreNLP
       0x19991f000 -        0x1999259bf  com.apple.LinguisticData (1.0 - 483.10) <52B8AC2F-033F-38B8-A8CA-CC4EA962700B> /System/Library/PrivateFrameworks/LinguisticData.framework/Versions/A/LinguisticData
       0x199926000 -        0x19a90d573  libBNNS.dylib (1860.81.1) <C9713301-568D-30CC-9EDF-ACF28AC686CF> /System/Library/Frameworks/Accelerate.framework/Versions/A/Frameworks/vecLib.framework/Versions/A/libBNNS.dylib
       0x19a90e000 -        0x19aa4743f  libvDSP.dylib (1123.80.6) <6EBE55CA-86CC-3BE2-B08E-DE16B3CD241A> /System/Library/Frameworks/Accelerate.framework/Versions/A/Frameworks/vecLib.framework/Versions/A/libvDSP.dylib
       0x19aa7e000 -        0x19aa8f643  com.apple.IOMobileFramebuffer (343.0.0 - 343.0.0) <4AEA2926-6908-34BD-9DE1-C3DB527A2C96> /System/Library/PrivateFrameworks/IOMobileFramebuffer.framework/Versions/A/IOMobileFramebuffer
       0x19ac8f000 -        0x19aca685f  com.apple.MobileKeyBag (2.0 - 1.0) <5627A8E0-F88A-3782-AD44-0E86692C1D95> /System/Library/PrivateFrameworks/MobileKeyBag.framework/Versions/A/MobileKeyBag
       0x19aca7000 -        0x19acb519f  com.apple.AssertionServices (1.0 - 1008.80.2) <A8EEEADF-31FD-3864-8A58-1AD15FCDD2E1> /System/Library/PrivateFrameworks/AssertionServices.framework/Versions/A/AssertionServices
       0x19acb6000 -        0x19ad48ebf  com.apple.securityfoundation (6.0 - 55293) <C44B4193-0CA3-3428-88E3-2F0FE536E172> /System/Library/Frameworks/SecurityFoundation.framework/Versions/A/SecurityFoundation
       0x19ad49000 -        0x19ad7abff  com.apple.coreservices.BackgroundTaskManagement (1.0 - 104) <7BB3D657-C9C4-3C3F-813D-E1CB09D70679> /System/Library/PrivateFrameworks/BackgroundTaskManagement.framework/Versions/A/BackgroundTaskManagement
       0x19ad86000 -        0x19ad891fb  libquarantine.dylib (196.40.3) <84049E82-ACDC-39F3-A2D7-6ECB912B825A> /usr/lib/system/libquarantine.dylib
       0x19ad8a000 -        0x19ad95323  libCheckFix.dylib (33) <0A61336F-1415-3E48-93D3-1A15A9EF3AF0> /usr/lib/libCheckFix.dylib
       0x19ad96000 -        0x19adad6db  libcoretls.dylib (187.80.1) <18114049-42B5-38B8-997F-B0989E680C7D> /usr/lib/libcoretls.dylib
       0x19adae000 -        0x19adbf2eb  libbsm.0.dylib (90) <8068587D-B142-38EC-8386-93F296956286> /usr/lib/libbsm.0.dylib
       0x19adc0000 -        0x19ae20edb  libmecab.dylib (1121) <B076B7F6-0A81-367E-9F65-F4CAF22BB4C0> /usr/lib/libmecab.dylib
       0x19ae21000 -        0x19ae2343b  libgermantok.dylib (31) <152FE5FE-9E55-3635-8254-635B60AEED43> /usr/lib/libgermantok.dylib
       0x19ae24000 -        0x19ae3847f  libLinearAlgebra.dylib (1545.81.3) <1EDCFF88-F2BE-30DC-BFA7-57910ACFE520> /System/Library/Frameworks/Accelerate.framework/Versions/A/Frameworks/vecLib.framework/Versions/A/libLinearAlgebra.dylib
       0x19ae39000 -        0x19b085b7f  com.apple.MetalPerformanceShaders.MPSNeuralNetwork (1.0 - 1) <3DE709B6-4214-33FA-9BD2-B573C155BFEA> /System/Library/Frameworks/MetalPerformanceShaders.framework/Versions/A/Frameworks/MPSNeuralNetwork.framework/Versions/A/MPSNeuralNetwork
       0x19b086000 -        0x19b0da6bf  com.apple.MetalPerformanceShaders.MPSRayIntersector (1.0 - 1) <24304BCD-61A8-3476-B846-EE05A63A0D16> /System/Library/Frameworks/MetalPerformanceShaders.framework/Versions/A/Frameworks/MPSRayIntersector.framework/Versions/A/MPSRayIntersector
       0x19b271000 -        0x19b2a247f  com.apple.MetalPerformanceShaders.MPSMatrix (1.0 - 1) <B4837302-DC97-3D70-96E0-221AC7CE39F0> /System/Library/Frameworks/MetalPerformanceShaders.framework/Versions/A/Frameworks/MPSMatrix.framework/Versions/A/MPSMatrix
       0x19b2a3000 -        0x19b467ebf  com.apple.MetalPerformanceShaders.MPSNDArray (1.0 - 1) <6E99C598-E6C7-3A95-B240-928E4AD4C27D> /System/Library/Frameworks/MetalPerformanceShaders.framework/Versions/A/Frameworks/MPSNDArray.framework/Versions/A/MPSNDArray
       0x19b468000 -        0x19b4fc7bf  com.apple.MetalPerformanceShaders.MPSImage (1.0 - 1) <39FA708C-6D38-36E7-89B2-8E8482AC7CA9> /System/Library/Frameworks/MetalPerformanceShaders.framework/Versions/A/Frameworks/MPSImage.framework/Versions/A/MPSImage
       0x19b4fd000 -        0x19b508343  com.apple.AppleFSCompression (174 - 1.0) <0634E802-D138-3EC4-BDBF-116A76242920> /System/Library/PrivateFrameworks/AppleFSCompression.framework/Versions/A/AppleFSCompression
       0x19b509000 -        0x19b515983  libbz2.1.0.dylib (47) <1701C215-5001-3C8F-B688-FB5257761C7C> /usr/lib/libbz2.1.0.dylib
       0x19b516000 -        0x19b51d00b  libsystem_coreservices.dylib (191.3.3) <94151A03-8600-3318-8719-103E2D5E83A5> /usr/lib/system/libsystem_coreservices.dylib
       0x19b51e000 -        0x19b5502bf  com.apple.CoreServices.OSServices (1141.1 - 1141.1) <343A1CEB-1677-33E5-8D4B-7423DEC58316> /System/Library/Frameworks/CoreServices.framework/Versions/A/Frameworks/OSServices.framework/Versions/A/OSServices
       0x19ba60000 -        0x19ba6f18f  libz.1.dylib (100) <995A8B0F-E8BA-347F-A403-1023361B58DE> /usr/lib/libz.1.dylib
       0x19ba70000 -        0x19baad8b7  libsystem_m.dylib (3309) <9B88F30F-0BEF-391B-A358-8D1E2B08CCBE> /usr/lib/system/libsystem_m.dylib
       0x19baae000 -        0x19baaec9b  libcharset.1.dylib (113) <C89EE3DE-04DA-3C9D-92A4-CE56625E1B9A> /usr/lib/libcharset.1.dylib
       0x19baaf000 -        0x19bab2537  libmacho.dylib (1030.6.3) <D84C5B4C-6EE5-3B2D-8B96-DCA5B83EC11D> /usr/lib/system/libmacho.dylib
       0x19bab3000 -        0x19bacbdfb  libkxld.dylib (12377.91.3) <7D797DED-11BB-3615-AD4A-B8CEF47CEE43> /usr/lib/system/libkxld.dylib
       0x19bacc000 -        0x19bad961f  libcommonCrypto.dylib (600035) <04C03765-D34A-311F-AE1E-CFBB1E627E54> /usr/lib/system/libcommonCrypto.dylib
       0x19bada000 -        0x19bae3b0b  libunwind.dylib (1900.125) <F8A54A94-01E7-32FD-8CBD-A6E62CE80120> /usr/lib/system/libunwind.dylib
       0x19bae4000 -        0x19baeb319  liboah.dylib (367.3) <5315C55D-09E5-394B-A9E5-672B23847BF7> /usr/lib/liboah.dylib
       0x19baec000 -        0x19baf66ff  libcopyfile.dylib (230.0.1.0.1) <4EBDFB06-9F51-3FEF-A4D8-B1AFB9D0E823> /usr/lib/system/libcopyfile.dylib
       0x19baf7000 -        0x19bafa95f  libcompiler_rt.dylib (103.3) <55AFEF28-E352-38B8-ACD6-60B67AA83B68> /usr/lib/system/libcompiler_rt.dylib
       0x19bafb000 -        0x19baffa1b  libsystem_collections.dylib (1725.40.4) <17BD45DA-1D82-3A90-9F18-5D569A5693B5> /usr/lib/system/libsystem_collections.dylib
       0x19bb00000 -        0x19bb034bf  libsystem_secinit.dylib (168.40.2) <0928D7E4-5DB0-3B75-9DF5-08EC8E9C033B> /usr/lib/system/libsystem_secinit.dylib
       0x19bb04000 -        0x19bb06b57  libremovefile.dylib (84) <D854E7F8-C351-331B-9A26-BE66F9B8996D> /usr/lib/system/libremovefile.dylib
       0x19bb07000 -        0x19bb07f27  libkeymgr.dylib (31) <18ED97A3-6DD7-3EC2-AB38-E16A862BE1A7> /usr/lib/system/libkeymgr.dylib
       0x19bb08000 -        0x19bb10f8f  libsystem_dnssd.dylib (2881.80.4.0.1) <A3401BB5-786C-32DC-A9A0-E8405AE9E0CD> /usr/lib/system/libsystem_dnssd.dylib
       0x19bb11000 -        0x19bb160b3  libcache.dylib (95) <EA56E91F-7683-3AA5-AF72-185994622502> /usr/lib/system/libcache.dylib
       0x19bb17000 -        0x19bb18cf3  libSystem.B.dylib (1356) <44B9EC51-9AC9-3D3B-A7F8-DEB02133130A> /usr/lib/libSystem.B.dylib
       0x19bb19000 -        0x19bb1b03f  libfakelink.dylib (5) <7C244DA6-8C2F-3E66-BE8E-AEFA05DFD0EB> /usr/lib/libfakelink.dylib
       0x19bb1c000 -        0x19bb1ca63  com.apple.SoftLinking (1.0 - 67) <9E5D4C80-C0A3-3F6C-8185-0FE3E0C01004> /System/Library/PrivateFrameworks/SoftLinking.framework/Versions/A/SoftLinking
       0x19bb52000 -        0x19bb591bb  libiconv.2.dylib (113) <91928A6D-E098-3B69-B8BB-024C1AED3F71> /usr/lib/libiconv.2.dylib
       0x19bb6d000 -        0x19bc64b7f  libarchive.2.dylib (160.60.3) <980CBA3C-08C6-39E5-BF56-75C2589FC55B> /usr/lib/libarchive.2.dylib
       0x19bc65000 -        0x19bccc7cf  com.apple.SearchKit (1.4.2 - 1.4.2) <7D22A101-B83E-3645-B57E-23C5DCCB9FD4> /System/Library/Frameworks/CoreServices.framework/Versions/A/Frameworks/SearchKit.framework/Versions/A/SearchKit
       0x19bccd000 -        0x19bcd50ff  libThaiTokenizer.dylib (28) <180E7D93-7AB6-3D9C-ABEA-A559E87149E9> /usr/lib/libThaiTokenizer.dylib
       0x19bcd6000 -        0x19bcf9b67  com.apple.applesauce (1.0 - 17.1) <122E6050-C663-3F97-A1B7-152CC75ED245> /System/Library/PrivateFrameworks/AppleSauce.framework/Versions/A/AppleSauce
       0x19bcfa000 -        0x19bd1222b  libapple_nghttp2.dylib (37) <8CD32C25-599A-38F7-AE08-1066E92ACC77> /usr/lib/libapple_nghttp2.dylib
       0x19bd13000 -        0x19bd39dcf  libSparseBLAS.dylib (1545.81.3) <E9E24E7F-E646-37EA-A519-B0317EDC7C93> /System/Library/Frameworks/Accelerate.framework/Versions/A/Frameworks/vecLib.framework/Versions/A/libSparseBLAS.dylib
       0x19bd3a000 -        0x19bd3b63f  com.apple.MetalPerformanceShaders.MetalPerformanceShaders (1.0 - 1) <7F88DED0-627A-3CCC-85EE-ECDB75EDDE44> /System/Library/Frameworks/MetalPerformanceShaders.framework/Versions/A/MetalPerformanceShaders
       0x19bd3c000 -        0x19bd4202f  libpam.2.dylib (35) <22AC6D45-CC44-35F8-A8BB-A19B2FA672AB> /usr/lib/libpam.2.dylib
       0x19bd43000 -        0x19be1414f  libcompression.dylib (190.40.2) <23B871E6-DCDD-3B96-9A12-A71956C7B8B8> /usr/lib/libcompression.dylib
       0x19be15000 -        0x19be191f7  libQuadrature.dylib (8) <398729C1-1FC1-3D03-A8E3-8BF23633F2F2> /System/Library/Frameworks/Accelerate.framework/Versions/A/Frameworks/vecLib.framework/Versions/A/libQuadrature.dylib
       0x19be1a000 -        0x19d08559f  libLAPACK.dylib (1545.81.3) <3FAAACBF-A8BA-3F64-BA51-9D8AEF63865F> /System/Library/Frameworks/Accelerate.framework/Versions/A/Frameworks/vecLib.framework/Versions/A/libLAPACK.dylib
       0x19d086000 -        0x19d0dd75f  com.apple.DictionaryServices (1.2 - 373) <86707711-20C7-3291-9980-E4A705779A93> /System/Library/Frameworks/CoreServices.framework/Versions/A/Frameworks/DictionaryServices.framework/Versions/A/DictionaryServices
       0x19d0de000 -        0x19d0fc88f  liblzma.5.dylib (21) <FC6DCDF3-5995-3B58-B7C4-D051C8DA1078> /usr/lib/liblzma.5.dylib
       0x19d0fd000 -        0x19d0fe86f  libcoretls_cfhelpers.dylib (187.80.1) <E73C2CF5-8828-3C09-9709-6FD6A1BFABD2> /usr/lib/libcoretls_cfhelpers.dylib
       0x19d0ff000 -        0x19d16ed23  com.apple.APFS (2632.80.1 - 2632.80.1) <FB56436F-A54C-39FE-93C8-6126ED3CBE06> /System/Library/PrivateFrameworks/APFS.framework/Versions/A/APFS
       0x19d16f000 -        0x19d17d65b  libxar.1.dylib (501) <17ABD5B4-4168-35BB-883C-7C05E0222CB9> /usr/lib/libxar.1.dylib
       0x19d17e000 -        0x19d1818bb  libutil.dylib (73) <F2A7228B-0166-3073-8E64-5D768EA1916A> /usr/lib/libutil.dylib
       0x19d182000 -        0x19d1ace37  libxslt.1.dylib (21.13) <7D50C051-EA26-33B6-A0CF-8F55C66D75FB> /usr/lib/libxslt.1.dylib
       0x19d1b5000 -        0x19d22f107  libvMisc.dylib (1123.80.6) <196E2EBC-C3FB-341D-8434-F41016DC7D58> /System/Library/Frameworks/Accelerate.framework/Versions/A/Frameworks/vecLib.framework/Versions/A/libvMisc.dylib
       0x19d230000 -        0x19d2c04ff  libate.dylib (3.0.9) <7CE7E760-0CBE-35D8-9BC9-408CEBEEC8F9> /usr/lib/libate.dylib
       0x19d2ca000 -        0x19d2dd49f  com.apple.CrashReporterSupport (10.13 - 15138) <4BC3F138-9AB3-341B-B8E4-41E205A17446> /System/Library/PrivateFrameworks/CrashReporterSupport.framework/Versions/A/CrashReporterSupport
       0x19d421000 -        0x19d46281f  com.apple.pluginkit.framework (1.0 - 1) <1703231D-AD76-34E0-8554-AB7516D250A6> /System/Library/PrivateFrameworks/PlugInKit.framework/Versions/A/PlugInKit
       0x19d4d9000 -        0x19d521ee7  com.apple.AppleVAFramework (6.2.10 - 6.2.10) <3371B6E3-D5B1-39FD-A01A-C4AC3A5F9AB2> /System/Library/PrivateFrameworks/AppleVA.framework/Versions/A/AppleVA
       0x19d522000 -        0x19d53cd17  libexpat.1.dylib (45) <EA037ED9-9231-336B-B34A-6D1E4572A673> /usr/lib/libexpat.1.dylib
       0x19d53d000 -        0x19d546bab  libheimdal-asn1.dylib (710.0.1) <80BC30C5-A36C-32FE-A229-D811538D2CBF> /usr/lib/libheimdal-asn1.dylib
       0x19d665000 -        0x19d72781f  com.apple.MediaExperience (1.0 - 1) <71583743-16EE-3710-A817-7578D95710AE> /System/Library/PrivateFrameworks/MediaExperience.framework/Versions/A/MediaExperience
       0x19d754000 -        0x19d76381f  com.apple.GraphVisualizer (1.0 - 307) <B4F4AB5F-8A32-34A2-87F6-F960B831576E> /System/Library/PrivateFrameworks/GraphVisualizer.framework/Versions/A/GraphVisualizer
       0x19d764000 -        0x19d7a461f  com.apple.OTSVG (1.0 - 877.3.0.1) <193C67AB-6D1B-39AE-BA5F-FC5A01A3D496> /System/Library/PrivateFrameworks/OTSVG.framework/Versions/A/OTSVG
       0x19d7a5000 -        0x19d7b1c5f  com.apple.xpc.AppServerSupport (1.0 - 3089.80.10) <3B17D32E-406A-3F63-9A05-3600EA639945> /System/Library/PrivateFrameworks/AppServerSupport.framework/Versions/A/AppServerSupport
       0x19d7b2000 -        0x19d7b8bdf  libspindump.dylib (412.0.1) <C1B32465-98DD-3033-8BFC-EFC0B3205225> /usr/lib/libspindump.dylib
       0x19d7b9000 -        0x19d879f3f  com.apple.Heimdal (4.0 - 2.0) <220BDA49-10B5-3B84-92E1-4F215343EB64> /System/Library/PrivateFrameworks/Heimdal.framework/Versions/A/Heimdal
       0x19db40000 -        0x19db84da7  com.apple.AppleJPEG (1.0 - 1) <54D9430E-9FF9-39FD-8088-B9E2BF558B48> /System/Library/PrivateFrameworks/AppleJPEG.framework/Versions/A/AppleJPEG
       0x19db85000 -        0x19dd5718f  libJP2.dylib (2784.3.7) <A3566B1B-5C73-346D-A299-77711BB7822E> /System/Library/Frameworks/ImageIO.framework/Versions/A/Resources/libJP2.dylib
       0x19dd58000 -        0x19dd59e37  com.apple.WatchdogClient.framework (1.0 - 323.80.7) <90799AEF-3884-3CD7-BAB9-DAE0B2118FB6> /System/Library/PrivateFrameworks/WatchdogClient.framework/Versions/A/WatchdogClient
       0x19dd5a000 -        0x19dd9febf  com.apple.MultitouchSupport.framework (9430.5 - 9430.5) <40D691BB-9166-31E0-959E-351863FF09A0> /System/Library/PrivateFrameworks/MultitouchSupport.framework/Versions/A/MultitouchSupport
       0x19dda0000 -        0x19e315f1f  com.apple.VideoToolbox (1.0 - 3300.7.1.5.1) <7550E54C-1021-3DFE-A5F3-161E1D5B109E> /System/Library/Frameworks/VideoToolbox.framework/Versions/A/VideoToolbox
       0x19e316000 -        0x19e33b6d7  libAudioToolboxUtility.dylib (1556.418.1) <74DDD6F9-F92D-3BAA-919E-2EBCC7BE0BB4> /usr/lib/libAudioToolboxUtility.dylib
       0x19e33c000 -        0x19e367077  libPng.dylib (2784.3.7) <C5FC4D16-2285-3EF1-85FF-25A837CAC02B> /System/Library/Frameworks/ImageIO.framework/Versions/A/Resources/libPng.dylib
       0x19e368000 -        0x19e3c9c67  libTIFF.dylib (2784.3.7) <418A0AEE-D3B8-3D1F-BAF9-DD4992BDDBBB> /System/Library/Frameworks/ImageIO.framework/Versions/A/Resources/libTIFF.dylib
       0x19e3ca000 -        0x19e3e9d2b  com.apple.IOPresentment (67 - 67) <D1431263-C011-3735-911B-57FCC6A8D8F0> /System/Library/PrivateFrameworks/IOPresentment.framework/Versions/A/IOPresentment
       0x19e3ea000 -        0x19e3ee803  com.apple.GPUWrangler (8.1.12 - 8.1.12) <16796BF6-20AE-3970-804E-4411E5916C36> /System/Library/PrivateFrameworks/GPUWrangler.framework/Versions/A/GPUWrangler
       0x19e3ef000 -        0x19e3f194b  libRadiance.dylib (2784.3.7) <27ED1BD0-43D9-359D-BB98-8EFC37EF961C> /System/Library/Frameworks/ImageIO.framework/Versions/A/Resources/libRadiance.dylib
       0x19e3f2000 -        0x19e3f7653  com.apple.DSExternalDisplay (3.1 - 380) <4A9C6533-7E84-32B7-A203-3D9A380CA20E> /System/Library/PrivateFrameworks/DSExternalDisplay.framework/Versions/A/DSExternalDisplay
       0x19e3f8000 -        0x19e4230ff  libJPEG.dylib (2784.3.7) <415AE428-CA88-3227-822C-0769797CC15B> /System/Library/Frameworks/ImageIO.framework/Versions/A/Resources/libJPEG.dylib
       0x19e452000 -        0x19e457a5b  libGIF.dylib (2784.3.7) <64C67EB5-5A28-307B-B60E-274FD6204B30> /System/Library/Frameworks/ImageIO.framework/Versions/A/Resources/libGIF.dylib
       0x19e458000 -        0x19e4681bf  com.apple.CMCaptureCore (1.0 - 665.81.8) <710EA6AB-022E-3761-9D2B-C57E4557F3E2> /System/Library/PrivateFrameworks/CMCaptureCore.framework/Versions/A/CMCaptureCore
       0x19f40f000 -        0x19f47e2a3  libusrtcp.dylib (5569.81.5) <DB7A00EC-9A65-3BF4-BF00-7140D3695DD5> /usr/lib/libusrtcp.dylib
       0x19f47f000 -        0x19fa0d6df  libswiftCore.dylib (6.2.4 - 6.2.4.1.4) <EF17EAAC-5E38-3D8F-9849-A68224788FA6> /usr/lib/swift/libswiftCore.dylib
       0x19fac0000 -        0x19fb16e1f  libSessionUtility.dylib (398.303) <58FE2B57-736E-3699-A562-0ED3860CA0D7> /System/Library/PrivateFrameworks/AudioSession.framework/libSessionUtility.dylib
       0x19fb17000 -        0x19fcf1edf  com.apple.audio.toolbox.AudioToolbox (1.14 - 1.14) <7DEE28E3-513B-366B-B5A5-9364BAC13D05> /System/Library/Frameworks/AudioToolbox.framework/Versions/A/AudioToolbox
       0x19fcf2000 -        0x19fd7015f  com.apple.audio.AudioSession (1.0 - 398.303) <B5F56459-60CE-38CD-9CBA-A4FAA0CAC06B> /System/Library/PrivateFrameworks/AudioSession.framework/Versions/A/AudioSession
       0x19fd71000 -        0x19fd89b1f  libAudioStatistics.dylib (262.202) <092A32F2-26E3-394D-A6B5-EE325B63BA30> /usr/lib/libAudioStatistics.dylib
       0x19fe00000 -        0x19fe1c0a3  libresolv.9.dylib (93) <BA9529D6-9D20-3B20-9027-9F5E05EF798A> /usr/lib/libresolv.9.dylib
       0x19fe1d000 -        0x19fe2f7d7  libsasl2.2.dylib (215) <D0F77A8D-AC14-3D2F-8DC5-11F93F09AF05> /usr/lib/libsasl2.2.dylib
       0x1a0028000 -        0x1a0108a0f  libSMC.dylib (38) <4FC6F40D-7C6A-3A87-A3EB-15E23927855C> /usr/lib/libSMC.dylib
       0x1a0168000 -        0x1a0174a17  com.apple.NetAuth (6.2 - 6.2) <1AEB3F84-0E3C-3EE1-8752-ECD2DCA06327> /System/Library/PrivateFrameworks/NetAuth.framework/Versions/A/NetAuth
       0x1a0183000 -        0x1a019047f  com.apple.perfdata (1.0 - 122) <3ABD2E5A-E972-34CA-8570-119E2E3DC3AE> /System/Library/PrivateFrameworks/perfdata.framework/Versions/A/perfdata
       0x1a0191000 -        0x1a019ed9f  libperfcheck.dylib (46) <0B04C7B7-8C72-3DAF-9F20-B374F7CA66EE> /usr/lib/libperfcheck.dylib
       0x1a019f000 -        0x1a01b01c7  com.apple.Kerberos (3.0 - 1) <29D91C4B-EF56-36D7-8B6E-A2FD173FC016> /System/Library/Frameworks/Kerberos.framework/Versions/A/Kerberos
       0x1a01b1000 -        0x1a0202aaf  com.apple.GSS (4.0 - 2.0) <80057AF7-854F-3E8D-8211-6B9123F2E7B4> /System/Library/Frameworks/GSS.framework/Versions/A/GSS
       0x1a0203000 -        0x1a0213da7  com.apple.CommonAuth (4.0 - 2.0) <42297637-45CB-32AB-B82D-BCB5EF41AAF0> /System/Library/PrivateFrameworks/CommonAuth.framework/Versions/A/CommonAuth
       0x1a0214000 -        0x1a02f2c7f  com.apple.MobileAssets (1.0 - 1837.80.27.0.1) <EF91F303-8A75-3ACB-9DA9-1AD3A147B3FA> /System/Library/PrivateFrameworks/MobileAsset.framework/Versions/A/MobileAsset
       0x1a0384000 -        0x1a03930b0  com.apple.CorePhoneNumbers (1.0 - 1) <2EEEB81B-0D2B-3F1B-B3A0-AD259A5E0516> /System/Library/PrivateFrameworks/CorePhoneNumbers.framework/Versions/A/CorePhoneNumbers
       0x1a1cef000 -        0x1a1de504f  com.apple.combine (1.0 - 3023) <D189CEB2-496E-3843-A5A2-020EE51B0E79> /System/Library/Frameworks/Combine.framework/Versions/A/Combine
       0x1a3fbe000 -        0x1a3fbe86f  com.apple.Accelerate.vecLib (3.11 - vecLib 3.11) <9C60DDF6-DB11-3382-9A90-5ECBF65AFFE2> /System/Library/Frameworks/Accelerate.framework/Versions/A/Frameworks/vecLib.framework/Versions/A/vecLib
       0x1a3fe4000 -        0x1a3fe498f  com.apple.CoreServices (1226 - 1226) <32A74A0A-3F86-3F02-98AF-51FB14BCC672> /System/Library/Frameworks/CoreServices.framework/Versions/A/CoreServices
       0x1a425b000 -        0x1a425b417  com.apple.Accelerate (1.11 - Accelerate 1.11) <501534A5-AC58-30C7-A4A5-3238694755F7> /System/Library/Frameworks/Accelerate.framework/Versions/A/Accelerate
       0x1a510f000 -        0x1a511e8bf  com.apple.SymptomDiagnosticReporter (1.0 - 411.80.3) <F4AFD7F9-6846-388E-A67F-5BE15D04792D> /System/Library/PrivateFrameworks/SymptomDiagnosticReporter.framework/Versions/A/SymptomDiagnosticReporter
       0x1a511f000 -        0x1a514ee7f  com.apple.PowerLog (1.0 - 1) <8B23076C-BB1E-380F-818D-DBE95406317C> /System/Library/PrivateFrameworks/PowerLog.framework/Versions/A/PowerLog
       0x1a515c000 -        0x1a521039f  com.apple.DiscRecording (9.0.3 - 9030.4.5) <12E01599-0C72-3DC4-91FD-74B159DAA3F8> /System/Library/Frameworks/DiscRecording.framework/Versions/A/DiscRecording
       0x1a5211000 -        0x1a524228f  com.apple.MediaKit (16 - 938) <5DFAE7C5-C6D7-317F-A3DC-34242AA73E77> /System/Library/PrivateFrameworks/MediaKit.framework/Versions/A/MediaKit
       0x1a5d0e000 -        0x1a5d24f90  libswiftDispatch.dylib (56) <078361EC-4DAA-33B3-B150-0A44C3E77CDD> /usr/lib/swift/libswiftDispatch.dylib
       0x1a6072000 -        0x1a60fecdf  com.apple.BoardServices (1.0 - 732.1.1) <16A1B6FF-1A9F-31FB-B748-EAA50B44F2B8> /System/Library/PrivateFrameworks/BoardServices.framework/Versions/A/BoardServices
       0x1a613f000 -        0x1a614c51f  com.apple.GraphicsServices (1.0 - 1.0) <59EEBD80-284A-3EF7-898A-AB3AD3BAD60A> /System/Library/PrivateFrameworks/GraphicsServices.framework/Versions/A/GraphicsServices
       0x1a6455000 -        0x1a64777a1  com.apple.DebugSymbols (216 - 217) <27C1590B-8AF0-3CAD-95EA-DDAADE07C037> /System/Library/PrivateFrameworks/DebugSymbols.framework/Versions/A/DebugSymbols
       0x1a6478000 -        0x1a658ef67  com.apple.CoreSymbolication (16.0 - 64572.108.2) <19C10993-319A-3609-B4EB-5692C746DE90> /System/Library/PrivateFrameworks/CoreSymbolication.framework/Versions/A/CoreSymbolication
       0x1a658f000 -        0x1a65992ff  com.apple.CoreTime (334.0.16.1 - 334.0.16.1) <A9E04DF2-47FF-3F79-B959-68E9B0A44370> /System/Library/PrivateFrameworks/CoreTime.framework/Versions/A/CoreTime
       0x1a7e45000 -        0x1a7eb61df  com.apple.BackBoardServices (1.0 - 1.0) <E974F144-2ECC-34B6-AF3C-60CCA887F86B> /System/Library/PrivateFrameworks/BackBoardServices.framework/Versions/A/BackBoardServices
       0x1a7eb7000 -        0x1a7ef2a7f  com.apple.LDAPFramework (2.4.28 - 194.5) <8A779B71-B768-3782-BFEA-DF575CE71860> /System/Library/Frameworks/LDAP.framework/Versions/A/LDAP
       0x1a7ef3000 -        0x1a7ef47a7  com.apple.TrustEvaluationAgent (2.0 - 38) <0C598FBB-A611-35CF-B375-A35DB12CF3B2> /System/Library/PrivateFrameworks/TrustEvaluationAgent.framework/Versions/A/TrustEvaluationAgent
       0x1a8021000 -        0x1a80deb5f  com.apple.DiskImagesFramework (681.60.1 - 681.60.1) <7AFA86B6-A0D7-37AE-B7CE-8D51629F99FB> /System/Library/PrivateFrameworks/DiskImages.framework/Versions/A/DiskImages
       0x1a811f000 -        0x1a8135e3f  com.apple.RemoteServiceDiscovery (1.0 - 202.80.2) <D2A83392-79C5-319B-A543-14E20F175FA5> /System/Library/PrivateFrameworks/RemoteServiceDiscovery.framework/Versions/A/RemoteServiceDiscovery
       0x1a8136000 -        0x1a814cc9f  com.apple.xpc.RemoteXPC (1.0 - 3089.80.10) <D14DDF8E-F1D9-398E-B9B3-5799854E6186> /System/Library/PrivateFrameworks/RemoteXPC.framework/Versions/A/RemoteXPC
       0x1a81e1000 -        0x1a826229f  libcurl.4.dylib (162) <7DAF1527-FDB0-3672-8A4F-E75B925F3FEA> /usr/lib/libcurl.4.dylib
       0x1a8269000 -        0x1a82ac3df  com.apple.AppSupport (1.0.0 - 29) <7BE1EBF8-7242-3342-B88E-FC23A3895588> /System/Library/PrivateFrameworks/AppSupport.framework/Versions/A/AppSupport
       0x1a8584000 -        0x1a8586f3f  com.apple.InternationalTextSearch (1.0 - 1) <4B08A856-FD3D-316F-9BB6-6D43497EE253> /System/Library/PrivateFrameworks/InternationalTextSearch.framework/Versions/A/InternationalTextSearch
       0x1a8b37000 -        0x1a8b373f7  libHeimdalProxy.dylib (88) <D22AFF6A-3024-32F9-981C-F81B8A989809> /System/Library/Frameworks/Kerberos.framework/Versions/A/Libraries/libHeimdalProxy.dylib
       0x1a8b62000 -        0x1a8b80c5f  com.apple.StreamingZip (1.0 - 1) <26A0BEC4-FA01-38C3-A2A4-DDEF58CFF91F> /System/Library/PrivateFrameworks/StreamingZip.framework/Versions/A/StreamingZip
       0x1a8bd4000 -        0x1a8bd760d  libswiftObjectiveC.dylib (951.1) <32F3A126-27F7-3F2D-975F-6A35735C240C> /usr/lib/swift/libswiftObjectiveC.dylib
       0x1a8bd8000 -        0x1a8bf52bf  libswiftos.dylib (1076.40.2) <68F1B6A7-A220-3BF6-9104-FE09847ACD74> /usr/lib/swift/libswiftos.dylib
       0x1a9b8e000 -        0x1a9c1cebf  com.apple.proactive.support.ProactiveSupport (1.0 - 415.1) <D475519B-DB21-3169-A170-4FA2082B994B> /System/Library/PrivateFrameworks/ProactiveSupport.framework/Versions/A/ProactiveSupport
       0x1a9d1a000 -        0x1a9d5565f  com.apple.ASEProcessing (1.50.5 - 1.50.5) <519706AF-8BDC-3F74-A5CD-BAC561CDDEFD> /System/Library/PrivateFrameworks/ASEProcessing.framework/Versions/A/ASEProcessing
       0x1aaf66000 -        0x1ab03349f  com.apple.audio.midi.CoreMIDI (2.0 - 88) <349E1842-7521-35A6-ACA9-E80329EC86A8> /System/Library/Frameworks/CoreMIDI.framework/Versions/A/CoreMIDI
       0x1abc25000 -        0x1abc297bf  com.apple.IOSurfaceAccelerator (1.0.0 - 1.0.0) <F6B04959-AC2A-3FD6-8683-84BD1DF0151C> /System/Library/PrivateFrameworks/IOSurfaceAccelerator.framework/Versions/A/IOSurfaceAccelerator
       0x1b0989000 -        0x1b099be5f  com.apple.HID (1.0 - 1) <4231332C-5487-32E4-9F39-69F58D8CDD95> /System/Library/PrivateFrameworks/HID.framework/Versions/A/HID
       0x1b53b8000 -        0x1b53c771f  com.apple.NetFS (6.0 - 4.0) <EB27EA43-1677-38DA-9C3C-C4EAD8BE70CA> /System/Library/Frameworks/NetFS.framework/Versions/A/NetFS
       0x1b58f6000 -        0x1b58f8a9f  libswiftDarwin.dylib (347.40.2) <38299193-F09E-32C2-9D02-41145E95B937> /usr/lib/swift/libswiftDarwin.dylib
       0x1b794c000 -        0x1b7a3d03f  libquic.dylib (5569.81.5) <A7793D8C-9436-3AA1-AEE1-C096E3AF3B69> /usr/lib/libquic.dylib
       0x1b7a49000 -        0x1b7a716bf  com.apple.private.SystemPolicy (1.0 - 1) <6E6D7AC0-63CC-37F5-9853-30DCAFF669AC> /System/Library/PrivateFrameworks/SystemPolicy.framework/Versions/A/SystemPolicy
       0x1b8915000 -        0x1b89a1f1f  com.apple.LoggingSupport (1.0 - 1815.80.2) <3B369836-295B-3C26-A2DA-A8036FDE4774> /System/Library/PrivateFrameworks/LoggingSupport.framework/Versions/A/LoggingSupport
       0x1b89a2000 -        0x1b89aea4b  com.apple.MallocStackLogging (1.0 - 64573.4.1) <C3EBC9BA-52FB-3624-B38F-595D3806224C> /System/Library/PrivateFrameworks/MallocStackLogging.framework/Versions/A/MallocStackLogging
       0x1b89d4000 -        0x1b8a2aeff  libmis.dylib (463.0.8) <529134B9-CD55-3EB9-9029-4BBD2AF7F1A4> /usr/lib/libmis.dylib
       0x1b8a2b000 -        0x1b8a2ec7f  com.apple.gpusw.GPURawCounter (34 - 34) <06667B12-6C26-3603-BD41-D218C434CD87> /System/Library/PrivateFrameworks/GPURawCounter.framework/Versions/A/GPURawCounter
       0x1b8a2f000 -        0x1b8a4eb53  libswiftCoreAudio.dylib (411.417) <2D95FC1B-7C4E-37B6-961A-2EFF7ED1B6BA> /usr/lib/swift/libswiftCoreAudio.dylib
       0x1b8a4f000 -        0x1b8a55387  libswiftCoreFoundation.dylib (2401) <6C11227E-B1B0-3F04-964B-7C6056F9C092> /usr/lib/swift/libswiftCoreFoundation.dylib
       0x1b8a61000 -        0x1b8aa7742  libswiftXPC.dylib (105.0.14) <D3B538A0-EF2F-31B2-A402-4DEE6A6AF2F4> /usr/lib/swift/libswiftXPC.dylib
       0x1b8aa9000 -        0x1b8aa98a3  libswiftIOKit.dylib (1) <65B73C62-BE48-3F5C-B9CB-559E88F6CCB2> /usr/lib/swift/libswiftIOKit.dylib
       0x1baa71000 -        0x1baab6123  libbootpolicy.dylib (289.0.1) <B76B88AD-CBA4-3C41-B0EC-0CCB1B982DDF> /usr/lib/libbootpolicy.dylib
       0x1bc50e000 -        0x1bc5259c3  libswiftsimd.dylib (23) <C6F52DF2-8CD3-3C9D-991D-1318248286D6> /usr/lib/swift/libswiftsimd.dylib
       0x1bdbba000 -        0x1bdbc337f  com.apple.IOAccelMemoryInfo (1.0 - 1) <5B7B2120-3E80-3187-8C92-2B68C2C60CBC> /System/Library/PrivateFrameworks/IOAccelMemoryInfo.framework/Versions/A/IOAccelMemoryInfo
       0x1bf1e0000 -        0x1bf1e91f7  libswiftCoreMIDI.dylib (6) <D7AC1755-2FFB-3301-9B7B-84F58EDE35DB> /usr/lib/swift/libswiftCoreMIDI.dylib
       0x1bf997000 -        0x1bf99dc9f  com.apple.MSUDataAccessor (1.0 - 1) <F5D53986-F5D5-37CD-B036-FBAC893F7DB6> /System/Library/PrivateFrameworks/MSUDataAccessor.framework/Versions/A/MSUDataAccessor
       0x1bfda0000 -        0x1bfe011df  com.apple.SoftwareUpdateCoreSupport (1.0 - 1) <63AC95BD-9446-31BA-9DF2-44B0E4FCA200> /System/Library/PrivateFrameworks/SoftwareUpdateCoreSupport.framework/Versions/A/SoftwareUpdateCoreSupport
       0x1c389c000 -        0x1c38f2cff  com.apple.biome.BiomeFoundation (1.0 - 200.6) <713156C1-0B57-3241-95EB-F78A7A7F6C5E> /System/Library/PrivateFrameworks/BiomeFoundation.framework/Versions/A/BiomeFoundation
       0x1c66b1000 -        0x1c66bd49a  libswiftMetal.dylib (371.5) <E81FF6C4-7BA2-32A8-B7EE-5C34A4393939> /usr/lib/swift/libswiftMetal.dylib
       0x1c66be000 -        0x1c66c4d5f  libswiftCompression.dylib (8) <1B2FA4F2-D8D3-300E-A5AA-029CC18F1764> /usr/lib/swift/libswiftCompression.dylib
       0x1c759d000 -        0x1c76491df  libFDR.dylib (1499.80.8) <46532F9A-DBF7-39C8-9F1B-E9C781923009> /usr/lib/libFDR.dylib
       0x1c76d1000 -        0x1c7c84c1f  com.apple.biome.BiomeStreams (1.0 - 200.6) <7082DF7D-F028-383A-8AEE-76EF17830EA5> /System/Library/PrivateFrameworks/BiomeStreams.framework/Versions/A/BiomeStreams
       0x1c8155000 -        0x1c8169b7f  com.apple.SoftwareUpdateCoreConnect (1.0 - 1) <DF76C5F0-96BA-36EB-A189-3F26D113072D> /System/Library/PrivateFrameworks/SoftwareUpdateCoreConnect.framework/Versions/A/SoftwareUpdateCoreConnect
       0x1ca626000 -        0x1ca690ebf  com.apple.osanalytics.OSAnalytics (1.0 - 1) <197141D3-6E12-3BF3-A266-6AA9D8296810> /System/Library/PrivateFrameworks/OSAnalytics.framework/Versions/A/OSAnalytics
       0x1cb9ca000 -        0x1cb9cbf73  libswiftQuartzCore.dylib (5) <27F395B3-E527-3C6E-94F8-5993A92E4FA8> /usr/lib/swift/libswiftQuartzCore.dylib
       0x1cbdc0000 -        0x1cbdc59a7  com.apple.kperf (1.0 - 1) <FCF94F65-C917-3393-AD61-296F785F29AD> /System/Library/PrivateFrameworks/kperf.framework/Versions/A/kperf
       0x1cbec7000 -        0x1cbecc45f  com.apple.MobileSystemServices (1.0 - 1) <276A340E-9F3C-3253-9DE8-EDFCB9EA9D42> /System/Library/PrivateFrameworks/MobileSystemServices.framework/Versions/A/MobileSystemServices
       0x1cd3b3000 -        0x1cd3d55ff  libamsupport.dylib (434.40.3) <6FDEB6DA-32AA-3F83-805C-CE920057BF63> /usr/lib/libamsupport.dylib
       0x1cd792000 -        0x1cd7efe3f  com.apple.biome.BiomePubSub (1.0 - 200.6) <80452CAD-7E3A-3AE8-985C-DD2ED185BE66> /System/Library/PrivateFrameworks/BiomePubSub.framework/Versions/A/BiomePubSub
       0x1cd7f0000 -        0x1cd83363f  com.apple.biome.BiomeStorage (1.0 - 200.6) <121DE42E-EADA-393B-B2CC-237B33243A6B> /System/Library/PrivateFrameworks/BiomeStorage.framework/Versions/A/BiomeStorage
       0x1d0238000 -        0x1d024656c  libswiftUniformTypeIdentifiers.dylib (877.3.5) <A399C880-3891-3519-9A53-864989F91725> /usr/lib/swift/libswiftUniformTypeIdentifiers.dylib
       0x1d0247000 -        0x1d030672b  libswiftAccelerate.dylib (77) <657650AF-BAA7-3150-88D5-F61A6CF01343> /usr/lib/swift/libswiftAccelerate.dylib
       0x1d0447000 -        0x1d04580df  libpartition2_dynamic.dylib (3476.80.22) <2ADCDFB3-E656-3A44-A0E2-A079529F1D32> /usr/lib/libpartition2_dynamic.dylib
       0x1d099a000 -        0x1d09a521f  com.apple.AFKUser (1.0 - 1) <6389217F-A473-3E6F-AFE5-19FA620A13C7> /System/Library/PrivateFrameworks/AFKUser.framework/Versions/A/AFKUser
       0x1d428f000 -        0x1d42eec6a  libswiftCoreMedia.dylib (3300.7.1.5.1) <C34B4F94-C852-30E5-BEBA-0A6113E87408> /usr/lib/swift/libswiftCoreMedia.dylib
       0x1d5a36000 -        0x1d5a37aab  libswiftOSLog.dylib (10) <A041250D-A03A-3C9C-92D1-E2AD9106B4A2> /usr/lib/swift/libswiftOSLog.dylib
       0x1d9a91000 -        0x1d9b939ff  com.apple.Symbolication (16.0 - 64573.4.1) <AC9A66D0-E4EA-3EDB-BA81-2AC7A2921B9E> /System/Library/PrivateFrameworks/Symbolication.framework/Versions/A/Symbolication
       0x1ddfbf000 -        0x1ddfcf4bf  com.apple.OSLog (1.0 - 1815.80.2) <56A5141A-6825-3E28-95E9-6E64CDFBCD3B> /System/Library/Frameworks/OSLog.framework/Versions/A/OSLog
       0x1de2c2000 -        0x1de3c5e14  com.apple.InternalSwiftProtobuf (1.0 - 1.26.0) <34F52035-0665-3F6E-BAD2-C818C0DBE02B> /System/Library/PrivateFrameworks/InternalSwiftProtobuf.framework/Versions/A/InternalSwiftProtobuf
       0x1de48a000 -        0x1de4952ff  com.apple.HIDDisplay (1.0 - 1) <924A2F01-F833-3909-AA54-6FF65E96DB4D> /System/Library/PrivateFrameworks/HIDDisplay.framework/Versions/A/HIDDisplay
       0x1e6162000 -        0x1e6162b03  com.apple.FeatureFlags (1.0 - 101) <5F5F5289-C923-33F1-AF39-B84D4D2A0D9B> /System/Library/PrivateFrameworks/FeatureFlags.framework/Versions/A/FeatureFlags
       0x1ef2c5000 -        0x1ef2c765f  com.apple.ConfigProfileHelper (18.0 - 1800) <F2961F85-7FA7-358F-B9C4-66241B1067F7> /System/Library/PrivateFrameworks/ConfigProfileHelper.framework/Versions/A/ConfigProfileHelper
       0x23020a000 -        0x230211367  libCoreFSCache.dylib (351) <53B943E7-6BDA-3172-B99B-E18F0CF19D0E> /System/Library/Frameworks/OpenGL.framework/Versions/A/Libraries/libCoreFSCache.dylib
       0x230212000 -        0x23021794f  libCoreVMClient.dylib (351) <B318E19A-D202-3BBF-B188-4364E1D8D237> /System/Library/Frameworks/OpenGL.framework/Versions/A/Libraries/libCoreVMClient.dylib
       0x230218000 -        0x230228397  com.apple.opengl (23.0.2 - 23.0.2) <200FC998-40D9-3B8F-9FB3-0B46276595FB> /System/Library/Frameworks/OpenGL.framework/Versions/A/OpenGL
       0x230229000 -        0x23022b7af  libCVMSPluginSupport.dylib (23.0.2) <71A6AC3F-04DC-3162-A9AE-F23C96DFC12F> /System/Library/Frameworks/OpenGL.framework/Versions/A/Libraries/libCVMSPluginSupport.dylib
       0x23022c000 -        0x230234757  libGFXShared.dylib (23.0.2) <2C6E8FF8-7511-3A00-9E44-EB882DAD5BE5> /System/Library/Frameworks/OpenGL.framework/Versions/A/Libraries/libGFXShared.dylib
       0x230235000 -        0x2302683c3  libGLImage.dylib (23.0.2) <D4FE1910-DF80-353F-BC43-1DCB6B3FFF48> /System/Library/Frameworks/OpenGL.framework/Versions/A/Libraries/libGLImage.dylib
       0x230269000 -        0x2302a32ff  libGLU.dylib (23.0.2) <35E8E60E-D58E-3529-933E-BA58446471A1> /System/Library/Frameworks/OpenGL.framework/Versions/A/Libraries/libGLU.dylib
       0x2303f8000 -        0x230401bcf  libGL.dylib (23.0.2) <14960E1F-ACFB-34D5-BE67-3222082221F6> /System/Library/Frameworks/OpenGL.framework/Versions/A/Libraries/libGL.dylib
       0x2321b8000 -        0x2322edbff  com.apple.ExtensionFoundation (97 - 97) <45D3C2CD-887C-3A5B-8206-643158B51F13> /System/Library/Frameworks/ExtensionFoundation.framework/Versions/A/ExtensionFoundation
       0x233520000 -        0x23356276f  com.apple.LightweightCodeRequirements (1.0 - 1) <F10DCA1B-50A6-304F-9498-829308A80703> /System/Library/Frameworks/LightweightCodeRequirements.framework/Versions/A/LightweightCodeRequirements
       0x234382000 -        0x2343a017f  com.apple.MPSBenchmarkLoop (1.0 - 1) <02D1C58E-7546-3976-B0C0-8C923793DB82> /System/Library/Frameworks/MetalPerformanceShaders.framework/Versions/A/Frameworks/MPSBenchmarkLoop.framework/Versions/A/MPSBenchmarkLoop
       0x2343a1000 -        0x2343b515f  com.apple.MPSFunctions (1.0 - 1) <B0D335C1-68E0-3F10-A341-CEF08730D07A> /System/Library/Frameworks/MetalPerformanceShaders.framework/Versions/A/Frameworks/MPSFunctions.framework/Versions/A/MPSFunctions
       0x2343b6000 -        0x2343bab9f  com.apple.MPSHost (1.0 - 1) <61CC9FE9-C216-3880-A2D6-880FEE38A016> /System/Library/Frameworks/MetalPerformanceShaders.framework/Versions/A/Frameworks/MPSHost.framework/Versions/A/MPSHost
       0x23a6c0000 -        0x23a82d6a6  com.apple.SwiftData (1.0 - 133) <646A867A-2FCD-3CFE-A325-74BB26E7C67F> /System/Library/Frameworks/SwiftData.framework/Versions/A/SwiftData
       0x240ad4000 -        0x240ae8a5f  com.apple.AppleDeviceQuerySupport (1.0 - 396.80.5) <A9B64CDD-8CA1-33CD-A1F1-913E678FC1C4> /System/Library/PrivateFrameworks/AppleDeviceQuerySupport.framework/Versions/A/AppleDeviceQuerySupport
       0x2411ab000 -        0x241222d7f  com.apple.AppleKeyStore (1.0 - 1.0) <68DB8815-1B01-39DD-9E59-71504C8C6AF9> /System/Library/PrivateFrameworks/AppleKeyStore.framework/Versions/A/AppleKeyStore
       0x241aa2000 -        0x241abaf9f  com.apple.private.AppleMobileFileIntegrity-fmk (1.0 - 1) <83864800-32DC-357E-8706-6130F7DE9BA2> /System/Library/PrivateFrameworks/AppleMobileFileIntegrity.framework/Versions/A/AppleMobileFileIntegrity
       0x241f9d000 -        0x241faf95f  com.apple.AtomicsInternal (1.1.0 - 112) <A2BC743C-1068-3466-816A-CDD1FCCE2079> /System/Library/PrivateFrameworks/AtomicsInternal.framework/Versions/A/AtomicsInternal
       0x24205d000 -        0x2420894df  com.apple.imgaudio.AudioAnalytics (1.0 - 1) <4E90474D-2D10-3331-89C2-BD007CE76462> /System/Library/PrivateFrameworks/AudioAnalytics.framework/Versions/A/AudioAnalytics
       0x242649000 -        0x24269107f  com.apple.BackBoardHIDEventFoundation (1.0 - 1) <0D50AF87-F942-38FE-BB99-5C746A179239> /System/Library/PrivateFrameworks/BackBoardHIDEventFoundation.framework/Versions/A/BackBoardHIDEventFoundation
       0x242716000 -        0x24272fd1f  com.apple.biome.BiomeDSL (1.0 - 200.6) <9E11C390-C8F0-3DF7-BC46-6168209C74E3> /System/Library/PrivateFrameworks/BiomeDSL.framework/Versions/A/BiomeDSL
       0x242730000 -        0x242f77b7f  com.apple.BiomeLibrary (246.32) <DF416BD3-77A9-3134-87B6-D1F5B8C8F377> /System/Library/PrivateFrameworks/BiomeLibrary.framework/Versions/A/BiomeLibrary
       0x242f78000 -        0x242f7db1f  com.apple.biome.BiomeSync (1.0 - 200.6) <A5DA86A9-02A2-3464-BF87-1B1BC5436DD6> /System/Library/PrivateFrameworks/BiomeSync.framework/Versions/A/BiomeSync
       0x244589000 -        0x24460d47f  com.apple.biome.CascadeSets (1.0 - 200.6) <48B948F4-D6FE-32D4-9715-7442F098E1C9> /System/Library/PrivateFrameworks/CascadeSets.framework/Versions/A/CascadeSets
       0x24594a000 -        0x245a86b9f  com.apple.CollectionsInternal (1.2.0 - 112) <BB509319-66C5-3E9A-8055-3985A745E74D> /System/Library/PrivateFrameworks/CollectionsInternal.framework/Versions/A/CollectionsInternal
       0x24bedd000 -        0x24bef22df  com.apple.DeviceRecovery (1.0 - 1) <C1AC367C-FEA1-3AB2-A3C5-B9CD5BCCB882> /System/Library/PrivateFrameworks/DeviceRecovery.framework/Versions/A/DeviceRecovery
       0x24dff0000 -        0x24dff32ff  com.apple.FontServices (1.0 - 1) <20DF125E-B14E-3CD9-85A7-2A247DFCA37E> /System/Library/PrivateFrameworks/FontServices.framework/Versions/A/FontServices
       0x24dff4000 -        0x24e0e3dff  libXTFontStaticRegistryData.dylib (335.3.0.1) <65512F61-6F82-3210-ACF2-2400FA078DE9> /System/Library/PrivateFrameworks/FontServices.framework/libXTFontStaticRegistryData.dylib
       0x24e0e5000 -        0x24e0f113f  com.apple.FramePacing (1.0 - 1) <B4D9E492-938B-38B2-BD07-81E5D50CE3FC> /System/Library/PrivateFrameworks/FramePacing.framework/Versions/A/FramePacing
       0x24f226000 -        0x24f22bf8f  libGPUCompilerUtils.dylib (32023.864) <091B86A2-9012-3E63-947A-3288F3FEEE9C> /System/Library/PrivateFrameworks/GPUCompiler.framework/Versions/32023/Libraries/libGPUCompilerUtils.dylib
       0x2537d9000 -        0x253819c6b  libllvm-flatbuffers.dylib (32023.864) <C72364A7-F7BF-3DCF-85B5-CD80A5328082> /System/Library/PrivateFrameworks/GPUCompiler.framework/Versions/32023/Libraries/libllvm-flatbuffers.dylib
       0x25a91a000 -        0x25aa1401f  com.apple.InstalledContentLibrary (1.0 - 1.0) <93078811-3A2B-3026-AD78-DB392877C3B3> /System/Library/PrivateFrameworks/InstalledContentLibrary.framework/Versions/A/InstalledContentLibrary
       0x25cffb000 -        0x25d68a57f  com.apple.IntelligencePlatformLibrary (246.32) <E59C7007-71F8-3E92-B501-2869D8ADD92A> /System/Library/PrivateFrameworks/IntelligencePlatformLibrary.framework/Versions/A/IntelligencePlatformLibrary
       0x25f122000 -        0x25f7ec783  com.apple.MIL (3510.2 - 3510.2.1) <82B4A9C6-FBC0-39F0-A80A-8D3C852F75FE> /System/Library/PrivateFrameworks/MIL.framework/Versions/A/MIL
       0x26299b000 -        0x2629f0abf  com.apple.MessageSecurity (1.0 - 195.80.13) <52BC59EA-91F0-3F96-8532-111ABB30B2D0> /System/Library/PrivateFrameworks/MessageSecurity.framework/Versions/A/MessageSecurity
       0x267858000 -        0x267971227  com.apple.ParsingInternal (0.0.1 - 112) <75C94AB2-C1A1-3640-A6C6-F37825F8D94D> /System/Library/PrivateFrameworks/ParsingInternal.framework/Versions/A/ParsingInternal
       0x26aa20000 -        0x26aa4055f  com.apple.accessibility.PhotosensitivityProcessing (1.0 - 1) <ED0A0B95-C0C0-3C80-A789-AD2C33E53E38> /System/Library/PrivateFrameworks/PhotosensitivityProcessing.framework/Versions/A/PhotosensitivityProcessing
       0x26ae03000 -        0x26ae33e1f  com.apple.PoirotSQLite (1.0 - 1) <527B667D-4BD8-3892-9C8B-46CC76255479> /System/Library/PrivateFrameworks/PoirotSQLite.framework/Versions/A/PoirotSQLite
       0x26ae34000 -        0x26ae9dd01  com.apple.PoirotSchematizer (1.0 - 1) <242B9C9B-A35D-3F88-B904-8A14946C4E6F> /System/Library/PrivateFrameworks/PoirotSchematizer.framework/Versions/A/PoirotSchematizer
       0x26ae9e000 -        0x26aeca120  com.apple.PoirotUDFs (1.0 - 1) <B4EF3FA0-5438-3B43-A150-B00620E06AC7> /System/Library/PrivateFrameworks/PoirotUDFs.framework/Versions/A/PoirotUDFs
       0x26bb35000 -        0x26bc7a9bf  com.apple.ProDisplayLibrary (10.4.27 - 10.4.27) <ADA26C22-CAA5-3775-845E-8E4801A59D12> /System/Library/PrivateFrameworks/ProDisplayLibrary.framework/Versions/A/ProDisplayLibrary
       0x26cac9000 -        0x26cad150f  com.apple.ReflectionInternal (1.0.0 - 112) <0994D500-6C5E-3043-BEF9-62112BC8E9FA> /System/Library/PrivateFrameworks/ReflectionInternal.framework/Versions/A/ReflectionInternal
       0x26d955000 -        0x26d968c77  com.apple.RuntimeInternal (1.0.0 - 112) <499C3BA4-61D1-385D-ACCE-55CE192DA093> /System/Library/PrivateFrameworks/RuntimeInternal.framework/Versions/A/RuntimeInternal
       0x26db8e000 -        0x26dbf897f  com.apple.SILManager (53.15 - 53.15) <826C163D-5FBC-3EF6-8246-D8AA4DE83F33> /System/Library/PrivateFrameworks/SILManager.framework/Versions/A/SILManager
       0x278401000 -        0x27842dd87  com.apple.security.SwiftASN1Internal (1.0 - 1) <0E6E79DC-D0A7-32D1-BC70-6ADA8509EC6D> /System/Library/PrivateFrameworks/SwiftASN1Internal.framework/Versions/A/SwiftASN1Internal
       0x27b9dc000 -        0x27ba113bf  com.apple.tightbeam (1.0 - 483.60.5) <898213AF-E560-3564-8177-E41E57BF7AD0> /System/Library/PrivateFrameworks/Tightbeam.framework/Versions/A/Tightbeam
       0x27fbfb000 -        0x27fbfc257  com.apple.VideoToolboxParavirtualizationSupport (63.4.3 - 63.4.3) <9F8B337B-B84D-3B6D-A5E7-57B632725768> /System/Library/PrivateFrameworks/VideoToolboxParavirtualizationSupport.framework/Versions/A/VideoToolboxParavirtualizationSupport
       0x289c15000 -        0x289caf06f  libAppleArchive.dylib (443.0.1) <2AE223D5-2CCB-3F4D-AC4C-CDAEC45C56C0> /usr/lib/libAppleArchive.dylib
       0x289d74000 -        0x289d7e0df  libCoreEntitlements.dylib (80.0.1) <AC5E67FC-A07B-3C78-8D0C-BC9F01CA59A0> /usr/lib/libCoreEntitlements.dylib
       0x28a089000 -        0x28a09089f  libReverseProxyDevice.dylib (104.40.3) <78AB176E-149F-3895-8C85-6FB80F8AD1A5> /usr/lib/libReverseProxyDevice.dylib
       0x28a091000 -        0x28a098319  libRosetta.dylib (367.3) <5315C55D-09E5-394B-A9E5-672B23847BF7> /usr/lib/libRosetta.dylib
       0x28a116000 -        0x28a11f45f  libTLE.dylib (80.0.1) <24503359-C4C3-31C4-B875-7FF5B265D45F> /usr/lib/libTLE.dylib
       0x28a34f000 -        0x28a45f6e7  libcrypto.46.dylib (109) <B45F9D52-2FC2-3A8B-AAE8-F01C8A6A2AC3> /usr/lib/libcrypto.46.dylib
       0x28a599000 -        0x28a5b4497  libhvf.dylib (9) <A4449D9B-9541-3D75-9719-2F1584ED9DE7> /usr/lib/libhvf.dylib
       0x28af6f000 -        0x28afa729f  libssl.48.dylib (109) <4EE2560A-CEAB-3A03-9ABC-F01830B3757D> /usr/lib/libssl.48.dylib
       0x28afe2000 -        0x28b00d2ff  libswiftPrespecialized.dylib (0) <E2989747-CF1D-34D5-B527-C2CE0F05241F> /usr/lib/libswiftPrespecialized.dylib
       0x28b2a9000 -        0x28b2bb4ef  libswiftDistributed.dylib (6.2.4 - 6.2.4.1.4) <CDF06E7B-4428-392C-83E3-D30169FEF489> /usr/lib/swift/libswiftDistributed.dylib
       0x28b2d2000 -        0x28b2e3097  libswiftObservation.dylib (6.2.4 - 6.2.4.1.4) <02960C1F-8598-38EA-A669-1908D80A4814> /usr/lib/swift/libswiftObservation.dylib
       0x28b411000 -        0x28b41882f  libswiftSynchronization.dylib (6.2.4 - 6.2.4.1.4) <F39C66C7-F334-370C-BE5B-5376D3CF61AA> /usr/lib/swift/libswiftSynchronization.dylib
       0x28b419000 -        0x28b431f67  libswiftSystem.dylib (72.2) <E6B54113-12C7-3250-A299-C29A601F7C67> /usr/lib/swift/libswiftSystem.dylib
       0x28b433000 -        0x28b449a21  libswiftVideoToolbox.dylib (3300.7.1.5.1) <A410B093-AEAB-3A80-8C27-AA420B01628A> /usr/lib/swift/libswiftVideoToolbox.dylib
       0x28b44b000 -        0x28b44d517  libswift_Builtin_float.dylib (6.2.4 - 6.2.4.1.4) <A57D5CE9-7BEF-3715-8DA8-67B9C1C3797D> /usr/lib/swift/libswift_Builtin_float.dylib
       0x28b44e000 -        0x28b4d771f  libswift_Concurrency.dylib (6.2.4 - 6.2.4.1.4) <9910770A-7FB2-36CC-8370-971A86578FD7> /usr/lib/swift/libswift_Concurrency.dylib
       0x28b4d8000 -        0x28b4db623  libswift_DarwinFoundation1.dylib (347.40.2) <75F15389-99C8-3500-BCAD-7C1115346F89> /usr/lib/swift/libswift_DarwinFoundation1.dylib
       0x28b4dc000 -        0x28b4dce1b  libswift_DarwinFoundation2.dylib (347.40.2) <DB1180C0-FBA6-34DF-92F7-D47882293C4F> /usr/lib/swift/libswift_DarwinFoundation2.dylib
       0x28b4dd000 -        0x28b4dd7a7  libswift_DarwinFoundation3.dylib (347.40.2) <572CF0F8-D9D3-30B5-914B-66459028E86D> /usr/lib/swift/libswift_DarwinFoundation3.dylib
       0x28b519000 -        0x28b5b8e07  libswift_RegexParser.dylib (6.2.4 - 6.2.4.1.4) <54D9763D-C016-3166-84EE-5A8453840BE7> /usr/lib/swift/libswift_RegexParser.dylib
       0x28b5b9000 -        0x28b645ef7  libswift_StringProcessing.dylib (6.2.4 - 6.2.4.1.4) <9EE92499-A59D-3C6D-8755-5AEE651DC7DC> /usr/lib/swift/libswift_StringProcessing.dylib
       0x28b7a1000 -        0x28b7a4deb  libsystem_darwindirectory.dylib (122) <9AD833C7-D009-39FF-8D04-D57C937D9EAC> /usr/lib/system/libsystem_darwindirectory.dylib
       0x28b7a5000 -        0x28b7ae34b  libsystem_eligibility.dylib (289.80.56) <0E973CB5-A124-3716-9841-1EA67809AF06> /usr/lib/system/libsystem_eligibility.dylib
       0x28b7af000 -        0x28b7b6873  libsystem_sanitizers.dylib (25) <90C45178-3954-3108-9F2F-44E528DF5E44> /usr/lib/system/libsystem_sanitizers.dylib
       0x28b7b7000 -        0x28b7b7bb7  libsystem_trial.dylib (474.2.0.5.2) <E776BAEB-B36B-3EA2-BEFE-3E2F7999E235> /usr/lib/system/libsystem_trial.dylib

==== SAMPLE pid 15662 ====
Sampling process 15662 for 2 seconds with 1 millisecond of run time between samples
Sampling completed, processing symbols...
Sample analysis of process 15662 written to file /tmp/ddjit-fix_2026-07-08_165129_4gOt.sample.txt

Analysis of sampling ddjit-fix (pid 15662) every 1 millisecond
Process:         ddjit-fix [15662]
Path:            /Users/USER/*/ddjit-fix
Load Address:    0x104158000
Identifier:      ddjit-fix
Version:         0
Code Type:       ARM64
Platform:        macOS
Parent Process:  ddjit-fix [15659]
Target Type:     live task

Date/Time:       2026-07-08 16:51:29.272 -0700
Launch Time:     2026-07-08 16:50:55.434 -0700
OS Version:      macOS 26.3.1 (25D2128)
Report Version:  7
Analysis Tool:   /usr/bin/sample

Physical footprint:         47.4M
Physical footprint (peak):  47.4M
Idle exit:                  untracked
----

Call graph:
    1715 Thread_51022387   DispatchQueue_1: com.apple.main-thread  (serial)
      1715 start  (in dyld) + 7184  [0x18bc7dd54]
        1715 dd_run  (in ddjit-fix) + 780  [0x104159d50]
          1715 run_loaded  (in ddjit-fix) + 964  [0x10415dacc]
            1715 run_guest  (in ddjit-fix) + 4112  [0x104163b78]
              1715 service_local  (in ddjit-fix) + 9276  [0x104172a44]
                1715 svc_rare  (in ddjit-fix) + 2344  [0x1041886e4]
                  1715 fd_reset_emul  (in ddjit-fix) + 44  [0x10418d5a8]
                    1715 _sigtramp  (in libsystem_platform.dylib) + 56  [0x18c051764]
                      1715 nonpie_guard  (in ddjit-fix) + 492  [0x104158e28]
                        1715 _sigtramp  (in libsystem_platform.dylib) + 56  [0x18c051764]
                          1715 nonpie_guard  (in ddjit-fix) + 516  [0x104158e40]

Total number in stack (recursive counted multiple, when >=5):

Sort by top of stack, same collapsed (when >= 5):
        nonpie_guard  (in ddjit-fix)        1715

Binary Images:
       0x104158000 -        0x1041bafc7 +ddjit-fix (0) <C8805963-9142-3BB7-8287-2DEB088B5067> /Users/*/ddjit-fix
       0x18bbf0000 -        0x18bc434bb  libobjc.A.dylib (951.1) <9E66CFF2-3EBD-3242-8166-D5D0C204755B> /usr/lib/libobjc.A.dylib
       0x18bc44000 -        0x18bc74bcb  libdyld.dylib (1340) <D0CBB392-9301-3174-8904-D869F1D973CF> /usr/lib/system/libdyld.dylib
       0x18bc75000 -        0x18bd14713  dyld (1.0.0 - 1340) <044CD67E-3A0A-3CA4-8BB3-A9687D5328FE> /usr/lib/dyld
       0x18bd15000 -        0x18bd181d0  libsystem_blocks.dylib (96) <F1D9FC62-B5CE-3FB6-B264-B1933396C05F> /usr/lib/system/libsystem_blocks.dylib
       0x18bd19000 -        0x18bd6e07f  libxpc.dylib (3089.80.10) <3B264F68-2825-3790-8796-4B49581D6425> /usr/lib/system/libxpc.dylib
       0x18bd6f000 -        0x18bd8f95f  libsystem_trace.dylib (1815.80.2) <2CE5667A-97C5-35F3-8124-BB48185D0D3D> /usr/lib/system/libsystem_trace.dylib
       0x18bd90000 -        0x18be3cccf  libcorecrypto.dylib (1922.80.7) <A6FB5220-05F1-36A3-93CA-E45F15C98D3A> /usr/lib/system/libcorecrypto.dylib
       0x18be3d000 -        0x18be88c67  libsystem_malloc.dylib (792.80.2) <102061AD-AC62-30E9-A960-0CC2E38A2D5D> /usr/lib/system/libsystem_malloc.dylib
       0x18be89000 -        0x18becfe5f  libdispatch.dylib (1542.0.4) <4C58AB31-F363-3E75-A8F8-302105812DBF> /usr/lib/system/libdispatch.dylib
       0x18bed0000 -        0x18bed2feb  libsystem_featureflags.dylib (101) <36BE75BA-0B53-3ACA-ABAF-C639D711C90B> /usr/lib/system/libsystem_featureflags.dylib
       0x18bed3000 -        0x18bf55047  libsystem_c.dylib (1725.40.4) <EB569350-0696-3397-838E-0344948107C0> /usr/lib/system/libsystem_c.dylib
       0x18bf56000 -        0x18bfe8ea3  libc++.1.dylib (2000.67) <652836CA-32B1-3388-A72A-D6B90DDDA958> /usr/lib/libc++.1.dylib
       0x18bfe9000 -        0x18c00392f  libc++abi.dylib (2000.67) <580BCE60-F6A6-3764-BFE9-57A0DB800C54> /usr/lib/libc++abi.dylib
       0x18c004000 -        0x18c04049f  libsystem_kernel.dylib (12377.91.3) <78EC33A6-6330-3836-8900-EB90836936E8> /usr/lib/system/libsystem_kernel.dylib
       0x18c041000 -        0x18c04dacb  libsystem_pthread.dylib (539.80.3) <0596A7B6-BCE2-3F06-A2E8-3EAAB5371ED8> /usr/lib/system/libsystem_pthread.dylib
       0x18c04e000 -        0x18c0564af  libsystem_platform.dylib (359.80.2) <62C9CD37-272D-3D2D-9A1C-6F4EF24F7EC7> /usr/lib/system/libsystem_platform.dylib
       0x18c057000 -        0x18c086e23  libsystem_info.dylib (600) <05CCB208-0B54-38D8-B736-6C7043F446AA> /usr/lib/system/libsystem_info.dylib
       0x18c087000 -        0x18c5d02bf  com.apple.CoreFoundation (6.9 - 4302) <646518BB-A6E8-3DA7-AB32-9D97BCBDC25D> /System/Library/Frameworks/CoreFoundation.framework/Versions/A/CoreFoundation
       0x18c5d1000 -        0x18c8ec7bf  com.apple.LaunchServices (1141.1 - 1141.1) <F97A8838-1235-37F9-984E-5685FBBFB23B> /System/Library/Frameworks/CoreServices.framework/Versions/A/Frameworks/LaunchServices.framework/Versions/A/LaunchServices
       0x18c8ed000 -        0x18cad0d3f  com.apple.gpusw.MetalTools (1.0 - 1) <15A3C78C-DDC1-3B6B-82C6-A2066EEEBEDD> /System/Library/PrivateFrameworks/MetalTools.framework/Versions/A/MetalTools
       0x18cad1000 -        0x18d2b013f  libBLAS.dylib (1545.81.3) <564BF0A2-5703-303C-8C04-C7192B02F86D> /System/Library/Frameworks/Accelerate.framework/Versions/A/Frameworks/vecLib.framework/Versions/A/libBLAS.dylib
       0x18d2b1000 -        0x18d3c5adf  com.apple.Lexicon-framework (1.0 - 195.1.5) <6FAB22BC-822D-3CFC-88FA-6AB1FDA096E4> /System/Library/PrivateFrameworks/Lexicon.framework/Versions/A/Lexicon
       0x18d3c6000 -        0x18d538237  libSparse.dylib (184.80.2) <540DC1AE-7285-3272-9F22-7095E8ED1899> /System/Library/Frameworks/Accelerate.framework/Versions/A/Frameworks/vecLib.framework/Versions/A/libSparse.dylib
       0x18d539000 -        0x18d5cc6fb  com.apple.SystemConfiguration (1.21 - 1.21) <03D1F2EA-F649-3B3B-8BA0-69FFFE117405> /System/Library/Frameworks/SystemConfiguration.framework/Versions/A/SystemConfiguration
       0x18d5cd000 -        0x18d601fbb  libCRFSuite.dylib (55) <B9E5C113-D809-3E9B-ADED-BF338771D129> /usr/lib/libCRFSuite.dylib
       0x18d8da000 -        0x18e87dc1f  com.apple.Foundation (6.9 - 4302) <187E7913-B154-30A7-8070-852767AAC3CF> /System/Library/Frameworks/Foundation.framework/Versions/C/Foundation
       0x18ea3c000 -        0x18eb5fedf  com.apple.CoreDisplay (291.3 - 291.3) <545E233D-9D22-3997-9564-BC3E5A03E764> /System/Library/Frameworks/CoreDisplay.framework/Versions/A/CoreDisplay
       0x18eb60000 -        0x18ef2a4ff  com.apple.audio.AudioToolboxCore (1.0 - 1556.418.1) <2D1BAF76-D7C0-3E10-98B9-021ECBF3339C> /System/Library/PrivateFrameworks/AudioToolboxCore.framework/Versions/A/AudioToolboxCore
       0x18ef2b000 -        0x18f1578bf  com.apple.CoreText (877.3.0.1 - 877.3.0.1) <EB907A00-507D-36E0-A2D0-625D2B830957> /System/Library/Frameworks/CoreText.framework/Versions/A/CoreText
       0x18f158000 -        0x18f90939f  com.apple.audio.CoreAudio (5.0 - 5.0) <16B7552A-EAD3-374C-A642-5A11A7523189> /System/Library/Frameworks/CoreAudio.framework/Versions/A/CoreAudio
       0x18f90a000 -        0x18fd2e83f  com.apple.security (7.0 - 61901.80.25) <F2DC6225-1517-3285-8262-CF24DDE3678E> /System/Library/Frameworks/Security.framework/Versions/A/Security
       0x18fd2f000 -        0x19000056b  libicucore.A.dylib (76142.3.1.1) <255E234A-2B69-30EF-954B-2FF5A99A285E> /usr/lib/libicucore.A.dylib
       0x190001000 -        0x19000b397  libsystem_darwin.dylib (1725.40.4) <EAC9A3D8-2048-3E6A-BA11-77D1C25C0EF3> /usr/lib/system/libsystem_darwin.dylib
       0x19000c000 -        0x19030539f  com.apple.CoreServices.CarbonCore (1333 - 1333) <F5924C0D-5C7C-3587-9A43-C7048C2865AC> /System/Library/Frameworks/CoreServices.framework/Versions/A/Frameworks/CarbonCore.framework/Versions/A/CarbonCore
       0x190306000 -        0x1903464cb  com.apple.CoreServicesInternal (505 - 505) <BBD8DD43-3E71-3344-99FF-D3C698DD0305> /System/Library/PrivateFrameworks/CoreServicesInternal.framework/Versions/A/CoreServicesInternal
       0x190347000 -        0x190386bbf  com.apple.CSStore (1141.1 - 1141.1) <31ABD7AC-0E11-3DC4-B501-B064A1249992> /System/Library/PrivateFrameworks/CoreServicesStore.framework/Versions/A/CoreServicesStore
       0x190387000 -        0x19047163f  com.apple.framework.IOKit (2.0.2 - 100222.80.4) <D3872802-A97B-3B16-B110-3828CD151702> /System/Library/Frameworks/IOKit.framework/Versions/A/IOKit
       0x190472000 -        0x190483ff3  libsystem_notify.dylib (344.0.1) <73D7BFA7-9433-3ECD-929F-06220C37F214> /usr/lib/system/libsystem_notify.dylib
       0x191dc8000 -        0x191dde1df  com.apple.UniformTypeIdentifiers (709 - 709) <EC5271F7-8C18-347C-9DAA-8590E068E8FF> /System/Library/Frameworks/UniformTypeIdentifiers.framework/Versions/A/UniformTypeIdentifiers
       0x1922bd000 -        0x192391e5f  libboringssl.dylib (532.80.2) <BD4F0F25-2ABF-38B1-A9C6-2C7DB0BFB44B> /usr/lib/libboringssl.dylib
       0x192392000 -        0x19274da3f  com.apple.CFNetwork (1.0 - 3860.400.51) <708EB37B-5A66-3845-8BC8-29F429A3BC4E> /System/Library/Frameworks/CFNetwork.framework/Versions/A/CFNetwork
       0x19274e000 -        0x192768fdb  libsystem_networkextension.dylib (2205.81.1) <645A9697-79B5-3E35-A642-5FFDD53CB6A7> /usr/lib/system/libsystem_networkextension.dylib
       0x192769000 -        0x19276a067  libenergytrace.dylib (23) <6983B383-07F2-39CE-A1B3-BCB8B2AEF1B4> /usr/lib/libenergytrace.dylib
       0x19276b000 -        0x1927eb87f  libMobileGestalt.dylib (1462.80.9) <F0CE855D-F582-396D-843F-956572409B32> /usr/lib/libMobileGestalt.dylib
       0x1927ec000 -        0x192803ff3  libsystem_asl.dylib (406) <2A30FE38-5014-334B-941B-579054EA8C1E> /usr/lib/system/libsystem_asl.dylib
       0x192804000 -        0x192828c77  com.apple.TCC (1.0 - 1) <2BE6A2E2-A205-35D1-A802-FFAA38E1A91A> /System/Library/PrivateFrameworks/TCC.framework/Versions/A/TCC
       0x192829000 -        0x192defeff  com.apple.SkyLight (1.600.0 - 920.9.17) <0FDB8257-4BAD-3259-B1D8-0EF23EC53232> /System/Library/PrivateFrameworks/SkyLight.framework/Versions/A/SkyLight
       0x192df0000 -        0x193549f5f  com.apple.CoreGraphics (2.0 - 1965.3.5) <B8CC9D87-245A-3618-B5BC-510DB3AB3D7D> /System/Library/Frameworks/CoreGraphics.framework/Versions/A/CoreGraphics
       0x19354a000 -        0x1936f524b  com.apple.ColorSync (4.13.0 - 3813.3.3) <46D2669A-6F71-3861-B4F9-08C5BF79F880> /System/Library/Frameworks/ColorSync.framework/Versions/A/ColorSync
       0x193b54000 -        0x193f3eddf  com.apple.CoreData (120 - 1525) <2AEC49EA-6D54-31A7-A5CC-464FC045E850> /System/Library/Frameworks/CoreData.framework/Versions/A/CoreData
       0x193f3f000 -        0x193f5ac1f  com.apple.ProtocolBuffer (1 - 310.23.11.13.1) <900999B5-252D-3CC0-ABC3-BF6341749462> /System/Library/PrivateFrameworks/ProtocolBuffer.framework/Versions/A/ProtocolBuffer
       0x193f5b000 -        0x1941423f3  libsqlite3.dylib (381) <4B2A53D8-FDF5-3D5E-8FDE-3D87C905D5CB> /usr/lib/libsqlite3.dylib
       0x1941e4000 -        0x1942d4fbf  com.apple.BaseBoard (732.1.1 - 732.1.1) <B44000BE-3B72-32DD-9D19-F8EF38BC41BB> /System/Library/PrivateFrameworks/BaseBoard.framework/Versions/A/BaseBoard
       0x1942d5000 -        0x1943400df  com.apple.RunningBoardServices (1.0 - 1008.80.2) <5E2ACA43-C13C-38CC-BBCB-063FE8FBC21D> /System/Library/PrivateFrameworks/RunningBoardServices.framework/Versions/A/RunningBoardServices
       0x194341000 -        0x1943b55f7  com.apple.AE (944 - 944) <C2E75873-78F4-33BE-B63B-D211345BAC66> /System/Library/Frameworks/CoreServices.framework/Versions/A/Frameworks/AE.framework/Versions/A/AE
       0x1943b6000 -        0x1943c7507  libdns_services.dylib (2881.80.4.0.1) <27DAB64C-4397-3D9A-8C31-774B6B218868> /usr/lib/libdns_services.dylib
       0x1943c8000 -        0x1943d03b7  libsystem_symptoms.dylib (2158.80.11) <ED7EEE1F-0CA6-30CF-9A27-7440EE0661BC> /usr/lib/system/libsystem_symptoms.dylib
       0x1943d1000 -        0x1958a6f3f  com.apple.Network (1.0 - 5569.81.5) <CACE282D-F415-3C6F-89FC-1365CA16706C> /System/Library/Frameworks/Network.framework/Versions/A/Network
       0x1958a7000 -        0x1958d6d5f  com.apple.analyticsd (1.0 - 1) <5DC2D1D6-8EB5-36B9-981D-BAEA1E9476D9> /System/Library/PrivateFrameworks/CoreAnalytics.framework/Versions/A/CoreAnalytics
       0x1958d7000 -        0x1958d88d3  libDiagnosticMessagesClient.dylib (113) <DD4A6220-3407-350B-8D5F-FA1ADCB39952> /usr/lib/libDiagnosticMessagesClient.dylib
       0x1958d9000 -        0x19593ea7f  com.apple.spotlight.metadata.utilities (1.0 - 2400.22.400) <85E8979D-486F-3546-ACEC-06D355251996> /System/Library/PrivateFrameworks/MetadataUtilities.framework/Versions/A/MetadataUtilities
       0x19593f000 -        0x1959caa1f  com.apple.Metadata (26.3 - 2400.22.400) <2D1C8E95-68CA-3095-A49B-5C945F183DBF> /System/Library/Frameworks/CoreServices.framework/Versions/A/Frameworks/Metadata.framework/Versions/A/Metadata
       0x1959cb000 -        0x1959d421b  com.apple.DiskArbitration (2.7 - 2.7) <B701A629-BD07-3576-91A4-F8B1F722FD53> /System/Library/Frameworks/DiskArbitration.framework/Versions/A/DiskArbitration
       0x1959d5000 -        0x195e0b5f7  com.apple.vImage (8.1 - 632) <A50F1C82-677F-3E79-9B0B-43D39D30113C> /System/Library/Frameworks/Accelerate.framework/Versions/A/Frameworks/vImage.framework/Versions/A/vImage
       0x195e0c000 -        0x19622d37f  com.apple.QuartzCore (1194.10.15 - 1194.10.15) <69E28FBA-4743-3B08-A63F-620335513F7C> /System/Library/Frameworks/QuartzCore.framework/Versions/A/QuartzCore
       0x19622e000 -        0x19628003f  libFontRegistry.dylib (408.2.0.1) <686EE750-F52F-3D79-BF53-A5A47DFA0980> /System/Library/Frameworks/ApplicationServices.framework/Versions/A/Frameworks/ATS.framework/Versions/A/Resources/libFontRegistry.dylib
       0x19654d000 -        0x19655aaff  com.apple.OpenDirectory (26.3 - 646) <867BD0BC-3AAE-37D3-B9BC-8D9D26D1A693> /System/Library/Frameworks/OpenDirectory.framework/Versions/A/OpenDirectory
       0x19655b000 -        0x196579137  com.apple.CFOpenDirectory (26.3 - 646) <1D13D354-A6E4-3D09-8767-178BBCCE7160> /System/Library/Frameworks/OpenDirectory.framework/Versions/A/Frameworks/CFOpenDirectory.framework/Versions/A/CFOpenDirectory
       0x19657a000 -        0x19658792b  com.apple.CoreServices.FSEvents (1407.80.2 - 1407.80.2) <F8754C4B-98C2-3620-906B-867CF819D573> /System/Library/Frameworks/CoreServices.framework/Versions/A/Frameworks/FSEvents.framework/Versions/A/FSEvents
       0x196588000 -        0x1965b10ff  com.apple.coreservices.SharedFileList (225 - 225) <EAA673A4-01C4-3DD7-8902-88DBCA5ACC44> /System/Library/Frameworks/CoreServices.framework/Versions/A/Frameworks/SharedFileList.framework/Versions/A/SharedFileList
       0x1965b2000 -        0x1965b50af  libapp_launch_measurement.dylib (17) <E586AFBF-3D19-363E-844B-ADF95B70C5FE> /usr/lib/libapp_launch_measurement.dylib
       0x1965b6000 -        0x1965ff69f  com.apple.CoreAutoLayout (1.0 - 34) <6F184B7A-746A-36C0-B719-55D72DC851BB> /System/Library/PrivateFrameworks/CoreAutoLayout.framework/Versions/A/CoreAutoLayout
       0x196600000 -        0x1966e6a5b  libxml2.2.dylib (39.10) <9322DDA4-E883-3780-A6A7-BEE37F52CD1D> /usr/lib/libxml2.2.dylib
       0x1966e7000 -        0x19676b01f  com.apple.CoreVideo (1.8 - 726.2) <67098F59-D15B-3748-BCB9-C8041CE75424> /System/Library/Frameworks/CoreVideo.framework/Versions/A/CoreVideo
       0x19676c000 -        0x19676ef5f  com.apple.loginsupport (3.0 - 264.3.1) <71298A1B-E10D-30A6-B573-7C9BE5744467> /System/Library/PrivateFrameworks/login.framework/Versions/A/Frameworks/loginsupport.framework/Versions/A/loginsupport
       0x1967ad000 -        0x1967d94df  com.apple.UserManagement (1.0 - 1) <541127CD-DCC7-398E-9D5F-E60E970BB70D> /System/Library/PrivateFrameworks/UserManagement.framework/Versions/A/UserManagement
       0x198392000 -        0x1983ca2bb  libsystem_containermanager.dylib (725.80.5) <1DDF96F6-6A8A-33F5-8691-8D3356620687> /usr/lib/system/libsystem_containermanager.dylib
       0x1983cb000 -        0x1983e749f  com.apple.IOSurface (393.3.2 - 393.3.2) <ED424459-9711-3A8F-858E-142088C61B60> /System/Library/Frameworks/IOSurface.framework/Versions/A/IOSurface
       0x1983e8000 -        0x1983f201f  com.apple.IOAccelerator (487.0.2 - 487.0.2) <307B667F-29EB-3CD3-B7F8-13083B4DB1AB> /System/Library/PrivateFrameworks/IOAccelerator.framework/Versions/A/IOAccelerator
       0x1983f3000 -        0x1986d6b9f  com.apple.Metal (371.5 - 371.5) <295341EE-1E42-3550-BD7E-D6B108112BCD> /System/Library/Frameworks/Metal.framework/Versions/A/Metal
       0x1986d7000 -        0x1986ffd7f  com.apple.audio.caulk (1.0 - 214) <67D6BCC2-F024-388E-B546-B1C2FE6F0DDC> /System/Library/PrivateFrameworks/caulk.framework/Versions/A/caulk
       0x198700000 -        0x1988bcfbf  com.apple.CoreMedia (1.0 - 3300.7.1.5.1) <BC6763E1-95CE-3468-B7A4-529DFCFC75EA> /System/Library/Frameworks/CoreMedia.framework/Versions/A/CoreMedia
       0x1988bd000 -        0x198b8ea9f  libFontParser.dylib (435.2.0.1) <7172761E-55AC-34C9-880E-47EB02EE5AC5> /System/Library/PrivateFrameworks/FontServices.framework/libFontParser.dylib
       0x198eec000 -        0x19923ab1f  com.apple.ImageIO (3.3.0 - 2784.3.4) <AEAEEEC1-C9BB-3338-B807-BBBFA7270FA1> /System/Library/Frameworks/ImageIO.framework/Versions/A/ImageIO
       0x19923b000 -        0x1997329df  com.apple.CoreImage (19.0.0 - 1592.80.2) <15BD3884-9208-3178-ACC7-8015DBF81493> /System/Library/Frameworks/CoreImage.framework/Versions/A/CoreImage
       0x199733000 -        0x1997e759f  com.apple.MetalPerformanceShaders.MPSCore (1.0 - 1) <7946CBB0-6AC7-3748-BC29-AAB73F4BE22F> /System/Library/Frameworks/MetalPerformanceShaders.framework/Versions/A/Frameworks/MPSCore.framework/Versions/A/MPSCore
       0x1997e8000 -        0x1997ec66f  libsystem_configuration.dylib (1385.80.4) <E5837A49-4BF9-3D25-8671-A6174223010A> /usr/lib/system/libsystem_configuration.dylib
       0x1997ed000 -        0x1997f36a7  libsystem_sandbox.dylib (2680.80.20) <8875D51A-D22D-3A6B-9A17-8D565C96262C> /usr/lib/system/libsystem_sandbox.dylib
       0x1997f4000 -        0x1997f517f  com.apple.AggregateDictionary (1.0 - 1) <A3D1EC6F-A05D-3304-B76F-71D387D1211E> /System/Library/PrivateFrameworks/AggregateDictionary.framework/Versions/A/AggregateDictionary
       0x1997f6000 -        0x1997fa59f  com.apple.AppleSystemInfo (3.1.5 - 3.1.5) <7566E13C-3993-39D3-BE5B-1F199AE3B75E> /System/Library/PrivateFrameworks/AppleSystemInfo.framework/Versions/A/AppleSystemInfo
       0x1997fb000 -        0x1997fc44f  liblangid.dylib (140) <3FF4383E-F460-3EEE-BF4E-3CEC36E85223> /usr/lib/liblangid.dylib
       0x1997fd000 -        0x19991ec5f  com.apple.CoreNLP (1.0 - 313) <C0892436-8659-3777-B045-47008F325656> /System/Library/PrivateFrameworks/CoreNLP.framework/Versions/A/CoreNLP
       0x19991f000 -        0x1999259bf  com.apple.LinguisticData (1.0 - 483.10) <52B8AC2F-033F-38B8-A8CA-CC4EA962700B> /System/Library/PrivateFrameworks/LinguisticData.framework/Versions/A/LinguisticData
       0x199926000 -        0x19a90d573  libBNNS.dylib (1860.81.1) <C9713301-568D-30CC-9EDF-ACF28AC686CF> /System/Library/Frameworks/Accelerate.framework/Versions/A/Frameworks/vecLib.framework/Versions/A/libBNNS.dylib
       0x19a90e000 -        0x19aa4743f  libvDSP.dylib (1123.80.6) <6EBE55CA-86CC-3BE2-B08E-DE16B3CD241A> /System/Library/Frameworks/Accelerate.framework/Versions/A/Frameworks/vecLib.framework/Versions/A/libvDSP.dylib
       0x19aa7e000 -        0x19aa8f643  com.apple.IOMobileFramebuffer (343.0.0 - 343.0.0) <4AEA2926-6908-34BD-9DE1-C3DB527A2C96> /System/Library/PrivateFrameworks/IOMobileFramebuffer.framework/Versions/A/IOMobileFramebuffer
       0x19ac8f000 -        0x19aca685f  com.apple.MobileKeyBag (2.0 - 1.0) <5627A8E0-F88A-3782-AD44-0E86692C1D95> /System/Library/PrivateFrameworks/MobileKeyBag.framework/Versions/A/MobileKeyBag
       0x19aca7000 -        0x19acb519f  com.apple.AssertionServices (1.0 - 1008.80.2) <A8EEEADF-31FD-3864-8A58-1AD15FCDD2E1> /System/Library/PrivateFrameworks/AssertionServices.framework/Versions/A/AssertionServices
       0x19acb6000 -        0x19ad48ebf  com.apple.securityfoundation (6.0 - 55293) <C44B4193-0CA3-3428-88E3-2F0FE536E172> /System/Library/Frameworks/SecurityFoundation.framework/Versions/A/SecurityFoundation
       0x19ad49000 -        0x19ad7abff  com.apple.coreservices.BackgroundTaskManagement (1.0 - 104) <7BB3D657-C9C4-3C3F-813D-E1CB09D70679> /System/Library/PrivateFrameworks/BackgroundTaskManagement.framework/Versions/A/BackgroundTaskManagement
       0x19ad86000 -        0x19ad891fb  libquarantine.dylib (196.40.3) <84049E82-ACDC-39F3-A2D7-6ECB912B825A> /usr/lib/system/libquarantine.dylib
       0x19ad8a000 -        0x19ad95323  libCheckFix.dylib (33) <0A61336F-1415-3E48-93D3-1A15A9EF3AF0> /usr/lib/libCheckFix.dylib
       0x19ad96000 -        0x19adad6db  libcoretls.dylib (187.80.1) <18114049-42B5-38B8-997F-B0989E680C7D> /usr/lib/libcoretls.dylib
       0x19adae000 -        0x19adbf2eb  libbsm.0.dylib (90) <8068587D-B142-38EC-8386-93F296956286> /usr/lib/libbsm.0.dylib
       0x19adc0000 -        0x19ae20edb  libmecab.dylib (1121) <B076B7F6-0A81-367E-9F65-F4CAF22BB4C0> /usr/lib/libmecab.dylib
       0x19ae21000 -        0x19ae2343b  libgermantok.dylib (31) <152FE5FE-9E55-3635-8254-635B60AEED43> /usr/lib/libgermantok.dylib
       0x19ae24000 -        0x19ae3847f  libLinearAlgebra.dylib (1545.81.3) <1EDCFF88-F2BE-30DC-BFA7-57910ACFE520> /System/Library/Frameworks/Accelerate.framework/Versions/A/Frameworks/vecLib.framework/Versions/A/libLinearAlgebra.dylib
       0x19ae39000 -        0x19b085b7f  com.apple.MetalPerformanceShaders.MPSNeuralNetwork (1.0 - 1) <3DE709B6-4214-33FA-9BD2-B573C155BFEA> /System/Library/Frameworks/MetalPerformanceShaders.framework/Versions/A/Frameworks/MPSNeuralNetwork.framework/Versions/A/MPSNeuralNetwork
       0x19b086000 -        0x19b0da6bf  com.apple.MetalPerformanceShaders.MPSRayIntersector (1.0 - 1) <24304BCD-61A8-3476-B846-EE05A63A0D16> /System/Library/Frameworks/MetalPerformanceShaders.framework/Versions/A/Frameworks/MPSRayIntersector.framework/Versions/A/MPSRayIntersector
       0x19b271000 -        0x19b2a247f  com.apple.MetalPerformanceShaders.MPSMatrix (1.0 - 1) <B4837302-DC97-3D70-96E0-221AC7CE39F0> /System/Library/Frameworks/MetalPerformanceShaders.framework/Versions/A/Frameworks/MPSMatrix.framework/Versions/A/MPSMatrix
       0x19b2a3000 -        0x19b467ebf  com.apple.MetalPerformanceShaders.MPSNDArray (1.0 - 1) <6E99C598-E6C7-3A95-B240-928E4AD4C27D> /System/Library/Frameworks/MetalPerformanceShaders.framework/Versions/A/Frameworks/MPSNDArray.framework/Versions/A/MPSNDArray
       0x19b468000 -        0x19b4fc7bf  com.apple.MetalPerformanceShaders.MPSImage (1.0 - 1) <39FA708C-6D38-36E7-89B2-8E8482AC7CA9> /System/Library/Frameworks/MetalPerformanceShaders.framework/Versions/A/Frameworks/MPSImage.framework/Versions/A/MPSImage
       0x19b4fd000 -        0x19b508343  com.apple.AppleFSCompression (174 - 1.0) <0634E802-D138-3EC4-BDBF-116A76242920> /System/Library/PrivateFrameworks/AppleFSCompression.framework/Versions/A/AppleFSCompression
       0x19b509000 -        0x19b515983  libbz2.1.0.dylib (47) <1701C215-5001-3C8F-B688-FB5257761C7C> /usr/lib/libbz2.1.0.dylib
       0x19b516000 -        0x19b51d00b  libsystem_coreservices.dylib (191.3.3) <94151A03-8600-3318-8719-103E2D5E83A5> /usr/lib/system/libsystem_coreservices.dylib
       0x19b51e000 -        0x19b5502bf  com.apple.CoreServices.OSServices (1141.1 - 1141.1) <343A1CEB-1677-33E5-8D4B-7423DEC58316> /System/Library/Frameworks/CoreServices.framework/Versions/A/Frameworks/OSServices.framework/Versions/A/OSServices
       0x19ba60000 -        0x19ba6f18f  libz.1.dylib (100) <995A8B0F-E8BA-347F-A403-1023361B58DE> /usr/lib/libz.1.dylib
       0x19ba70000 -        0x19baad8b7  libsystem_m.dylib (3309) <9B88F30F-0BEF-391B-A358-8D1E2B08CCBE> /usr/lib/system/libsystem_m.dylib
       0x19baae000 -        0x19baaec9b  libcharset.1.dylib (113) <C89EE3DE-04DA-3C9D-92A4-CE56625E1B9A> /usr/lib/libcharset.1.dylib
       0x19baaf000 -        0x19bab2537  libmacho.dylib (1030.6.3) <D84C5B4C-6EE5-3B2D-8B96-DCA5B83EC11D> /usr/lib/system/libmacho.dylib
       0x19bab3000 -        0x19bacbdfb  libkxld.dylib (12377.91.3) <7D797DED-11BB-3615-AD4A-B8CEF47CEE43> /usr/lib/system/libkxld.dylib
       0x19bacc000 -        0x19bad961f  libcommonCrypto.dylib (600035) <04C03765-D34A-311F-AE1E-CFBB1E627E54> /usr/lib/system/libcommonCrypto.dylib
       0x19bada000 -        0x19bae3b0b  libunwind.dylib (1900.125) <F8A54A94-01E7-32FD-8CBD-A6E62CE80120> /usr/lib/system/libunwind.dylib
       0x19bae4000 -        0x19baeb319  liboah.dylib (367.3) <5315C55D-09E5-394B-A9E5-672B23847BF7> /usr/lib/liboah.dylib
       0x19baec000 -        0x19baf66ff  libcopyfile.dylib (230.0.1.0.1) <4EBDFB06-9F51-3FEF-A4D8-B1AFB9D0E823> /usr/lib/system/libcopyfile.dylib
       0x19baf7000 -        0x19bafa95f  libcompiler_rt.dylib (103.3) <55AFEF28-E352-38B8-ACD6-60B67AA83B68> /usr/lib/system/libcompiler_rt.dylib
       0x19bafb000 -        0x19baffa1b  libsystem_collections.dylib (1725.40.4) <17BD45DA-1D82-3A90-9F18-5D569A5693B5> /usr/lib/system/libsystem_collections.dylib
       0x19bb00000 -        0x19bb034bf  libsystem_secinit.dylib (168.40.2) <0928D7E4-5DB0-3B75-9DF5-08EC8E9C033B> /usr/lib/system/libsystem_secinit.dylib
       0x19bb04000 -        0x19bb06b57  libremovefile.dylib (84) <D854E7F8-C351-331B-9A26-BE66F9B8996D> /usr/lib/system/libremovefile.dylib
       0x19bb07000 -        0x19bb07f27  libkeymgr.dylib (31) <18ED97A3-6DD7-3EC2-AB38-E16A862BE1A7> /usr/lib/system/libkeymgr.dylib
       0x19bb08000 -        0x19bb10f8f  libsystem_dnssd.dylib (2881.80.4.0.1) <A3401BB5-786C-32DC-A9A0-E8405AE9E0CD> /usr/lib/system/libsystem_dnssd.dylib
       0x19bb11000 -        0x19bb160b3  libcache.dylib (95) <EA56E91F-7683-3AA5-AF72-185994622502> /usr/lib/system/libcache.dylib
       0x19bb17000 -        0x19bb18cf3  libSystem.B.dylib (1356) <44B9EC51-9AC9-3D3B-A7F8-DEB02133130A> /usr/lib/libSystem.B.dylib
       0x19bb19000 -        0x19bb1b03f  libfakelink.dylib (5) <7C244DA6-8C2F-3E66-BE8E-AEFA05DFD0EB> /usr/lib/libfakelink.dylib
       0x19bb1c000 -        0x19bb1ca63  com.apple.SoftLinking (1.0 - 67) <9E5D4C80-C0A3-3F6C-8185-0FE3E0C01004> /System/Library/PrivateFrameworks/SoftLinking.framework/Versions/A/SoftLinking
       0x19bb52000 -        0x19bb591bb  libiconv.2.dylib (113) <91928A6D-E098-3B69-B8BB-024C1AED3F71> /usr/lib/libiconv.2.dylib
       0x19bb6d000 -        0x19bc64b7f  libarchive.2.dylib (160.60.3) <980CBA3C-08C6-39E5-BF56-75C2589FC55B> /usr/lib/libarchive.2.dylib
       0x19bc65000 -        0x19bccc7cf  com.apple.SearchKit (1.4.2 - 1.4.2) <7D22A101-B83E-3645-B57E-23C5DCCB9FD4> /System/Library/Frameworks/CoreServices.framework/Versions/A/Frameworks/SearchKit.framework/Versions/A/SearchKit
       0x19bccd000 -        0x19bcd50ff  libThaiTokenizer.dylib (28) <180E7D93-7AB6-3D9C-ABEA-A559E87149E9> /usr/lib/libThaiTokenizer.dylib
       0x19bcd6000 -        0x19bcf9b67  com.apple.applesauce (1.0 - 17.1) <122E6050-C663-3F97-A1B7-152CC75ED245> /System/Library/PrivateFrameworks/AppleSauce.framework/Versions/A/AppleSauce
       0x19bcfa000 -        0x19bd1222b  libapple_nghttp2.dylib (37) <8CD32C25-599A-38F7-AE08-1066E92ACC77> /usr/lib/libapple_nghttp2.dylib
       0x19bd13000 -        0x19bd39dcf  libSparseBLAS.dylib (1545.81.3) <E9E24E7F-E646-37EA-A519-B0317EDC7C93> /System/Library/Frameworks/Accelerate.framework/Versions/A/Frameworks/vecLib.framework/Versions/A/libSparseBLAS.dylib
       0x19bd3a000 -        0x19bd3b63f  com.apple.MetalPerformanceShaders.MetalPerformanceShaders (1.0 - 1) <7F88DED0-627A-3CCC-85EE-ECDB75EDDE44> /System/Library/Frameworks/MetalPerformanceShaders.framework/Versions/A/MetalPerformanceShaders
       0x19bd3c000 -        0x19bd4202f  libpam.2.dylib (35) <22AC6D45-CC44-35F8-A8BB-A19B2FA672AB> /usr/lib/libpam.2.dylib
       0x19bd43000 -        0x19be1414f  libcompression.dylib (190.40.2) <23B871E6-DCDD-3B96-9A12-A71956C7B8B8> /usr/lib/libcompression.dylib
       0x19be15000 -        0x19be191f7  libQuadrature.dylib (8) <398729C1-1FC1-3D03-A8E3-8BF23633F2F2> /System/Library/Frameworks/Accelerate.framework/Versions/A/Frameworks/vecLib.framework/Versions/A/libQuadrature.dylib
       0x19be1a000 -        0x19d08559f  libLAPACK.dylib (1545.81.3) <3FAAACBF-A8BA-3F64-BA51-9D8AEF63865F> /System/Library/Frameworks/Accelerate.framework/Versions/A/Frameworks/vecLib.framework/Versions/A/libLAPACK.dylib
       0x19d086000 -        0x19d0dd75f  com.apple.DictionaryServices (1.2 - 373) <86707711-20C7-3291-9980-E4A705779A93> /System/Library/Frameworks/CoreServices.framework/Versions/A/Frameworks/DictionaryServices.framework/Versions/A/DictionaryServices
       0x19d0de000 -        0x19d0fc88f  liblzma.5.dylib (21) <FC6DCDF3-5995-3B58-B7C4-D051C8DA1078> /usr/lib/liblzma.5.dylib
       0x19d0fd000 -        0x19d0fe86f  libcoretls_cfhelpers.dylib (187.80.1) <E73C2CF5-8828-3C09-9709-6FD6A1BFABD2> /usr/lib/libcoretls_cfhelpers.dylib
       0x19d0ff000 -        0x19d16ed23  com.apple.APFS (2632.80.1 - 2632.80.1) <FB56436F-A54C-39FE-93C8-6126ED3CBE06> /System/Library/PrivateFrameworks/APFS.framework/Versions/A/APFS
       0x19d16f000 -        0x19d17d65b  libxar.1.dylib (501) <17ABD5B4-4168-35BB-883C-7C05E0222CB9> /usr/lib/libxar.1.dylib
       0x19d17e000 -        0x19d1818bb  libutil.dylib (73) <F2A7228B-0166-3073-8E64-5D768EA1916A> /usr/lib/libutil.dylib
       0x19d182000 -        0x19d1ace37  libxslt.1.dylib (21.13) <7D50C051-EA26-33B6-A0CF-8F55C66D75FB> /usr/lib/libxslt.1.dylib
       0x19d1b5000 -        0x19d22f107  libvMisc.dylib (1123.80.6) <196E2EBC-C3FB-341D-8434-F41016DC7D58> /System/Library/Frameworks/Accelerate.framework/Versions/A/Frameworks/vecLib.framework/Versions/A/libvMisc.dylib
       0x19d230000 -        0x19d2c04ff  libate.dylib (3.0.9) <7CE7E760-0CBE-35D8-9BC9-408CEBEEC8F9> /usr/lib/libate.dylib
       0x19d2ca000 -        0x19d2dd49f  com.apple.CrashReporterSupport (10.13 - 15138) <4BC3F138-9AB3-341B-B8E4-41E205A17446> /System/Library/PrivateFrameworks/CrashReporterSupport.framework/Versions/A/CrashReporterSupport
       0x19d421000 -        0x19d46281f  com.apple.pluginkit.framework (1.0 - 1) <1703231D-AD76-34E0-8554-AB7516D250A6> /System/Library/PrivateFrameworks/PlugInKit.framework/Versions/A/PlugInKit
       0x19d4d9000 -        0x19d521ee7  com.apple.AppleVAFramework (6.2.10 - 6.2.10) <3371B6E3-D5B1-39FD-A01A-C4AC3A5F9AB2> /System/Library/PrivateFrameworks/AppleVA.framework/Versions/A/AppleVA
       0x19d522000 -        0x19d53cd17  libexpat.1.dylib (45) <EA037ED9-9231-336B-B34A-6D1E4572A673> /usr/lib/libexpat.1.dylib
       0x19d53d000 -        0x19d546bab  libheimdal-asn1.dylib (710.0.1) <80BC30C5-A36C-32FE-A229-D811538D2CBF> /usr/lib/libheimdal-asn1.dylib
       0x19d665000 -        0x19d72781f  com.apple.MediaExperience (1.0 - 1) <71583743-16EE-3710-A817-7578D95710AE> /System/Library/PrivateFrameworks/MediaExperience.framework/Versions/A/MediaExperience
       0x19d754000 -        0x19d76381f  com.apple.GraphVisualizer (1.0 - 307) <B4F4AB5F-8A32-34A2-87F6-F960B831576E> /System/Library/PrivateFrameworks/GraphVisualizer.framework/Versions/A/GraphVisualizer
       0x19d764000 -        0x19d7a461f  com.apple.OTSVG (1.0 - 877.3.0.1) <193C67AB-6D1B-39AE-BA5F-FC5A01A3D496> /System/Library/PrivateFrameworks/OTSVG.framework/Versions/A/OTSVG
       0x19d7a5000 -        0x19d7b1c5f  com.apple.xpc.AppServerSupport (1.0 - 3089.80.10) <3B17D32E-406A-3F63-9A05-3600EA639945> /System/Library/PrivateFrameworks/AppServerSupport.framework/Versions/A/AppServerSupport
       0x19d7b2000 -        0x19d7b8bdf  libspindump.dylib (412.0.1) <C1B32465-98DD-3033-8BFC-EFC0B3205225> /usr/lib/libspindump.dylib
       0x19d7b9000 -        0x19d879f3f  com.apple.Heimdal (4.0 - 2.0) <220BDA49-10B5-3B84-92E1-4F215343EB64> /System/Library/PrivateFrameworks/Heimdal.framework/Versions/A/Heimdal
       0x19db40000 -        0x19db84da7  com.apple.AppleJPEG (1.0 - 1) <54D9430E-9FF9-39FD-8088-B9E2BF558B48> /System/Library/PrivateFrameworks/AppleJPEG.framework/Versions/A/AppleJPEG
       0x19db85000 -        0x19dd5718f  libJP2.dylib (2784.3.7) <A3566B1B-5C73-346D-A299-77711BB7822E> /System/Library/Frameworks/ImageIO.framework/Versions/A/Resources/libJP2.dylib
       0x19dd58000 -        0x19dd59e37  com.apple.WatchdogClient.framework (1.0 - 323.80.7) <90799AEF-3884-3CD7-BAB9-DAE0B2118FB6> /System/Library/PrivateFrameworks/WatchdogClient.framework/Versions/A/WatchdogClient
       0x19dd5a000 -        0x19dd9febf  com.apple.MultitouchSupport.framework (9430.5 - 9430.5) <40D691BB-9166-31E0-959E-351863FF09A0> /System/Library/PrivateFrameworks/MultitouchSupport.framework/Versions/A/MultitouchSupport
       0x19dda0000 -        0x19e315f1f  com.apple.VideoToolbox (1.0 - 3300.7.1.5.1) <7550E54C-1021-3DFE-A5F3-161E1D5B109E> /System/Library/Frameworks/VideoToolbox.framework/Versions/A/VideoToolbox
       0x19e316000 -        0x19e33b6d7  libAudioToolboxUtility.dylib (1556.418.1) <74DDD6F9-F92D-3BAA-919E-2EBCC7BE0BB4> /usr/lib/libAudioToolboxUtility.dylib
       0x19e33c000 -        0x19e367077  libPng.dylib (2784.3.7) <C5FC4D16-2285-3EF1-85FF-25A837CAC02B> /System/Library/Frameworks/ImageIO.framework/Versions/A/Resources/libPng.dylib
       0x19e368000 -        0x19e3c9c67  libTIFF.dylib (2784.3.7) <418A0AEE-D3B8-3D1F-BAF9-DD4992BDDBBB> /System/Library/Frameworks/ImageIO.framework/Versions/A/Resources/libTIFF.dylib
       0x19e3ca000 -        0x19e3e9d2b  com.apple.IOPresentment (67 - 67) <D1431263-C011-3735-911B-57FCC6A8D8F0> /System/Library/PrivateFrameworks/IOPresentment.framework/Versions/A/IOPresentment
       0x19e3ea000 -        0x19e3ee803  com.apple.GPUWrangler (8.1.12 - 8.1.12) <16796BF6-20AE-3970-804E-4411E5916C36> /System/Library/PrivateFrameworks/GPUWrangler.framework/Versions/A/GPUWrangler
       0x19e3ef000 -        0x19e3f194b  libRadiance.dylib (2784.3.7) <27ED1BD0-43D9-359D-BB98-8EFC37EF961C> /System/Library/Frameworks/ImageIO.framework/Versions/A/Resources/libRadiance.dylib
       0x19e3f2000 -        0x19e3f7653  com.apple.DSExternalDisplay (3.1 - 380) <4A9C6533-7E84-32B7-A203-3D9A380CA20E> /System/Library/PrivateFrameworks/DSExternalDisplay.framework/Versions/A/DSExternalDisplay
       0x19e3f8000 -        0x19e4230ff  libJPEG.dylib (2784.3.7) <415AE428-CA88-3227-822C-0769797CC15B> /System/Library/Frameworks/ImageIO.framework/Versions/A/Resources/libJPEG.dylib
       0x19e452000 -        0x19e457a5b  libGIF.dylib (2784.3.7) <64C67EB5-5A28-307B-B60E-274FD6204B30> /System/Library/Frameworks/ImageIO.framework/Versions/A/Resources/libGIF.dylib
       0x19e458000 -        0x19e4681bf  com.apple.CMCaptureCore (1.0 - 665.81.8) <710EA6AB-022E-3761-9D2B-C57E4557F3E2> /System/Library/PrivateFrameworks/CMCaptureCore.framework/Versions/A/CMCaptureCore
       0x19f40f000 -        0x19f47e2a3  libusrtcp.dylib (5569.81.5) <DB7A00EC-9A65-3BF4-BF00-7140D3695DD5> /usr/lib/libusrtcp.dylib
       0x19f47f000 -        0x19fa0d6df  libswiftCore.dylib (6.2.4 - 6.2.4.1.4) <EF17EAAC-5E38-3D8F-9849-A68224788FA6> /usr/lib/swift/libswiftCore.dylib
       0x19fac0000 -        0x19fb16e1f  libSessionUtility.dylib (398.303) <58FE2B57-736E-3699-A562-0ED3860CA0D7> /System/Library/PrivateFrameworks/AudioSession.framework/libSessionUtility.dylib
       0x19fb17000 -        0x19fcf1edf  com.apple.audio.toolbox.AudioToolbox (1.14 - 1.14) <7DEE28E3-513B-366B-B5A5-9364BAC13D05> /System/Library/Frameworks/AudioToolbox.framework/Versions/A/AudioToolbox
       0x19fcf2000 -        0x19fd7015f  com.apple.audio.AudioSession (1.0 - 398.303) <B5F56459-60CE-38CD-9CBA-A4FAA0CAC06B> /System/Library/PrivateFrameworks/AudioSession.framework/Versions/A/AudioSession
       0x19fd71000 -        0x19fd89b1f  libAudioStatistics.dylib (262.202) <092A32F2-26E3-394D-A6B5-EE325B63BA30> /usr/lib/libAudioStatistics.dylib
       0x19fe00000 -        0x19fe1c0a3  libresolv.9.dylib (93) <BA9529D6-9D20-3B20-9027-9F5E05EF798A> /usr/lib/libresolv.9.dylib
       0x19fe1d000 -        0x19fe2f7d7  libsasl2.2.dylib (215) <D0F77A8D-AC14-3D2F-8DC5-11F93F09AF05> /usr/lib/libsasl2.2.dylib
       0x1a0028000 -        0x1a0108a0f  libSMC.dylib (38) <4FC6F40D-7C6A-3A87-A3EB-15E23927855C> /usr/lib/libSMC.dylib
       0x1a0168000 -        0x1a0174a17  com.apple.NetAuth (6.2 - 6.2) <1AEB3F84-0E3C-3EE1-8752-ECD2DCA06327> /System/Library/PrivateFrameworks/NetAuth.framework/Versions/A/NetAuth
       0x1a0183000 -        0x1a019047f  com.apple.perfdata (1.0 - 122) <3ABD2E5A-E972-34CA-8570-119E2E3DC3AE> /System/Library/PrivateFrameworks/perfdata.framework/Versions/A/perfdata
       0x1a0191000 -        0x1a019ed9f  libperfcheck.dylib (46) <0B04C7B7-8C72-3DAF-9F20-B374F7CA66EE> /usr/lib/libperfcheck.dylib
       0x1a019f000 -        0x1a01b01c7  com.apple.Kerberos (3.0 - 1) <29D91C4B-EF56-36D7-8B6E-A2FD173FC016> /System/Library/Frameworks/Kerberos.framework/Versions/A/Kerberos
       0x1a01b1000 -        0x1a0202aaf  com.apple.GSS (4.0 - 2.0) <80057AF7-854F-3E8D-8211-6B9123F2E7B4> /System/Library/Frameworks/GSS.framework/Versions/A/GSS
       0x1a0203000 -        0x1a0213da7  com.apple.CommonAuth (4.0 - 2.0) <42297637-45CB-32AB-B82D-BCB5EF41AAF0> /System/Library/PrivateFrameworks/CommonAuth.framework/Versions/A/CommonAuth
       0x1a0214000 -        0x1a02f2c7f  com.apple.MobileAssets (1.0 - 1837.80.27.0.1) <EF91F303-8A75-3ACB-9DA9-1AD3A147B3FA> /System/Library/PrivateFrameworks/MobileAsset.framework/Versions/A/MobileAsset
       0x1a0384000 -        0x1a03930b0  com.apple.CorePhoneNumbers (1.0 - 1) <2EEEB81B-0D2B-3F1B-B3A0-AD259A5E0516> /System/Library/PrivateFrameworks/CorePhoneNumbers.framework/Versions/A/CorePhoneNumbers
       0x1a1cef000 -        0x1a1de504f  com.apple.combine (1.0 - 3023) <D189CEB2-496E-3843-A5A2-020EE51B0E79> /System/Library/Frameworks/Combine.framework/Versions/A/Combine
       0x1a3fbe000 -        0x1a3fbe86f  com.apple.Accelerate.vecLib (3.11 - vecLib 3.11) <9C60DDF6-DB11-3382-9A90-5ECBF65AFFE2> /System/Library/Frameworks/Accelerate.framework/Versions/A/Frameworks/vecLib.framework/Versions/A/vecLib
       0x1a3fe4000 -        0x1a3fe498f  com.apple.CoreServices (1226 - 1226) <32A74A0A-3F86-3F02-98AF-51FB14BCC672> /System/Library/Frameworks/CoreServices.framework/Versions/A/CoreServices
       0x1a425b000 -        0x1a425b417  com.apple.Accelerate (1.11 - Accelerate 1.11) <501534A5-AC58-30C7-A4A5-3238694755F7> /System/Library/Frameworks/Accelerate.framework/Versions/A/Accelerate
       0x1a510f000 -        0x1a511e8bf  com.apple.SymptomDiagnosticReporter (1.0 - 411.80.3) <F4AFD7F9-6846-388E-A67F-5BE15D04792D> /System/Library/PrivateFrameworks/SymptomDiagnosticReporter.framework/Versions/A/SymptomDiagnosticReporter
       0x1a511f000 -        0x1a514ee7f  com.apple.PowerLog (1.0 - 1) <8B23076C-BB1E-380F-818D-DBE95406317C> /System/Library/PrivateFrameworks/PowerLog.framework/Versions/A/PowerLog
       0x1a515c000 -        0x1a521039f  com.apple.DiscRecording (9.0.3 - 9030.4.5) <12E01599-0C72-3DC4-91FD-74B159DAA3F8> /System/Library/Frameworks/DiscRecording.framework/Versions/A/DiscRecording
       0x1a5211000 -        0x1a524228f  com.apple.MediaKit (16 - 938) <5DFAE7C5-C6D7-317F-A3DC-34242AA73E77> /System/Library/PrivateFrameworks/MediaKit.framework/Versions/A/MediaKit
       0x1a5d0e000 -        0x1a5d24f90  libswiftDispatch.dylib (56) <078361EC-4DAA-33B3-B150-0A44C3E77CDD> /usr/lib/swift/libswiftDispatch.dylib
       0x1a6072000 -        0x1a60fecdf  com.apple.BoardServices (1.0 - 732.1.1) <16A1B6FF-1A9F-31FB-B748-EAA50B44F2B8> /System/Library/PrivateFrameworks/BoardServices.framework/Versions/A/BoardServices
       0x1a613f000 -        0x1a614c51f  com.apple.GraphicsServices (1.0 - 1.0) <59EEBD80-284A-3EF7-898A-AB3AD3BAD60A> /System/Library/PrivateFrameworks/GraphicsServices.framework/Versions/A/GraphicsServices
       0x1a6455000 -        0x1a64777a1  com.apple.DebugSymbols (216 - 217) <27C1590B-8AF0-3CAD-95EA-DDAADE07C037> /System/Library/PrivateFrameworks/DebugSymbols.framework/Versions/A/DebugSymbols
       0x1a6478000 -        0x1a658ef67  com.apple.CoreSymbolication (16.0 - 64572.108.2) <19C10993-319A-3609-B4EB-5692C746DE90> /System/Library/PrivateFrameworks/CoreSymbolication.framework/Versions/A/CoreSymbolication
       0x1a658f000 -        0x1a65992ff  com.apple.CoreTime (334.0.16.1 - 334.0.16.1) <A9E04DF2-47FF-3F79-B959-68E9B0A44370> /System/Library/PrivateFrameworks/CoreTime.framework/Versions/A/CoreTime
       0x1a7e45000 -        0x1a7eb61df  com.apple.BackBoardServices (1.0 - 1.0) <E974F144-2ECC-34B6-AF3C-60CCA887F86B> /System/Library/PrivateFrameworks/BackBoardServices.framework/Versions/A/BackBoardServices
       0x1a7eb7000 -        0x1a7ef2a7f  com.apple.LDAPFramework (2.4.28 - 194.5) <8A779B71-B768-3782-BFEA-DF575CE71860> /System/Library/Frameworks/LDAP.framework/Versions/A/LDAP
       0x1a7ef3000 -        0x1a7ef47a7  com.apple.TrustEvaluationAgent (2.0 - 38) <0C598FBB-A611-35CF-B375-A35DB12CF3B2> /System/Library/PrivateFrameworks/TrustEvaluationAgent.framework/Versions/A/TrustEvaluationAgent
       0x1a8021000 -        0x1a80deb5f  com.apple.DiskImagesFramework (681.60.1 - 681.60.1) <7AFA86B6-A0D7-37AE-B7CE-8D51629F99FB> /System/Library/PrivateFrameworks/DiskImages.framework/Versions/A/DiskImages
       0x1a811f000 -        0x1a8135e3f  com.apple.RemoteServiceDiscovery (1.0 - 202.80.2) <D2A83392-79C5-319B-A543-14E20F175FA5> /System/Library/PrivateFrameworks/RemoteServiceDiscovery.framework/Versions/A/RemoteServiceDiscovery
       0x1a8136000 -        0x1a814cc9f  com.apple.xpc.RemoteXPC (1.0 - 3089.80.10) <D14DDF8E-F1D9-398E-B9B3-5799854E6186> /System/Library/PrivateFrameworks/RemoteXPC.framework/Versions/A/RemoteXPC
       0x1a81e1000 -        0x1a826229f  libcurl.4.dylib (162) <7DAF1527-FDB0-3672-8A4F-E75B925F3FEA> /usr/lib/libcurl.4.dylib
       0x1a8269000 -        0x1a82ac3df  com.apple.AppSupport (1.0.0 - 29) <7BE1EBF8-7242-3342-B88E-FC23A3895588> /System/Library/PrivateFrameworks/AppSupport.framework/Versions/A/AppSupport
       0x1a8584000 -        0x1a8586f3f  com.apple.InternationalTextSearch (1.0 - 1) <4B08A856-FD3D-316F-9BB6-6D43497EE253> /System/Library/PrivateFrameworks/InternationalTextSearch.framework/Versions/A/InternationalTextSearch
       0x1a8b37000 -        0x1a8b373f7  libHeimdalProxy.dylib (88) <D22AFF6A-3024-32F9-981C-F81B8A989809> /System/Library/Frameworks/Kerberos.framework/Versions/A/Libraries/libHeimdalProxy.dylib
       0x1a8b62000 -        0x1a8b80c5f  com.apple.StreamingZip (1.0 - 1) <26A0BEC4-FA01-38C3-A2A4-DDEF58CFF91F> /System/Library/PrivateFrameworks/StreamingZip.framework/Versions/A/StreamingZip
       0x1a8bd4000 -        0x1a8bd760d  libswiftObjectiveC.dylib (951.1) <32F3A126-27F7-3F2D-975F-6A35735C240C> /usr/lib/swift/libswiftObjectiveC.dylib
       0x1a8bd8000 -        0x1a8bf52bf  libswiftos.dylib (1076.40.2) <68F1B6A7-A220-3BF6-9104-FE09847ACD74> /usr/lib/swift/libswiftos.dylib
       0x1a9b8e000 -        0x1a9c1cebf  com.apple.proactive.support.ProactiveSupport (1.0 - 415.1) <D475519B-DB21-3169-A170-4FA2082B994B> /System/Library/PrivateFrameworks/ProactiveSupport.framework/Versions/A/ProactiveSupport
       0x1a9d1a000 -        0x1a9d5565f  com.apple.ASEProcessing (1.50.5 - 1.50.5) <519706AF-8BDC-3F74-A5CD-BAC561CDDEFD> /System/Library/PrivateFrameworks/ASEProcessing.framework/Versions/A/ASEProcessing
       0x1aaf66000 -        0x1ab03349f  com.apple.audio.midi.CoreMIDI (2.0 - 88) <349E1842-7521-35A6-ACA9-E80329EC86A8> /System/Library/Frameworks/CoreMIDI.framework/Versions/A/CoreMIDI
       0x1abc25000 -        0x1abc297bf  com.apple.IOSurfaceAccelerator (1.0.0 - 1.0.0) <F6B04959-AC2A-3FD6-8683-84BD1DF0151C> /System/Library/PrivateFrameworks/IOSurfaceAccelerator.framework/Versions/A/IOSurfaceAccelerator
       0x1b0989000 -        0x1b099be5f  com.apple.HID (1.0 - 1) <4231332C-5487-32E4-9F39-69F58D8CDD95> /System/Library/PrivateFrameworks/HID.framework/Versions/A/HID
       0x1b53b8000 -        0x1b53c771f  com.apple.NetFS (6.0 - 4.0) <EB27EA43-1677-38DA-9C3C-C4EAD8BE70CA> /System/Library/Frameworks/NetFS.framework/Versions/A/NetFS
       0x1b58f6000 -        0x1b58f8a9f  libswiftDarwin.dylib (347.40.2) <38299193-F09E-32C2-9D02-41145E95B937> /usr/lib/swift/libswiftDarwin.dylib
       0x1b794c000 -        0x1b7a3d03f  libquic.dylib (5569.81.5) <A7793D8C-9436-3AA1-AEE1-C096E3AF3B69> /usr/lib/libquic.dylib
       0x1b7a49000 -        0x1b7a716bf  com.apple.private.SystemPolicy (1.0 - 1) <6E6D7AC0-63CC-37F5-9853-30DCAFF669AC> /System/Library/PrivateFrameworks/SystemPolicy.framework/Versions/A/SystemPolicy
       0x1b8915000 -        0x1b89a1f1f  com.apple.LoggingSupport (1.0 - 1815.80.2) <3B369836-295B-3C26-A2DA-A8036FDE4774> /System/Library/PrivateFrameworks/LoggingSupport.framework/Versions/A/LoggingSupport
       0x1b89a2000 -        0x1b89aea4b  com.apple.MallocStackLogging (1.0 - 64573.4.1) <C3EBC9BA-52FB-3624-B38F-595D3806224C> /System/Library/PrivateFrameworks/MallocStackLogging.framework/Versions/A/MallocStackLogging
       0x1b89d4000 -        0x1b8a2aeff  libmis.dylib (463.0.8) <529134B9-CD55-3EB9-9029-4BBD2AF7F1A4> /usr/lib/libmis.dylib
       0x1b8a2b000 -        0x1b8a2ec7f  com.apple.gpusw.GPURawCounter (34 - 34) <06667B12-6C26-3603-BD41-D218C434CD87> /System/Library/PrivateFrameworks/GPURawCounter.framework/Versions/A/GPURawCounter
       0x1b8a2f000 -        0x1b8a4eb53  libswiftCoreAudio.dylib (411.417) <2D95FC1B-7C4E-37B6-961A-2EFF7ED1B6BA> /usr/lib/swift/libswiftCoreAudio.dylib
       0x1b8a4f000 -        0x1b8a55387  libswiftCoreFoundation.dylib (2401) <6C11227E-B1B0-3F04-964B-7C6056F9C092> /usr/lib/swift/libswiftCoreFoundation.dylib
       0x1b8a61000 -        0x1b8aa7742  libswiftXPC.dylib (105.0.14) <D3B538A0-EF2F-31B2-A402-4DEE6A6AF2F4> /usr/lib/swift/libswiftXPC.dylib
       0x1b8aa9000 -        0x1b8aa98a3  libswiftIOKit.dylib (1) <65B73C62-BE48-3F5C-B9CB-559E88F6CCB2> /usr/lib/swift/libswiftIOKit.dylib
       0x1baa71000 -        0x1baab6123  libbootpolicy.dylib (289.0.1) <B76B88AD-CBA4-3C41-B0EC-0CCB1B982DDF> /usr/lib/libbootpolicy.dylib
       0x1bc50e000 -        0x1bc5259c3  libswiftsimd.dylib (23) <C6F52DF2-8CD3-3C9D-991D-1318248286D6> /usr/lib/swift/libswiftsimd.dylib
       0x1bdbba000 -        0x1bdbc337f  com.apple.IOAccelMemoryInfo (1.0 - 1) <5B7B2120-3E80-3187-8C92-2B68C2C60CBC> /System/Library/PrivateFrameworks/IOAccelMemoryInfo.framework/Versions/A/IOAccelMemoryInfo
       0x1bf1e0000 -        0x1bf1e91f7  libswiftCoreMIDI.dylib (6) <D7AC1755-2FFB-3301-9B7B-84F58EDE35DB> /usr/lib/swift/libswiftCoreMIDI.dylib
       0x1bf997000 -        0x1bf99dc9f  com.apple.MSUDataAccessor (1.0 - 1) <F5D53986-F5D5-37CD-B036-FBAC893F7DB6> /System/Library/PrivateFrameworks/MSUDataAccessor.framework/Versions/A/MSUDataAccessor
       0x1bfda0000 -        0x1bfe011df  com.apple.SoftwareUpdateCoreSupport (1.0 - 1) <63AC95BD-9446-31BA-9DF2-44B0E4FCA200> /System/Library/PrivateFrameworks/SoftwareUpdateCoreSupport.framework/Versions/A/SoftwareUpdateCoreSupport
       0x1c389c000 -        0x1c38f2cff  com.apple.biome.BiomeFoundation (1.0 - 200.6) <713156C1-0B57-3241-95EB-F78A7A7F6C5E> /System/Library/PrivateFrameworks/BiomeFoundation.framework/Versions/A/BiomeFoundation
       0x1c66b1000 -        0x1c66bd49a  libswiftMetal.dylib (371.5) <E81FF6C4-7BA2-32A8-B7EE-5C34A4393939> /usr/lib/swift/libswiftMetal.dylib
       0x1c66be000 -        0x1c66c4d5f  libswiftCompression.dylib (8) <1B2FA4F2-D8D3-300E-A5AA-029CC18F1764> /usr/lib/swift/libswiftCompression.dylib
       0x1c759d000 -        0x1c76491df  libFDR.dylib (1499.80.8) <46532F9A-DBF7-39C8-9F1B-E9C781923009> /usr/lib/libFDR.dylib
       0x1c76d1000 -        0x1c7c84c1f  com.apple.biome.BiomeStreams (1.0 - 200.6) <7082DF7D-F028-383A-8AEE-76EF17830EA5> /System/Library/PrivateFrameworks/BiomeStreams.framework/Versions/A/BiomeStreams
       0x1c8155000 -        0x1c8169b7f  com.apple.SoftwareUpdateCoreConnect (1.0 - 1) <DF76C5F0-96BA-36EB-A189-3F26D113072D> /System/Library/PrivateFrameworks/SoftwareUpdateCoreConnect.framework/Versions/A/SoftwareUpdateCoreConnect
       0x1ca626000 -        0x1ca690ebf  com.apple.osanalytics.OSAnalytics (1.0 - 1) <197141D3-6E12-3BF3-A266-6AA9D8296810> /System/Library/PrivateFrameworks/OSAnalytics.framework/Versions/A/OSAnalytics
       0x1cb9ca000 -        0x1cb9cbf73  libswiftQuartzCore.dylib (5) <27F395B3-E527-3C6E-94F8-5993A92E4FA8> /usr/lib/swift/libswiftQuartzCore.dylib
       0x1cbdc0000 -        0x1cbdc59a7  com.apple.kperf (1.0 - 1) <FCF94F65-C917-3393-AD61-296F785F29AD> /System/Library/PrivateFrameworks/kperf.framework/Versions/A/kperf
       0x1cbec7000 -        0x1cbecc45f  com.apple.MobileSystemServices (1.0 - 1) <276A340E-9F3C-3253-9DE8-EDFCB9EA9D42> /System/Library/PrivateFrameworks/MobileSystemServices.framework/Versions/A/MobileSystemServices
       0x1cd3b3000 -        0x1cd3d55ff  libamsupport.dylib (434.40.3) <6FDEB6DA-32AA-3F83-805C-CE920057BF63> /usr/lib/libamsupport.dylib
       0x1cd792000 -        0x1cd7efe3f  com.apple.biome.BiomePubSub (1.0 - 200.6) <80452CAD-7E3A-3AE8-985C-DD2ED185BE66> /System/Library/PrivateFrameworks/BiomePubSub.framework/Versions/A/BiomePubSub
       0x1cd7f0000 -        0x1cd83363f  com.apple.biome.BiomeStorage (1.0 - 200.6) <121DE42E-EADA-393B-B2CC-237B33243A6B> /System/Library/PrivateFrameworks/BiomeStorage.framework/Versions/A/BiomeStorage
       0x1d0238000 -        0x1d024656c  libswiftUniformTypeIdentifiers.dylib (877.3.5) <A399C880-3891-3519-9A53-864989F91725> /usr/lib/swift/libswiftUniformTypeIdentifiers.dylib
       0x1d0247000 -        0x1d030672b  libswiftAccelerate.dylib (77) <657650AF-BAA7-3150-88D5-F61A6CF01343> /usr/lib/swift/libswiftAccelerate.dylib
       0x1d0447000 -        0x1d04580df  libpartition2_dynamic.dylib (3476.80.22) <2ADCDFB3-E656-3A44-A0E2-A079529F1D32> /usr/lib/libpartition2_dynamic.dylib
       0x1d099a000 -        0x1d09a521f  com.apple.AFKUser (1.0 - 1) <6389217F-A473-3E6F-AFE5-19FA620A13C7> /System/Library/PrivateFrameworks/AFKUser.framework/Versions/A/AFKUser
       0x1d428f000 -        0x1d42eec6a  libswiftCoreMedia.dylib (3300.7.1.5.1) <C34B4F94-C852-30E5-BEBA-0A6113E87408> /usr/lib/swift/libswiftCoreMedia.dylib
       0x1d5a36000 -        0x1d5a37aab  libswiftOSLog.dylib (10) <A041250D-A03A-3C9C-92D1-E2AD9106B4A2> /usr/lib/swift/libswiftOSLog.dylib
       0x1d9a91000 -        0x1d9b939ff  com.apple.Symbolication (16.0 - 64573.4.1) <AC9A66D0-E4EA-3EDB-BA81-2AC7A2921B9E> /System/Library/PrivateFrameworks/Symbolication.framework/Versions/A/Symbolication
       0x1ddfbf000 -        0x1ddfcf4bf  com.apple.OSLog (1.0 - 1815.80.2) <56A5141A-6825-3E28-95E9-6E64CDFBCD3B> /System/Library/Frameworks/OSLog.framework/Versions/A/OSLog
       0x1de2c2000 -        0x1de3c5e14  com.apple.InternalSwiftProtobuf (1.0 - 1.26.0) <34F52035-0665-3F6E-BAD2-C818C0DBE02B> /System/Library/PrivateFrameworks/InternalSwiftProtobuf.framework/Versions/A/InternalSwiftProtobuf
       0x1de48a000 -        0x1de4952ff  com.apple.HIDDisplay (1.0 - 1) <924A2F01-F833-3909-AA54-6FF65E96DB4D> /System/Library/PrivateFrameworks/HIDDisplay.framework/Versions/A/HIDDisplay
       0x1e6162000 -        0x1e6162b03  com.apple.FeatureFlags (1.0 - 101) <5F5F5289-C923-33F1-AF39-B84D4D2A0D9B> /System/Library/PrivateFrameworks/FeatureFlags.framework/Versions/A/FeatureFlags
       0x1ef2c5000 -        0x1ef2c765f  com.apple.ConfigProfileHelper (18.0 - 1800) <F2961F85-7FA7-358F-B9C4-66241B1067F7> /System/Library/PrivateFrameworks/ConfigProfileHelper.framework/Versions/A/ConfigProfileHelper
       0x23020a000 -        0x230211367  libCoreFSCache.dylib (351) <53B943E7-6BDA-3172-B99B-E18F0CF19D0E> /System/Library/Frameworks/OpenGL.framework/Versions/A/Libraries/libCoreFSCache.dylib
       0x230212000 -        0x23021794f  libCoreVMClient.dylib (351) <B318E19A-D202-3BBF-B188-4364E1D8D237> /System/Library/Frameworks/OpenGL.framework/Versions/A/Libraries/libCoreVMClient.dylib
       0x230218000 -        0x230228397  com.apple.opengl (23.0.2 - 23.0.2) <200FC998-40D9-3B8F-9FB3-0B46276595FB> /System/Library/Frameworks/OpenGL.framework/Versions/A/OpenGL
       0x230229000 -        0x23022b7af  libCVMSPluginSupport.dylib (23.0.2) <71A6AC3F-04DC-3162-A9AE-F23C96DFC12F> /System/Library/Frameworks/OpenGL.framework/Versions/A/Libraries/libCVMSPluginSupport.dylib
       0x23022c000 -        0x230234757  libGFXShared.dylib (23.0.2) <2C6E8FF8-7511-3A00-9E44-EB882DAD5BE5> /System/Library/Frameworks/OpenGL.framework/Versions/A/Libraries/libGFXShared.dylib
       0x230235000 -        0x2302683c3  libGLImage.dylib (23.0.2) <D4FE1910-DF80-353F-BC43-1DCB6B3FFF48> /System/Library/Frameworks/OpenGL.framework/Versions/A/Libraries/libGLImage.dylib
       0x230269000 -        0x2302a32ff  libGLU.dylib (23.0.2) <35E8E60E-D58E-3529-933E-BA58446471A1> /System/Library/Frameworks/OpenGL.framework/Versions/A/Libraries/libGLU.dylib
       0x2303f8000 -        0x230401bcf  libGL.dylib (23.0.2) <14960E1F-ACFB-34D5-BE67-3222082221F6> /System/Library/Frameworks/OpenGL.framework/Versions/A/Libraries/libGL.dylib
       0x2321b8000 -        0x2322edbff  com.apple.ExtensionFoundation (97 - 97) <45D3C2CD-887C-3A5B-8206-643158B51F13> /System/Library/Frameworks/ExtensionFoundation.framework/Versions/A/ExtensionFoundation
       0x233520000 -        0x23356276f  com.apple.LightweightCodeRequirements (1.0 - 1) <F10DCA1B-50A6-304F-9498-829308A80703> /System/Library/Frameworks/LightweightCodeRequirements.framework/Versions/A/LightweightCodeRequirements
       0x234382000 -        0x2343a017f  com.apple.MPSBenchmarkLoop (1.0 - 1) <02D1C58E-7546-3976-B0C0-8C923793DB82> /System/Library/Frameworks/MetalPerformanceShaders.framework/Versions/A/Frameworks/MPSBenchmarkLoop.framework/Versions/A/MPSBenchmarkLoop
       0x2343a1000 -        0x2343b515f  com.apple.MPSFunctions (1.0 - 1) <B0D335C1-68E0-3F10-A341-CEF08730D07A> /System/Library/Frameworks/MetalPerformanceShaders.framework/Versions/A/Frameworks/MPSFunctions.framework/Versions/A/MPSFunctions
       0x2343b6000 -        0x2343bab9f  com.apple.MPSHost (1.0 - 1) <61CC9FE9-C216-3880-A2D6-880FEE38A016> /System/Library/Frameworks/MetalPerformanceShaders.framework/Versions/A/Frameworks/MPSHost.framework/Versions/A/MPSHost
       0x23a6c0000 -        0x23a82d6a6  com.apple.SwiftData (1.0 - 133) <646A867A-2FCD-3CFE-A325-74BB26E7C67F> /System/Library/Frameworks/SwiftData.framework/Versions/A/SwiftData
       0x240ad4000 -        0x240ae8a5f  com.apple.AppleDeviceQuerySupport (1.0 - 396.80.5) <A9B64CDD-8CA1-33CD-A1F1-913E678FC1C4> /System/Library/PrivateFrameworks/AppleDeviceQuerySupport.framework/Versions/A/AppleDeviceQuerySupport
       0x2411ab000 -        0x241222d7f  com.apple.AppleKeyStore (1.0 - 1.0) <68DB8815-1B01-39DD-9E59-71504C8C6AF9> /System/Library/PrivateFrameworks/AppleKeyStore.framework/Versions/A/AppleKeyStore
       0x241aa2000 -        0x241abaf9f  com.apple.private.AppleMobileFileIntegrity-fmk (1.0 - 1) <83864800-32DC-357E-8706-6130F7DE9BA2> /System/Library/PrivateFrameworks/AppleMobileFileIntegrity.framework/Versions/A/AppleMobileFileIntegrity
       0x241f9d000 -        0x241faf95f  com.apple.AtomicsInternal (1.1.0 - 112) <A2BC743C-1068-3466-816A-CDD1FCCE2079> /System/Library/PrivateFrameworks/AtomicsInternal.framework/Versions/A/AtomicsInternal
       0x24205d000 -        0x2420894df  com.apple.imgaudio.AudioAnalytics (1.0 - 1) <4E90474D-2D10-3331-89C2-BD007CE76462> /System/Library/PrivateFrameworks/AudioAnalytics.framework/Versions/A/AudioAnalytics
       0x242649000 -        0x24269107f  com.apple.BackBoardHIDEventFoundation (1.0 - 1) <0D50AF87-F942-38FE-BB99-5C746A179239> /System/Library/PrivateFrameworks/BackBoardHIDEventFoundation.framework/Versions/A/BackBoardHIDEventFoundation
       0x242716000 -        0x24272fd1f  com.apple.biome.BiomeDSL (1.0 - 200.6) <9E11C390-C8F0-3DF7-BC46-6168209C74E3> /System/Library/PrivateFrameworks/BiomeDSL.framework/Versions/A/BiomeDSL
       0x242730000 -        0x242f77b7f  com.apple.BiomeLibrary (246.32) <DF416BD3-77A9-3134-87B6-D1F5B8C8F377> /System/Library/PrivateFrameworks/BiomeLibrary.framework/Versions/A/BiomeLibrary
       0x242f78000 -        0x242f7db1f  com.apple.biome.BiomeSync (1.0 - 200.6) <A5DA86A9-02A2-3464-BF87-1B1BC5436DD6> /System/Library/PrivateFrameworks/BiomeSync.framework/Versions/A/BiomeSync
       0x244589000 -        0x24460d47f  com.apple.biome.CascadeSets (1.0 - 200.6) <48B948F4-D6FE-32D4-9715-7442F098E1C9> /System/Library/PrivateFrameworks/CascadeSets.framework/Versions/A/CascadeSets
       0x24594a000 -        0x245a86b9f  com.apple.CollectionsInternal (1.2.0 - 112) <BB509319-66C5-3E9A-8055-3985A745E74D> /System/Library/PrivateFrameworks/CollectionsInternal.framework/Versions/A/CollectionsInternal
       0x24bedd000 -        0x24bef22df  com.apple.DeviceRecovery (1.0 - 1) <C1AC367C-FEA1-3AB2-A3C5-B9CD5BCCB882> /System/Library/PrivateFrameworks/DeviceRecovery.framework/Versions/A/DeviceRecovery
       0x24dff0000 -        0x24dff32ff  com.apple.FontServices (1.0 - 1) <20DF125E-B14E-3CD9-85A7-2A247DFCA37E> /System/Library/PrivateFrameworks/FontServices.framework/Versions/A/FontServices
       0x24dff4000 -        0x24e0e3dff  libXTFontStaticRegistryData.dylib (335.3.0.1) <65512F61-6F82-3210-ACF2-2400FA078DE9> /System/Library/PrivateFrameworks/FontServices.framework/libXTFontStaticRegistryData.dylib
       0x24e0e5000 -        0x24e0f113f  com.apple.FramePacing (1.0 - 1) <B4D9E492-938B-38B2-BD07-81E5D50CE3FC> /System/Library/PrivateFrameworks/FramePacing.framework/Versions/A/FramePacing
       0x24f226000 -        0x24f22bf8f  libGPUCompilerUtils.dylib (32023.864) <091B86A2-9012-3E63-947A-3288F3FEEE9C> /System/Library/PrivateFrameworks/GPUCompiler.framework/Versions/32023/Libraries/libGPUCompilerUtils.dylib
       0x2537d9000 -        0x253819c6b  libllvm-flatbuffers.dylib (32023.864) <C72364A7-F7BF-3DCF-85B5-CD80A5328082> /System/Library/PrivateFrameworks/GPUCompiler.framework/Versions/32023/Libraries/libllvm-flatbuffers.dylib
       0x25a91a000 -        0x25aa1401f  com.apple.InstalledContentLibrary (1.0 - 1.0) <93078811-3A2B-3026-AD78-DB392877C3B3> /System/Library/PrivateFrameworks/InstalledContentLibrary.framework/Versions/A/InstalledContentLibrary
       0x25cffb000 -        0x25d68a57f  com.apple.IntelligencePlatformLibrary (246.32) <E59C7007-71F8-3E92-B501-2869D8ADD92A> /System/Library/PrivateFrameworks/IntelligencePlatformLibrary.framework/Versions/A/IntelligencePlatformLibrary
       0x25f122000 -        0x25f7ec783  com.apple.MIL (3510.2 - 3510.2.1) <82B4A9C6-FBC0-39F0-A80A-8D3C852F75FE> /System/Library/PrivateFrameworks/MIL.framework/Versions/A/MIL
       0x26299b000 -        0x2629f0abf  com.apple.MessageSecurity (1.0 - 195.80.13) <52BC59EA-91F0-3F96-8532-111ABB30B2D0> /System/Library/PrivateFrameworks/MessageSecurity.framework/Versions/A/MessageSecurity
       0x267858000 -        0x267971227  com.apple.ParsingInternal (0.0.1 - 112) <75C94AB2-C1A1-3640-A6C6-F37825F8D94D> /System/Library/PrivateFrameworks/ParsingInternal.framework/Versions/A/ParsingInternal
       0x26aa20000 -        0x26aa4055f  com.apple.accessibility.PhotosensitivityProcessing (1.0 - 1) <ED0A0B95-C0C0-3C80-A789-AD2C33E53E38> /System/Library/PrivateFrameworks/PhotosensitivityProcessing.framework/Versions/A/PhotosensitivityProcessing
       0x26ae03000 -        0x26ae33e1f  com.apple.PoirotSQLite (1.0 - 1) <527B667D-4BD8-3892-9C8B-46CC76255479> /System/Library/PrivateFrameworks/PoirotSQLite.framework/Versions/A/PoirotSQLite
       0x26ae34000 -        0x26ae9dd01  com.apple.PoirotSchematizer (1.0 - 1) <242B9C9B-A35D-3F88-B904-8A14946C4E6F> /System/Library/PrivateFrameworks/PoirotSchematizer.framework/Versions/A/PoirotSchematizer
       0x26ae9e000 -        0x26aeca120  com.apple.PoirotUDFs (1.0 - 1) <B4EF3FA0-5438-3B43-A150-B00620E06AC7> /System/Library/PrivateFrameworks/PoirotUDFs.framework/Versions/A/PoirotUDFs
       0x26bb35000 -        0x26bc7a9bf  com.apple.ProDisplayLibrary (10.4.27 - 10.4.27) <ADA26C22-CAA5-3775-845E-8E4801A59D12> /System/Library/PrivateFrameworks/ProDisplayLibrary.framework/Versions/A/ProDisplayLibrary
       0x26cac9000 -        0x26cad150f  com.apple.ReflectionInternal (1.0.0 - 112) <0994D500-6C5E-3043-BEF9-62112BC8E9FA> /System/Library/PrivateFrameworks/ReflectionInternal.framework/Versions/A/ReflectionInternal
       0x26d955000 -        0x26d968c77  com.apple.RuntimeInternal (1.0.0 - 112) <499C3BA4-61D1-385D-ACCE-55CE192DA093> /System/Library/PrivateFrameworks/RuntimeInternal.framework/Versions/A/RuntimeInternal
       0x26db8e000 -        0x26dbf897f  com.apple.SILManager (53.15 - 53.15) <826C163D-5FBC-3EF6-8246-D8AA4DE83F33> /System/Library/PrivateFrameworks/SILManager.framework/Versions/A/SILManager
       0x278401000 -        0x27842dd87  com.apple.security.SwiftASN1Internal (1.0 - 1) <0E6E79DC-D0A7-32D1-BC70-6ADA8509EC6D> /System/Library/PrivateFrameworks/SwiftASN1Internal.framework/Versions/A/SwiftASN1Internal
       0x27b9dc000 -        0x27ba113bf  com.apple.tightbeam (1.0 - 483.60.5) <898213AF-E560-3564-8177-E41E57BF7AD0> /System/Library/PrivateFrameworks/Tightbeam.framework/Versions/A/Tightbeam
       0x27fbfb000 -        0x27fbfc257  com.apple.VideoToolboxParavirtualizationSupport (63.4.3 - 63.4.3) <9F8B337B-B84D-3B6D-A5E7-57B632725768> /System/Library/PrivateFrameworks/VideoToolboxParavirtualizationSupport.framework/Versions/A/VideoToolboxParavirtualizationSupport
       0x289c15000 -        0x289caf06f  libAppleArchive.dylib (443.0.1) <2AE223D5-2CCB-3F4D-AC4C-CDAEC45C56C0> /usr/lib/libAppleArchive.dylib
       0x289d74000 -        0x289d7e0df  libCoreEntitlements.dylib (80.0.1) <AC5E67FC-A07B-3C78-8D0C-BC9F01CA59A0> /usr/lib/libCoreEntitlements.dylib
       0x28a089000 -        0x28a09089f  libReverseProxyDevice.dylib (104.40.3) <78AB176E-149F-3895-8C85-6FB80F8AD1A5> /usr/lib/libReverseProxyDevice.dylib
       0x28a091000 -        0x28a098319  libRosetta.dylib (367.3) <5315C55D-09E5-394B-A9E5-672B23847BF7> /usr/lib/libRosetta.dylib
       0x28a116000 -        0x28a11f45f  libTLE.dylib (80.0.1) <24503359-C4C3-31C4-B875-7FF5B265D45F> /usr/lib/libTLE.dylib
       0x28a34f000 -        0x28a45f6e7  libcrypto.46.dylib (109) <B45F9D52-2FC2-3A8B-AAE8-F01C8A6A2AC3> /usr/lib/libcrypto.46.dylib
       0x28a599000 -        0x28a5b4497  libhvf.dylib (9) <A4449D9B-9541-3D75-9719-2F1584ED9DE7> /usr/lib/libhvf.dylib
       0x28af6f000 -        0x28afa729f  libssl.48.dylib (109) <4EE2560A-CEAB-3A03-9ABC-F01830B3757D> /usr/lib/libssl.48.dylib
       0x28afe2000 -        0x28b00d2ff  libswiftPrespecialized.dylib (0) <E2989747-CF1D-34D5-B527-C2CE0F05241F> /usr/lib/libswiftPrespecialized.dylib
       0x28b2a9000 -        0x28b2bb4ef  libswiftDistributed.dylib (6.2.4 - 6.2.4.1.4) <CDF06E7B-4428-392C-83E3-D30169FEF489> /usr/lib/swift/libswiftDistributed.dylib
       0x28b2d2000 -        0x28b2e3097  libswiftObservation.dylib (6.2.4 - 6.2.4.1.4) <02960C1F-8598-38EA-A669-1908D80A4814> /usr/lib/swift/libswiftObservation.dylib
       0x28b411000 -        0x28b41882f  libswiftSynchronization.dylib (6.2.4 - 6.2.4.1.4) <F39C66C7-F334-370C-BE5B-5376D3CF61AA> /usr/lib/swift/libswiftSynchronization.dylib
       0x28b419000 -        0x28b431f67  libswiftSystem.dylib (72.2) <E6B54113-12C7-3250-A299-C29A601F7C67> /usr/lib/swift/libswiftSystem.dylib
       0x28b433000 -        0x28b449a21  libswiftVideoToolbox.dylib (3300.7.1.5.1) <A410B093-AEAB-3A80-8C27-AA420B01628A> /usr/lib/swift/libswiftVideoToolbox.dylib
       0x28b44b000 -        0x28b44d517  libswift_Builtin_float.dylib (6.2.4 - 6.2.4.1.4) <A57D5CE9-7BEF-3715-8DA8-67B9C1C3797D> /usr/lib/swift/libswift_Builtin_float.dylib
       0x28b44e000 -        0x28b4d771f  libswift_Concurrency.dylib (6.2.4 - 6.2.4.1.4) <9910770A-7FB2-36CC-8370-971A86578FD7> /usr/lib/swift/libswift_Concurrency.dylib
       0x28b4d8000 -        0x28b4db623  libswift_DarwinFoundation1.dylib (347.40.2) <75F15389-99C8-3500-BCAD-7C1115346F89> /usr/lib/swift/libswift_DarwinFoundation1.dylib
       0x28b4dc000 -        0x28b4dce1b  libswift_DarwinFoundation2.dylib (347.40.2) <DB1180C0-FBA6-34DF-92F7-D47882293C4F> /usr/lib/swift/libswift_DarwinFoundation2.dylib
       0x28b4dd000 -        0x28b4dd7a7  libswift_DarwinFoundation3.dylib (347.40.2) <572CF0F8-D9D3-30B5-914B-66459028E86D> /usr/lib/swift/libswift_DarwinFoundation3.dylib
       0x28b519000 -        0x28b5b8e07  libswift_RegexParser.dylib (6.2.4 - 6.2.4.1.4) <54D9763D-C016-3166-84EE-5A8453840BE7> /usr/lib/swift/libswift_RegexParser.dylib
       0x28b5b9000 -        0x28b645ef7  libswift_StringProcessing.dylib (6.2.4 - 6.2.4.1.4) <9EE92499-A59D-3C6D-8755-5AEE651DC7DC> /usr/lib/swift/libswift_StringProcessing.dylib
       0x28b7a1000 -        0x28b7a4deb  libsystem_darwindirectory.dylib (122) <9AD833C7-D009-39FF-8D04-D57C937D9EAC> /usr/lib/system/libsystem_darwindirectory.dylib
       0x28b7a5000 -        0x28b7ae34b  libsystem_eligibility.dylib (289.80.56) <0E973CB5-A124-3716-9841-1EA67809AF06> /usr/lib/system/libsystem_eligibility.dylib
       0x28b7af000 -        0x28b7b6873  libsystem_sanitizers.dylib (25) <90C45178-3954-3108-9F2F-44E528DF5E44> /usr/lib/system/libsystem_sanitizers.dylib
       0x28b7b7000 -        0x28b7b7bb7  libsystem_trial.dylib (474.2.0.5.2) <E776BAEB-B36B-3EA2-BEFE-3E2F7999E235> /usr/lib/system/libsystem_trial.dylib

==== process tree ====
15549     1 S    /Users/x/dd/dd/scratch-erl/ddjit-fix --rootfs /Users/x/dd/dd/scratch-erl/rootfs /bin/sh -c export PATH=/usr/local/bin:/usr/bin:/bin; erl -noshell -eval "os:cmd(\"true\"), os:cmd(\"echo hi\"), io:format(\"FORKOK~n\"), halt()."
15552 15549 Rs   /Users/x/dd/dd/scratch-erl/ddjit-fix --rootfs /Users/x/dd/dd/scratch-erl/rootfs /bin/sh -c export PATH=/usr/local/bin:/usr/bin:/bin; erl -noshell -eval "os:cmd(\"true\"), os:cmd(\"echo hi\"), io:format(\"FORKOK~n\"), halt()."
15655 15632 S    /Users/x/dd/dd/scratch-erl/ddjit-fix --rootfs /Users/x/dd/dd/scratch-erl/rootfs /bin/sh -c export PATH=/usr/local/bin:/usr/bin:/bin; erl -noshell -eval "os:cmd(\"true\"), os:cmd(\"echo hi\"), io:format(\"FORKOK~n\"), halt()."
15659 15655 S    /Users/x/dd/dd/scratch-erl/ddjit-fix --rootfs /Users/x/dd/dd/scratch-erl/rootfs /bin/sh -c export PATH=/usr/local/bin:/usr/bin:/bin; erl -noshell -eval "os:cmd(\"true\"), os:cmd(\"echo hi\"), io:format(\"FORKOK~n\"), halt()."
15662 15659 Rs   /Users/x/dd/dd/scratch-erl/ddjit-fix --rootfs /Users/x/dd/dd/scratch-erl/rootfs /bin/sh -c export PATH=/usr/local/bin:/usr/bin:/bin; erl -noshell -eval "os:cmd(\"true\"), os:cmd(\"echo hi\"), io:format(\"FORKOK~n\"), halt()."
15745 15632 S    grep -E ddjit-fix|beam|erl_child|[e]rl 
CAPTURED try 2
DONE
